idClient,gender,nearLocation,partner,promoFriends,phone,contractPeriod,groupVisits,age,avgAdditionalChargesTotal,monthToEndContract,lifetime,avgClassFrequencyTotal,avgClassFrequencyCurrentMonth,churn
1,1,1,1,1,0,6,1,29,14.227470422861144,5,3,0.0203979476208577,0.0,0
2,0,1,0,0,1,12,1,31,113.2029376510582,12,7,1.9229360550418195,1.9102435215196407,0
3,0,1,1,0,1,1,0,28,129.44847933200614,1,2,1.8590983473832376,1.7365018916344137,0
4,0,1,1,1,1,12,1,33,62.66986319123829,12,2,3.2056327682385,3.3572145130526616,0
5,1,1,1,1,1,1,0,26,198.36226543903683,1,3,1.1138844004257795,1.120078107422207,0
6,1,1,0,0,1,1,1,34,424.07081667113033,1,3,2.6234768072839807,2.6370069647681804,0
7,1,1,1,1,0,6,1,32,94.2663885148517,6,2,1.138941228411322,1.2772416305372298,0
8,0,1,0,0,1,1,0,30,217.78664105008903,1,0,1.2135019626583017,1.0493871451868677,1
9,1,1,1,1,1,1,1,23,45.40990920299768,1,1,1.106238932529013,1.059332976736446,0
10,0,1,0,0,1,1,0,31,65.31083634086433,1,11,1.81085190458252,1.9513676552017305,0
11,0,1,0,0,0,6,1,32,229.70894524511127,6,3,1.6411796616862384,1.36771396663351,0
12,1,1,1,0,1,1,0,27,266.7838237446521,1,2,2.3485353357599856,1.5843158272716689,1
13,0,1,1,1,1,1,1,33,148.41805281528684,1,4,3.3686057499800075,3.3918531715752978,0
14,1,1,0,0,1,1,1,27,152.74866849929762,1,1,0.0,0.0,1
15,0,1,0,0,1,6,0,35,209.8881331905138,3,8,1.978083818026388,2.117349155762039,0
16,0,1,1,1,1,12,0,29,101.37260415417305,10,4,2.850402196472184,2.836455259119332,0
17,0,1,1,1,1,1,1,31,11.975295259522357,1,0,3.3422611433294565,3.2062232230844008,0
18,0,1,0,1,1,6,1,29,92.78741424476028,5,1,0.6644824749922384,0.6099452944797018,0
19,0,1,0,0,1,1,1,30,97.80431525583174,1,8,1.50707557553785,1.5787380483152962,0
20,1,1,1,1,1,12,1,29,73.91754594762952,11,11,1.1413270096198054,1.1584545301683429,0
21,1,1,0,0,1,6,1,29,338.5968593027536,6,1,3.5635989884526174,3.479553072853101,0
22,0,0,0,0,1,1,0,30,153.19859377822274,1,3,0.6363818009615023,0.0,1
23,1,1,0,0,1,12,1,29,100.15813043665086,12,1,3.899715123776592,3.709854878880804,0
24,1,1,0,0,1,1,1,32,276.0798821905471,1,1,1.4206371562255409,1.0431012098788572,1
25,0,1,0,1,0,6,0,27,179.55545728024344,6,6,3.393160619358797,3.2825153464860963,0
26,0,0,0,0,1,1,0,29,57.73000650327499,1,0,1.491187497274369,1.2468065037921203,1
27,0,1,1,0,1,6,0,29,167.87521108842424,6,5,3.311349561669348,3.2434118858397034,0
28,1,1,0,1,1,6,0,27,31.805389694141468,6,3,0.8242833135958354,0.7957610492318434,0
29,0,1,0,0,1,1,0,28,242.36650054262452,1,11,1.4594094470402328,1.3203716289772194,0
30,0,1,1,1,1,6,1,27,159.1489236862274,5,3,3.5115681790970164,3.528885687703054,0
31,0,1,1,0,1,1,1,32,44.67250817468889,1,1,1.7716919792557118,1.6878719123797667,0
32,0,1,0,0,1,12,1,32,87.85613947441288,12,1,0.0,0.0,0
33,0,1,0,0,1,12,0,32,131.114586424149,12,3,2.374935353569161,2.2650888942452982,0
34,0,1,1,1,1,12,0,29,208.9807514639272,12,11,3.0835027485045474,3.137978891402041,0
35,0,1,0,0,1,6,0,26,243.51068017558129,5,4,1.6950063019979729,1.6781187218678733,0
36,0,1,0,0,1,12,1,33,188.59086256820493,12,11,0.5611384840428737,0.5659106205423078,0
37,0,1,0,0,0,1,0,34,65.74274262265584,1,1,1.0699892680002354,1.0519945422537709,0
38,1,1,0,0,1,1,1,32,14.25472125783996,1,11,3.3723138038385403,3.3157149345500736,0
39,1,1,1,1,1,12,1,25,179.03883962297508,12,11,1.7949385766908976,1.716777789644885,0
40,1,1,0,1,0,6,1,35,233.2395478031676,6,0,1.270751504397165,1.2065910354788194,0
41,0,1,1,1,1,12,0,33,5.135184497156928,12,5,2.9452379650144063,3.008917866863644,0
42,0,1,1,1,0,1,0,25,161.60734904259368,1,1,0.8789498475034133,0.0092440811667241,1
43,0,1,0,0,1,12,0,36,108.90944277802252,12,1,2.046309893657255,2.0797042598139592,0
44,0,1,1,1,0,1,1,30,261.7131880951677,1,4,3.863329318623784,3.8082617008204727,0
45,1,1,1,0,1,12,0,29,332.4890410547644,9,4,3.0714307544217,3.112817956184608,0
46,1,1,1,0,1,6,0,29,139.34952378010922,6,8,1.391037096478528,1.3544371854288566,0
47,1,1,0,0,1,1,0,26,54.18423621080765,1,0,0.8540792567085165,0.0,1
48,1,1,1,1,1,6,0,33,115.0991177252774,6,3,3.373237583328313,3.3783911776787003,0
49,1,1,0,1,1,1,1,25,152.95423818790002,1,11,2.915044970361457,2.8685849547070923,0
50,0,1,0,0,1,6,0,27,272.99718088898123,6,11,2.288928344890015,2.2043292947378545,0
51,1,1,0,0,1,1,0,33,204.2615056608934,1,6,1.8025185415587104,1.7216235470768095,0
52,1,0,1,0,1,1,0,29,373.066503119564,1,0,1.6858228409402505,1.6617420771398794,0
53,1,1,0,1,1,1,1,30,252.9156830285072,1,1,1.491547003063834,1.0592608497344491,1
54,0,1,0,0,1,6,1,24,1.754737156770652,4,6,3.0056564705977453,2.9871328008335536,0
55,0,1,0,0,1,12,1,23,34.972072319098174,11,3,0.0294275662078662,0.2131890921930141,0
56,0,1,1,1,0,1,0,30,194.6691783286323,1,4,1.8930153973176576,1.9009430377531884,0
57,1,1,0,0,1,6,1,30,134.4978468662896,6,2,1.6869872332841584,1.7088797675468983,0
58,0,1,0,0,1,6,1,27,236.9158278764984,6,0,0.9964930166420368,0.0,1
59,1,1,1,1,1,6,0,28,115.77487796084124,6,2,0.6335916085168876,0.7550997925776941,0
60,1,1,1,1,1,1,0,34,166.862754236209,1,10,0.0,0.0,0
61,0,1,1,0,1,1,1,28,262.30956844586706,1,2,1.0266105076125682,0.9604870154524944,1
62,0,1,1,0,1,6,0,32,55.77441782254436,5,6,0.8135614904122801,0.8746773672175823,0
63,0,1,1,1,0,6,0,34,72.64111198794714,6,2,0.0,0.0,0
64,1,1,0,0,1,1,0,28,42.16080904270572,1,1,0.4250114097298257,0.6052465413331591,1
65,0,1,1,0,1,6,0,30,95.37852877345216,6,2,2.9173741573753875,2.968503817781418,0
66,1,1,1,1,1,1,1,31,163.9731019398782,1,6,1.4245181139541172,1.0359563100429756,0
67,0,1,0,0,1,1,0,28,35.110895275635045,1,1,1.704473441832295,0.8869797239670347,1
68,1,1,0,0,1,1,1,30,414.5433842898426,1,3,2.8483272840904283,2.8631626362637617,0
69,0,1,0,0,1,1,0,27,152.06524646464462,1,1,1.0757009693441617,1.5809020013086426,1
70,1,1,0,0,1,6,0,27,122.33561541666757,6,7,2.399736098485752,2.3397980647546905,0
71,1,1,1,0,0,1,0,27,228.0719505992239,1,0,1.7193771214690177,1.340513652956493,1
72,0,1,1,1,1,12,0,26,174.97805438258493,11,0,1.0616442534670267,1.0272294821392989,0
73,1,1,1,1,1,6,0,29,134.56411185989518,5,0,1.7258345652501248,0.8948147737986513,1
74,0,1,0,0,1,1,0,24,31.340568586282807,1,1,0.4650452286466966,0.0,1
75,1,1,0,0,1,1,0,24,215.40890983725217,1,2,1.7821071683054306,2.1269777129187504,1
76,1,0,0,0,1,1,0,30,8.39841697871205,1,2,1.851313434533592,1.3633300281609189,1
77,1,0,0,0,1,1,1,30,249.5130881367792,1,2,0.8754402522144942,1.002298541581715,0
78,1,1,0,0,1,1,0,32,241.08037796680668,1,5,3.824978830624872,4.1000039575190055,0
79,0,1,1,0,1,6,1,30,68.78617060962523,6,4,1.5220966434730856,1.6244360306453711,0
80,0,0,0,0,1,1,0,25,277.7136524685851,1,11,3.4116349557496166,3.3417801704179326,0
81,1,1,1,0,1,1,1,28,132.144631872878,1,1,3.7154929789970073,3.907798981498432,0
82,1,1,1,1,1,6,1,26,73.17954865693335,6,7,0.6317305922219072,0.7020948185059079,0
83,0,1,0,1,1,1,0,24,83.65564541127117,1,0,0.2689192695010907,0.1026489785077283,1
84,1,1,0,0,1,1,0,23,27.72516717934969,1,1,1.7405804733781518,1.1353422739039891,1
85,0,1,1,1,1,6,1,28,287.83547410585294,5,5,2.946074825900828,2.9358866076199304,0
86,1,1,1,1,1,1,0,25,34.33285789841679,1,3,0.1187338755972613,0.0,1
87,1,1,1,0,1,12,1,30,251.4285935907357,11,4,1.17374771802435,1.297812288876334,0
88,0,1,0,0,1,6,0,28,32.93942560366577,6,4,2.2465993825465067,2.3200048335825336,0
89,0,1,0,0,1,1,0,26,123.69663367051903,1,0,2.370527312090504,2.6467698174213514,1
90,1,0,1,0,1,1,0,27,22.33167910602752,1,5,0.47477651870494,0.5025592116201367,0
91,1,1,1,0,1,12,1,26,28.737502094361183,10,4,1.4940636354312635,1.3973639760045613,0
92,1,0,0,0,0,1,0,28,168.77758597340758,1,6,2.191897557124226,2.1428509911826383,0
93,0,1,1,0,1,1,0,28,340.3376306136844,1,3,3.774787369574622,3.7568045419689895,0
94,0,1,1,1,1,1,0,31,6.075928811888389,1,1,2.484539409878816,1.380961289930868,1
95,0,1,0,0,1,6,1,21,232.9395501524931,5,0,2.1754577652294564,1.3714960723553764,1
96,1,1,0,0,1,6,0,25,101.70260431483764,5,0,0.6698056577616651,0.363487178436626,1
97,1,1,1,0,1,6,0,30,179.12385201927108,6,3,2.9386727290689536,2.878774224056152,0
98,1,1,1,1,1,6,1,31,23.30183743832832,6,6,1.0401576639009331,0.9848822199189222,0
99,1,1,0,0,1,1,0,26,125.38696288946257,1,0,1.3809212509032245,0.2700311708744477,1
100,1,1,0,0,1,1,0,26,31.121602708977328,1,3,1.7469905991082242,1.0234742455518258,1
101,1,1,0,0,1,1,1,25,51.29686857062286,1,1,2.403919209995124,1.7781083831303015,1
102,0,1,0,0,1,1,0,29,83.36584987362376,1,0,1.0469816970769954,0.4700144165664834,1
103,0,1,1,1,1,1,0,33,16.749150128407233,1,1,2.9117440133190686,2.944011414458372,0
104,0,1,1,0,1,1,0,26,146.34070104575625,1,2,1.2115879578486268,0.9747216937180944,1
105,0,1,0,0,1,12,0,31,29.41397013659436,12,11,1.4514353286809352,1.4390183528850824,0
106,1,0,0,0,1,1,1,23,181.45971578175823,1,1,1.9281692678050049,1.5317336965826966,1
107,1,1,0,0,1,1,0,28,241.9959185318043,1,2,1.0152798205075948,1.067772138388974,0
108,0,1,1,1,1,12,1,34,114.96079547186244,9,1,2.6427719703469594,2.492826314363076,0
109,0,0,0,0,1,1,1,30,167.04449971423398,1,7,2.344395260080297,2.4936257662312507,0
110,0,1,1,1,1,12,1,29,59.803126535668106,12,6,2.275885466533244,2.531185530426696,0
111,0,1,0,0,1,12,1,27,234.7699295124091,11,4,4.56888321649385,4.831336242550881,0
112,1,1,0,0,0,1,1,25,251.4583500319224,1,2,0.9557186352995468,0.3658752226727858,1
113,0,1,1,1,1,6,0,29,88.90794258372078,6,1,3.272647095890072,3.4071510162640744,0
114,1,1,1,1,1,12,1,29,205.4779368486628,12,9,2.745098447042129,2.733828018761546,0
115,0,1,1,1,1,12,1,32,258.6483831413877,12,2,0.9275427880054106,0.9283259966866128,0
116,1,1,1,0,1,1,0,31,191.38688101892745,1,2,1.818105337256105,1.822569193691037,0
117,1,1,1,1,1,6,0,33,131.59350534816556,4,2,1.6917685839133416,1.5514089576137582,0
118,0,0,0,0,1,1,0,23,59.16390792720026,1,0,0.5569303101938249,0.7016431375555228,1
119,1,0,0,0,1,1,0,32,301.6247074768349,1,3,1.208335701472376,0.6964942377807813,1
120,0,1,0,0,1,1,0,30,114.79801858351584,1,2,0.9923117660496328,0.6454407141065595,1
121,1,0,1,0,1,1,0,31,235.0992659938536,1,1,0.9738344685858789,0.5502849081008999,1
122,0,1,1,1,1,1,0,25,254.79803358463136,1,1,0.4582555774679724,0.4465616442972493,0
123,1,1,0,0,1,12,1,32,231.3415397907338,10,2,2.3034199553453902,2.2840959269452235,0
124,0,0,0,0,1,6,0,29,138.79924403742478,6,0,1.8729408918779231,2.0129160654935427,1
125,1,0,1,0,1,1,1,28,162.55456456434447,1,1,1.11028845707887,1.1744855327659098,0
126,1,1,0,0,1,1,1,34,7.540132676980518,1,10,2.171613310156107,2.057809662003997,0
127,1,0,1,0,1,1,0,33,85.16550229006472,1,2,1.1623865758546,1.1713054369691651,0
128,0,0,0,0,0,1,0,25,59.880380930851686,1,0,1.4034844635468628,2.463702782900136,1
129,1,0,1,0,1,6,0,29,291.7312753504424,5,0,0.0,0.0,1
130,0,1,0,0,1,12,1,28,5.865051308080439,9,7,1.3528004355223553,1.316758784003043,0
131,1,1,1,1,1,12,0,28,243.8207002866404,12,4,0.9152334018950924,0.8502862985811935,0
132,1,1,1,1,0,1,0,32,161.47406989868878,1,0,1.7009807840654572,1.3408570516149736,1
133,0,1,0,0,1,6,0,34,184.6931236973552,6,7,1.52040715790207,1.5413463311071198,0
134,0,1,0,0,1,6,1,27,227.86063342991784,6,4,2.515823611144828,2.504537284981847,0
135,1,1,0,0,0,1,0,26,73.70488062420708,1,6,0.7706409023809214,0.4472650318654215,1
136,1,0,0,0,1,1,0,33,262.71747286475966,1,9,3.46336356743842,3.5978630478792324,0
137,1,1,0,0,1,1,0,32,96.91721282537708,1,2,1.0249496800378504,0.90651711898179,1
138,0,1,0,0,1,1,0,28,226.23141041910444,1,6,0.4852549953585394,0.398128545468232,0
139,0,1,1,1,1,12,0,29,10.804310442202306,12,2,1.5870116110503345,1.5952250029862822,0
140,1,1,1,1,1,12,1,35,161.989847247568,12,4,2.586389240078054,2.66129491918179,0
141,0,1,0,0,1,1,0,25,322.65654787308245,1,3,2.0866801872970435,2.207409810641474,0
142,1,1,0,0,1,6,1,30,172.19943740262332,6,3,2.0573506141918423,2.026214820457785,0
143,1,0,1,0,0,12,0,29,89.65779449812035,12,1,3.5215020511386634,3.3681368682113098,0
144,1,1,1,0,1,12,1,37,194.23515075203585,12,5,1.208614381367461,1.2140854655564786,0
145,1,1,0,0,1,1,0,36,79.29361848882044,1,11,1.604291845573584,1.645825408314718,0
146,0,0,1,0,1,1,0,22,66.70614985018169,1,3,1.8532676680184168,2.07571927954018,1
147,1,1,0,0,1,1,0,32,154.3411191967422,1,0,2.015868105616156,0.8723748441188264,1
148,1,0,0,0,1,6,0,32,264.7647420446215,6,2,0.0535194304314057,0.0333105298965583,0
149,0,0,1,0,1,6,0,30,208.80618511574767,6,3,3.0416046203876617,3.110076817789317,0
150,1,1,1,1,1,1,1,29,175.52462363115475,1,5,1.019021745821728,1.017565050274968,0
151,0,1,1,1,1,12,0,30,157.44673126842932,11,1,2.076114091220589,2.099662224144163,0
152,1,1,0,0,1,12,0,28,416.7071747042405,7,6,3.486852743640963,3.5904443382122504,0
153,1,1,1,1,1,12,1,32,207.524673359496,9,1,0.0739321443548739,0.0541583722520256,0
154,1,1,0,0,1,1,0,31,329.54612276586613,1,1,2.6572141694696194,2.7075474106192594,0
155,0,1,1,1,0,1,1,26,142.5417175113823,1,0,1.0152820552008746,0.5796092319974153,1
156,1,1,0,0,1,12,1,30,77.06225564547923,11,3,1.6990115564979946,1.7535809768468986,0
157,0,1,1,1,1,6,0,26,54.69421089191693,6,9,2.531159142810844,2.4468416890583,0
158,1,1,1,1,1,12,1,26,9.423026461182417,7,6,1.9550516008299943,2.0725866215365936,0
159,0,1,0,0,1,1,0,29,34.99031404544924,1,0,0.7213526713929127,0.9312736978082226,1
160,1,1,1,0,1,1,1,30,255.54778169154147,1,11,4.079398614423472,4.084065021594674,0
161,1,0,0,0,1,1,0,22,214.4186736614924,1,1,1.0323862384405966,0.8683406273709459,1
162,0,1,1,1,1,1,0,23,174.8732368744856,1,0,2.331755076778549,2.6025437349470897,1
163,1,0,0,0,1,1,0,31,104.68044618332502,1,1,1.952119241329041,2.080270202754129,1
164,1,1,0,0,1,1,1,32,72.80895435796623,1,5,0.6722669057848236,0.5775865817477115,0
165,0,1,1,1,1,6,0,34,75.04623523493058,5,5,1.4324635058331654,1.5107794637226473,0
166,1,1,0,1,1,1,1,31,122.05642080994387,1,0,1.8283412546372035,1.9772811626470967,0
167,0,1,0,0,1,6,0,29,143.13548853575756,5,4,0.0,0.0,0
168,1,1,1,1,1,1,1,27,229.4853857224899,1,0,0.6065449978443745,0.0,1
169,1,1,1,0,0,1,0,26,24.50648027433324,1,5,0.8102000549814791,0.0497668866403027,1
170,1,1,0,0,1,1,0,29,285.17118890712527,1,11,1.516261151446047,1.6721829423104977,0
171,0,1,1,0,1,1,1,29,299.26475178182426,1,4,2.1702874369350704,1.9844704055936744,0
172,1,1,0,1,1,12,1,29,149.51840020494063,8,6,2.9694612881720084,3.1500103598951417,0
173,1,1,0,0,1,1,0,35,126.58892173093165,1,8,2.4583830697916387,2.3672572536040977,0
174,0,1,0,0,1,1,1,29,170.71720745157273,1,0,1.5716664146411283,1.2639436137830606,1
175,0,1,0,0,1,1,0,27,243.44782695321555,1,1,2.3185582772767623,2.264364269376285,1
176,1,1,1,1,1,12,1,30,60.24556867198161,12,6,1.7772428455382498,1.7590833083597843,0
177,0,1,1,1,1,12,0,31,327.58812027967014,7,3,0.6749528874249242,0.7409735444788941,0
178,1,1,0,1,1,1,1,27,118.34535811686888,1,2,3.411260015847032,3.3242377416434272,0
179,1,1,0,1,1,1,1,29,95.66155841984995,1,1,2.1792498562703746,0.942721860001219,1
180,1,1,0,0,1,1,0,31,83.26797896668923,1,0,1.7077265634781928,1.653354340711663,0
181,0,1,1,0,1,12,0,30,357.0469424513923,11,4,4.0986080913904015,4.057948137185618,0
182,0,1,0,0,1,1,0,33,32.28790186479418,1,4,0.9473553934762664,0.9472708747130264,0
183,0,0,0,0,1,1,0,28,56.183114648977785,1,3,2.8965154092694085,2.9748115043408827,0
184,1,1,0,0,1,1,0,33,68.50358197916258,1,6,2.6119538987891664,2.6695651601506007,0
185,0,0,0,0,1,1,0,30,218.8931159949425,1,0,3.6211326290202015,3.4490663273308617,0
186,1,0,1,0,1,12,1,29,73.06104519177603,8,2,1.6702396738740806,1.7759602350858017,0
187,1,1,0,0,1,1,0,32,39.93783767837607,1,4,4.256038926416903,4.21491409810838,0
188,0,1,1,1,1,6,1,27,292.2286091189424,4,0,1.0475612692919922,1.0876698446313209,0
189,0,1,0,0,0,12,0,27,327.35373070151667,12,7,2.1881615400787786,2.0294190967400345,0
190,0,1,0,0,1,1,0,30,186.37195901184225,1,1,2.427950899858006,2.4844671916377186,0
191,0,1,0,0,1,1,0,29,121.46156881946504,1,1,1.0939076759678754,0.6093480449772486,1
192,0,1,1,0,1,1,0,26,231.1658885452937,1,4,0.6437481074940188,0.8713148362326104,0
193,1,1,1,0,1,12,0,30,174.43058712331646,11,9,1.696863335086217,1.6012410500461938,0
194,0,0,1,0,0,6,0,33,53.124270062825616,5,0,2.993532299480022,2.910933669513476,0
195,1,0,1,1,1,12,0,29,171.7258460743299,12,9,2.6694114034494203,2.7910690859003227,0
196,0,1,0,0,0,1,0,29,241.7016740555345,1,4,1.690379651877285,1.5950648887526482,0
197,1,1,1,1,1,12,1,33,235.6397654490464,9,6,1.5385059691761862,1.6177014901365927,0
198,1,1,0,0,1,1,0,27,184.1724486788892,1,2,1.3818421474264058,1.5885763663507633,1
199,0,1,1,1,1,12,1,27,111.26584600918886,12,5,0.7928850952572946,0.8763967341105697,0
200,0,1,0,0,1,1,0,32,230.0573528337177,1,2,1.3567633054584531,1.3049607872517928,0
201,0,1,1,0,1,1,0,34,46.49219971093142,1,0,1.0107713015838713,0.0,1
202,1,1,0,0,1,1,0,25,153.14317819578702,1,0,0.3426641667775092,0.0,1
203,1,1,1,0,1,6,0,30,53.38598407052636,6,1,0.2755422040118007,0.2480950087760094,0
204,0,1,1,1,1,12,1,31,186.37316604299045,12,3,3.0195066746929387,2.9909152993492265,0
205,1,1,1,1,1,6,0,32,50.69298489717524,6,1,0.8942010887874274,0.7424297662291456,0
206,0,1,1,0,0,12,1,29,271.30395924962664,11,1,1.0554933564818727,0.96800983262611,0
207,0,1,1,0,0,6,1,29,141.13879614444704,3,2,0.5405685045768014,0.3361078997569328,0
208,1,1,1,0,1,1,0,31,180.13137194111198,1,5,3.80716382010512,3.7472519665228976,0
209,1,1,0,0,1,1,0,23,131.1115714669628,1,0,1.6926318901698585,2.2791150015900583,1
210,0,1,0,0,0,1,0,32,186.5856443379992,1,0,0.9816010001433804,0.0,1
211,0,0,0,0,1,1,0,26,7.159988650331982,1,4,0.6831551928943704,0.6474292151927711,0
212,1,1,0,0,1,1,1,25,139.98469206376043,1,0,2.3757179001620514,1.831001797879868,1
213,0,1,0,0,1,12,0,31,318.5367588526888,11,7,2.6344859274362813,2.6074300985394188,0
214,0,1,1,0,1,12,0,31,279.5139878153244,12,1,1.5471633572594568,1.5375224098737017,0
215,0,1,1,0,1,1,0,25,111.95379416730324,1,1,2.1251584063375284,2.2726130821342374,1
216,1,1,0,0,1,6,1,27,268.11727203630886,6,2,2.2119603704673287,2.2878754902483065,0
217,0,1,1,1,1,12,0,30,109.0796443434009,12,2,3.217037830156635,3.2726783961457384,0
218,1,1,0,0,1,12,0,31,252.64357646352056,8,4,2.7106714522841977,2.6964327813728857,0
219,1,1,0,0,1,1,0,34,247.79181725408387,1,8,1.084722802766379,0.9928766632046948,0
220,1,0,1,1,1,1,0,24,277.0356467212181,1,1,1.1569019805294658,0.1366580937397667,1
221,1,1,1,1,1,1,0,31,259.2449021059656,1,3,1.7784779497632757,1.6217390426963392,0
222,1,1,0,0,1,1,1,27,33.34895705215342,1,0,1.8330549660516944,0.0063979878928257,1
223,0,1,0,0,1,1,0,25,111.8457893327204,1,8,3.0553544380048967,3.1553893366375125,0
224,0,1,1,1,1,12,1,31,191.1440194124347,7,5,3.8261366626517175,3.762327666183237,0
225,1,1,1,0,1,1,1,34,190.7505073605873,1,1,0.0,0.0,0
226,1,1,0,0,0,1,0,33,32.556886044222864,1,11,2.580107042179027,2.764951972182003,0
227,1,1,1,0,1,1,1,32,207.1662091098285,1,3,2.9548077365200607,2.9696108724575923,0
228,0,0,0,0,1,1,0,30,82.25533188214428,1,2,1.0537086592921328,0.8320129115833063,0
229,1,1,0,0,1,1,0,23,48.93800229645518,1,1,0.5312351376081262,0.0507909023144004,1
230,1,1,0,0,1,1,0,36,146.1815570652607,1,5,3.853884499720447,3.818110227463988,0
231,0,1,0,0,1,6,0,33,27.91190796574705,6,1,2.0160156229343054,2.1578480348871234,0
232,0,1,1,1,1,1,0,21,41.07207142384463,1,1,1.4220520918699655,0.9528954012413046,1
233,0,1,0,0,1,1,0,26,217.2981721426605,1,1,1.3870798372779152,1.5335982093585367,0
234,1,1,1,0,1,12,0,29,87.5214008607283,11,6,2.3125068300709337,2.2092832225117807,0
235,0,1,0,1,1,1,1,36,103.17368375861952,1,4,0.7732412159808952,0.923840975157221,0
236,0,1,0,0,1,12,0,30,291.2141628160044,11,5,3.07474708465527,3.1468147365972365,0
237,1,1,1,1,1,6,1,32,296.026016900965,6,1,0.9933230685190544,1.0729988661372651,0
238,0,1,0,0,1,6,1,27,196.68546126591409,6,1,1.069101681696981,0.9929963451421928,0
239,0,1,1,0,1,1,0,30,44.27186794015736,1,2,1.1143415548077424,0.3395328499845527,1
240,1,1,1,1,1,12,0,31,14.899913231023532,12,7,1.8205753108610376,1.8053744683367816,0
241,1,0,1,0,0,1,1,28,22.271532347506035,1,1,0.7831060194687544,0.5187114544874789,1
242,0,0,0,0,1,1,0,27,185.21088525003785,1,6,0.7406777245180012,0.6721475178425816,0
243,0,1,0,0,1,12,1,30,85.5813918686716,9,11,2.6617450543350603,2.565624968859067,0
244,0,1,1,1,1,12,0,26,215.47657592028577,9,7,2.4542282053862268,2.229717953470921,0
245,1,1,0,0,1,1,1,28,79.53083110617769,1,4,1.2261663270177572,1.2328949899484378,0
246,0,1,1,0,1,12,0,26,132.33955360332587,12,9,3.381583407422064,3.443562730115336,0
247,0,1,1,1,1,1,0,30,95.80402094487128,1,4,1.3392309541648149,1.4190772752141658,0
248,0,0,0,0,1,1,0,26,119.33992739748209,1,2,1.7738299623462186,0.8451335105360377,1
249,1,0,1,0,1,6,0,30,67.21429781687213,6,1,0.1413872144442829,0.2780487059678245,0
250,0,1,0,0,1,1,0,32,166.00411591408908,1,7,3.723612213428898,3.6944816935643807,0
251,0,1,0,0,0,12,1,32,27.65726189361179,8,1,1.623602921242801,1.7199711123636765,0
252,0,1,0,1,1,6,0,34,111.64396401074532,6,3,1.7510590252880922,1.7965761142314176,0
253,0,1,0,0,1,1,0,32,158.36547436032552,1,2,1.8906160163628376,1.9418229813912609,0
254,0,1,0,0,1,1,1,37,61.26257392544929,1,3,0.4428478247300201,0.4504956671855511,0
255,1,0,0,1,1,6,1,27,268.4628026961343,6,5,1.0518253167536171,0.8809336724114423,0
256,0,1,0,0,1,1,0,31,19.295875208891967,1,7,3.3718475933235963,3.434645868620469,0
257,1,1,1,0,1,6,0,33,264.0094278422361,6,7,1.424129645247488,1.3607336372180487,0
258,1,1,0,0,1,1,1,32,28.94454578043405,1,2,2.8462864758039723,2.7805037064917864,0
259,0,1,1,0,1,1,0,29,172.37381424309916,1,0,2.0509586370363326,2.2145832818892,0
260,1,1,1,1,1,6,1,30,9.79178191412946,6,2,2.8443607047453576,2.96915673421588,0
261,1,0,0,0,1,1,0,30,74.9221835066849,1,2,2.218290266044708,2.182237971663445,0
262,0,1,0,0,1,1,1,28,178.8156290810931,1,1,1.322342589574934,0.6748843911748569,1
263,0,1,0,0,1,1,0,31,321.2138581463253,1,6,2.515368399701728,2.349060011700088,0
264,1,1,1,1,1,1,1,29,411.7113085850302,1,1,0.5232727551132157,0.5149945256648368,0
265,1,1,0,0,0,6,0,37,362.6004771822383,6,10,2.2454800107757458,2.2937169782711733,0
266,1,1,0,0,1,12,0,27,212.1872030601553,10,3,0.0635405347079665,0.0,0
267,0,0,0,0,1,1,0,32,8.00073629625308,1,1,0.8811931002995854,0.8606186905863473,1
268,1,1,1,0,0,1,1,27,87.369072783395,1,1,1.6051571893837882,0.5450593795457459,1
269,0,1,0,0,1,1,1,30,87.42897102196278,1,2,1.3566411832313396,1.4226627128765514,1
270,0,1,1,0,1,12,1,31,163.26080481750802,10,2,0.2331210076574492,0.3077194445416504,0
271,0,1,1,1,0,1,0,31,4.791323833846533,1,3,1.2192828038965555,1.0730941006359205,0
272,1,1,1,0,1,1,1,33,22.63539513639585,1,1,1.8193467220878887,1.8038138895384048,0
273,1,0,0,0,1,1,0,29,107.68223624663275,1,1,1.862062156963552,1.0709648494655777,1
274,0,1,1,1,1,12,1,28,113.29911571946798,12,4,3.0625146417673728,3.1581083483383394,0
275,0,1,1,1,1,12,1,30,131.6627022446107,9,5,0.0,0.0897068432764769,0
276,1,0,1,0,1,1,0,36,304.3332705945562,1,2,3.738860021260305,3.776367611297121,0
277,0,1,0,0,1,12,0,30,165.97774217280755,12,3,2.8817310599475534,2.9094484043399778,0
278,0,1,1,1,1,12,1,35,302.878534738432,9,4,4.56888321649385,4.7330590768749605,0
279,1,1,1,0,1,1,0,31,125.6193596954305,1,4,0.4077973094142546,0.4371446891366985,0
280,0,1,1,0,1,12,1,29,42.24532509765183,12,11,3.2608140364674183,3.3953526869551425,0
281,1,1,0,0,1,1,0,25,294.95448051607366,1,11,1.8309765970272125,2.04669681459107,0
282,0,1,0,0,1,6,0,29,61.658825727238906,6,8,0.4057144226374647,0.2949209193349389,0
283,1,1,0,0,0,1,0,24,43.79864280702118,1,0,0.3988878266173657,0.3361389976156263,1
284,1,0,0,0,1,1,0,30,300.329873368941,1,0,0.9840615213358412,0.9097792264819788,1
285,1,1,1,1,0,6,1,30,378.6654363508136,6,3,2.5070302496236243,2.7104782706603823,0
286,0,1,0,0,1,1,0,28,60.42205160338389,1,0,0.956177999272542,0.3264269663717421,1
287,0,1,1,1,1,1,0,33,208.2639472715427,1,3,0.7050053772128169,0.7011471402283354,0
288,0,1,1,1,1,12,0,27,175.8822373865701,6,6,1.0884871900526316,1.0890611003372872,0
289,1,1,0,0,1,1,1,28,169.0003691632586,1,1,2.2886970909807367,2.8117122585718954,1
290,0,0,0,0,1,1,0,30,353.89483221304164,1,4,1.025733570347172,0.8821477822703596,0
291,0,1,0,0,1,1,0,30,33.64768713417806,1,1,0.7063989487408346,0.6160593406375316,0
292,1,1,0,0,1,6,0,24,233.821819461228,6,1,2.4656139206905068,2.50528150989596,1
293,1,1,0,1,1,12,1,28,42.11737765085556,11,5,2.203082504661746,2.1495434822523807,0
294,0,1,0,0,1,1,0,31,104.91704106895702,1,0,1.1954402753729396,0.2476364788908301,1
295,0,1,0,1,0,1,1,28,249.44664944128928,1,1,1.5137459963929023,0.0,1
296,0,0,0,0,1,1,0,31,103.52946486576973,1,6,1.4958683371670327,1.4933401073551813,0
297,1,1,1,0,1,1,0,30,127.87906257455444,1,1,3.9904465637408864,4.025627030971009,0
298,0,0,1,0,1,12,1,31,26.64347602796116,9,2,2.7669798973464865,2.682790022933504,0
299,1,1,0,0,1,1,0,28,309.4325947999045,1,2,2.971051137271609,2.94488683090342,0
300,1,1,1,0,1,12,0,24,70.67150093064276,12,7,2.4866758386707715,2.487343644977181,0
301,0,1,1,0,1,1,0,31,118.70970896052592,1,11,2.207351716537316,2.234250436990268,0
302,0,1,1,0,1,1,1,33,127.32609433383236,1,3,2.456624434244472,2.384780243491889,0
303,1,1,0,0,1,1,1,34,123.63534886016492,1,4,0.9335082194392526,0.9267313437507352,0
304,0,1,1,1,1,1,1,25,5.764080608692979,1,1,1.5187958941592907,1.9178718910166608,1
305,1,1,0,1,1,1,0,33,31.449560104543902,1,3,3.2967909371151576,3.158237281064129,0
306,1,1,1,1,0,6,0,28,228.09893908574256,6,1,0.9532947370875609,0.0,1
307,0,1,0,0,1,12,1,32,130.98141748474984,11,5,2.301247098543049,2.2745728694034746,0
308,1,1,0,0,1,1,1,30,104.2683095882524,1,0,1.8502641584009032,1.4947189943837826,1
309,1,0,1,0,1,6,0,29,109.9986514124416,6,5,2.0935330311343785,2.027589676129577,0
310,1,1,1,0,1,6,0,33,76.695751402237,4,7,3.487659498524472,3.4454228491511616,0
311,0,1,1,0,1,6,1,29,208.41746374923835,5,1,1.4003684955645803,1.2984264070191949,0
312,1,1,1,1,1,12,1,32,73.31758254405936,12,5,3.287171951548463,3.22625399682724,0
313,1,1,1,1,1,12,0,30,209.2103335070749,11,2,2.582536887398148,2.573796804063164,0
314,1,1,1,0,1,1,1,26,300.92798748069765,1,2,2.3837080544156146,2.2147552469111744,0
315,0,1,1,0,1,1,0,27,372.1845733937842,1,6,3.100581034079904,3.1159902323242488,0
316,1,1,1,1,1,12,0,35,211.4301418593365,12,1,2.728726608860255,2.729694407590572,0
317,1,1,1,1,1,1,0,23,191.8180627674805,1,1,1.5533782427132927,1.1202849447914047,1
318,0,1,0,0,1,1,0,28,109.4925236483258,1,1,1.825684501603496,1.8693400605183417,0
319,0,1,1,1,1,12,1,34,169.3236577161879,12,1,2.0776150864142804,2.182571210490278,0
320,1,1,1,1,1,1,1,33,328.69097743983133,1,11,2.3422314414952687,2.2735362846807816,0
321,0,1,0,0,1,6,1,35,44.286882256923285,6,1,0.4993828448097724,0.5985319291198938,0
322,1,1,0,0,0,1,0,27,56.1786138497775,1,0,1.9828498658641185,1.3385705768262084,1
323,0,1,1,0,1,1,0,25,49.278551350296574,1,3,1.419160803959895,1.279736013382356,1
324,1,1,1,1,1,1,1,30,94.79606251386365,1,1,1.106102314772085,0.3231801072985347,1
325,1,0,0,1,1,1,0,30,301.2333990353955,1,1,3.29207516136828,3.269879267674627,0
326,0,1,1,1,1,6,0,30,26.05853557594857,6,4,1.5338905599249872,1.5013827143895646,0
327,1,0,0,0,1,1,0,27,225.3294005880369,1,2,0.5831661905143818,0.8560768078159704,1
328,1,1,0,0,1,1,1,30,30.37275543664572,1,1,2.078957684055861,2.5704513946038348,1
329,0,0,0,0,0,1,0,25,24.76110956198493,1,9,3.3260479835473475,3.3675050780453497,0
330,1,1,0,0,1,1,1,27,133.57018003003952,1,2,3.1020289776569294,3.161236499392865,0
331,0,1,0,0,1,1,0,24,53.78760781677702,1,4,1.084734543767839,1.0819027098352707,0
332,0,1,1,0,0,12,0,32,182.5486999734869,12,2,1.5688220254654774,1.5036626952561414,0
333,0,1,1,0,1,1,0,32,211.8141698710406,1,3,2.270248900742737,2.155382619256752,0
334,0,0,1,0,1,12,0,33,19.65945958701809,12,5,1.4955743538569748,1.3985506840863091,0
335,0,1,0,0,1,1,0,25,70.56509891958883,1,1,1.1127181855139392,0.7166209650309967,1
336,0,1,1,0,1,1,0,27,47.06427625180362,1,2,1.6061065816571234,1.73963959741732,1
337,0,0,1,0,1,6,1,30,308.96204307704687,3,8,1.3752392446477977,1.4472785544112865,0
338,1,1,1,1,1,12,1,32,59.917857455895074,11,4,0.5296202923288764,0.5035893545216089,0
339,0,1,0,0,1,1,0,25,22.483668755772648,1,0,1.270843072401776,0.7783876768911253,1
340,1,1,1,1,1,6,1,33,211.36241304310136,6,2,0.0334740806984448,0.0430830077964219,0
341,1,1,0,0,0,6,1,29,116.34512473349156,6,4,1.947272984375301,1.8432115547223191,0
342,1,1,1,0,1,12,1,31,40.39625201718745,12,2,2.558091173085,2.687686254370816,0
343,1,1,0,0,1,1,0,26,154.79277827257084,1,0,1.6452163401014466,1.7947440163978854,1
344,0,1,1,1,1,6,1,30,31.055816795371346,6,9,2.7690799115010347,2.744666071486628,0
345,0,1,0,0,1,1,0,21,215.3961708621793,1,0,0.698017013292463,0.9852456922978956,1
346,1,1,1,0,1,1,0,28,118.6067922829257,1,4,2.1703084458411537,2.1887377097936165,0
347,0,1,1,1,1,12,1,33,64.82988507036485,11,1,2.8526598181797898,2.809402137671443,0
348,0,0,1,0,1,6,0,33,42.8904331572821,6,4,1.46680708520786,1.292824003996777,0
349,0,0,0,0,1,1,0,28,94.935375360385,1,7,1.898403338863197,1.9082603781608671,0
350,1,0,0,0,0,1,0,30,89.09440024482761,1,4,1.5549169452308482,1.4651692360765771,0
351,1,1,1,0,1,1,1,32,202.8418540441845,1,6,0.3537482833066581,0.187002905407751,0
352,1,1,0,0,1,6,1,31,34.699763494685484,6,4,3.960515478578985,3.797594119467672,0
353,1,0,0,0,1,1,1,28,209.3388491812627,1,3,3.7877580680597673,3.680691565628339,0
354,0,1,1,0,1,1,0,29,81.20430397426577,1,0,2.3375251665631134,2.1016425108234174,1
355,0,1,1,1,1,6,0,31,221.68974227943696,6,1,0.993280406175048,0.9270783554888395,0
356,0,1,1,1,1,1,1,30,83.80905576600622,1,9,0.0,0.0,0
357,0,1,0,1,1,1,1,24,29.74604343965725,1,5,1.308771756898062,1.1932876718918757,0
358,1,1,0,0,1,1,0,31,92.68242236111271,1,0,3.1515538524796822,3.2550140322339187,1
359,0,1,0,0,1,1,0,27,179.62254946093648,1,3,2.2130640069702645,1.087306283234982,1
360,0,1,0,0,1,12,1,25,148.76187874733117,12,11,2.467928722182188,2.516112554690715,0
361,0,1,0,0,1,6,1,33,196.23040389874083,5,4,2.5822911183480226,2.6319724284885377,0
362,1,1,1,1,1,6,0,29,75.77134294547776,6,11,3.9915980033857696,3.849426924496036,0
363,0,1,0,0,1,12,0,31,73.66291261257362,11,2,2.023341726358445,1.9214427775724112,0
364,1,1,1,0,1,12,1,28,401.72108163790887,12,3,1.9942820356028976,1.815132608105884,0
365,1,1,1,1,1,12,0,30,126.73778542627744,11,3,1.3928109965251432,1.4672603821888968,0
366,1,1,1,1,1,6,0,25,47.51086882235995,6,1,3.183699755714549,3.146769581887094,0
367,1,1,1,1,1,6,0,23,104.6008322428951,5,3,2.706416978099085,2.9422690855805778,0
368,1,1,1,0,1,1,0,33,208.24959040053088,1,5,3.185853150731311,3.1276885789228976,0
369,0,1,0,0,1,12,0,31,60.51661086947127,12,4,0.2816391803561179,0.3276868163441968,0
370,1,1,0,0,1,12,1,34,198.9603479394333,9,3,2.9178525260485584,2.797272001893256,0
371,1,1,1,1,0,1,0,30,167.8809021890936,1,1,2.7597341644442204,2.5270197142952218,1
372,0,1,0,0,1,1,0,25,118.0202886488705,1,1,0.7151048096457298,0.4235857771474357,1
373,0,1,1,1,1,1,0,27,263.8289611621347,1,2,2.697925526232164,2.046725585697935,1
374,1,1,1,1,0,1,1,28,108.28822359429324,1,2,2.916168462313753,3.1126163962157,0
375,1,1,0,0,1,1,0,31,145.67959907125402,1,5,2.8458139076802587,2.9987624879795622,0
376,1,1,1,0,1,6,1,32,274.7544395484131,6,2,3.787900175752583,3.8286174980400087,0
377,0,1,0,0,1,1,1,21,162.87335365115177,1,0,0.8270577777709461,0.2403694529034241,1
378,0,1,0,0,1,6,0,30,121.41890864247212,6,5,1.2031530851668752,1.3482356761148242,0
379,1,1,1,1,1,12,0,25,241.61384109088823,12,5,2.7209492720677977,2.6317951999593245,0
380,1,1,1,1,1,1,1,31,151.72812771471737,1,9,3.209360886877848,3.009936570335353,0
381,1,1,1,1,0,1,1,34,185.14763266389852,1,4,2.3375859389367,2.37983678071393,0
382,1,1,1,1,1,12,0,24,97.02752669392471,12,4,2.8070800129191764,2.792703483036609,0
383,1,1,0,0,0,6,0,33,48.88063316697397,6,1,4.078849976453924,4.0569538912886856,0
384,1,1,1,1,1,12,0,34,223.22773839508488,12,2,0.292328553003393,0.3469880577143693,0
385,1,1,1,0,1,12,1,30,236.5476458403929,12,2,1.4378126093071897,1.4764932424964126,0
386,1,1,0,1,1,1,0,33,209.5428235771076,1,11,0.0,0.0,0
387,0,1,1,0,1,12,0,32,329.7602838003287,12,5,1.1621898984967511,1.1884778824438875,0
388,0,1,1,1,1,6,1,34,65.20210679756127,6,1,0.910312618886956,0.9249437228671228,0
389,1,1,1,1,1,12,1,32,205.01332765872868,12,11,2.7697228099031848,2.6801194563149258,0
390,1,1,1,1,1,6,1,28,88.78694416128735,5,8,3.897556157690023,3.798186434623824,0
391,0,1,1,0,1,1,0,24,99.94346544313056,1,4,1.8018023549833515,1.7833450306832357,1
392,1,1,1,1,1,1,0,28,14.92449090026227,1,0,2.8474749112448148,2.2221456731534173,1
393,0,1,1,0,0,12,1,22,190.5337917671884,9,2,2.257147378916174,2.0767359102811054,0
394,0,1,0,1,1,1,0,27,96.15382591257894,1,2,1.1487992311827713,0.6855834977505576,1
395,1,1,1,1,1,6,0,24,61.69577245413643,6,8,0.5942167341157385,0.5309396075848513,0
396,0,1,1,1,1,12,1,29,171.0112303692203,12,1,1.6898350019443162,1.7955786256331665,0
397,1,1,0,1,1,6,1,31,271.1088950317004,5,11,2.420643810485105,2.4597174791145835,0
398,1,1,1,1,1,12,1,32,49.91247486350488,10,3,0.5167255332257437,0.5197068488263019,0
399,1,1,0,0,1,6,1,25,76.45255869642811,6,3,3.338594949852624,3.4171730961850906,0
400,1,1,1,0,1,6,0,28,145.72695493646592,6,7,1.6930988167985055,1.5824973444473045,0
401,1,1,0,0,1,12,0,27,220.9192467387668,11,1,4.153562733687045,4.1319614041827455,0
402,0,0,1,0,1,1,1,29,176.89470961372035,1,1,1.433896723607893,1.3051359096688615,0
403,1,1,1,0,0,1,1,35,30.631644881328373,1,3,0.966904411105684,1.0465274106716174,0
404,0,1,1,1,1,1,0,32,33.01342540676184,1,3,1.9377908486204023,1.890365857474328,0
405,1,1,1,1,1,1,0,29,178.83482459063717,1,0,0.0113607681657801,0.0,1
406,1,1,1,0,1,12,1,29,411.2434648388392,11,1,1.4243582671179709,1.4281096800746207,0
407,1,1,1,0,1,12,1,24,246.4266792923053,7,4,1.5254006728927731,1.5397247436260777,0
408,1,1,0,0,1,6,0,30,331.1810047587449,6,11,1.3887708721457468,1.3804591370624548,0
409,0,1,0,0,1,6,1,29,7.728112614940784,6,2,3.1459634695465946,3.2251461814675606,0
410,0,0,1,0,1,1,0,22,22.12369540101716,1,1,2.1189812921527684,1.2365222719414908,1
411,0,1,0,0,1,12,0,35,204.91105811653188,12,2,2.7089485672906424,2.7159328811950485,0
412,0,1,0,0,1,1,0,27,239.01883485936287,1,6,2.3977432114131925,2.5103230437588047,0
413,0,1,0,0,1,12,1,30,195.43261996655656,12,5,2.6591229309323534,2.6804027337584646,0
414,1,1,0,0,1,6,0,31,154.2929630970706,6,0,4.483104094215665,4.294358955653413,0
415,0,1,1,1,1,12,0,32,185.85289320242543,6,2,2.361846303017435,2.405736084207454,0
416,1,1,1,1,1,12,1,24,225.38947395892288,12,6,1.0458160898068205,0.9626700286475816,0
417,0,1,1,1,1,12,1,32,389.3748946998128,12,4,0.8424262006108267,0.9071758443915262,0
418,0,1,1,1,1,1,1,28,172.6354349846669,1,5,0.9183032942191054,0.8413566016638754,0
419,1,1,0,0,1,1,0,32,257.3665206350924,1,1,1.4985541415281078,1.4612251464449766,0
420,0,1,1,0,1,6,1,27,279.6888597478946,5,1,1.5413706007973484,1.4836265208892472,0
421,0,1,0,1,1,1,1,24,65.82524598034601,1,1,0.7707929498309957,0.5621691900196479,1
422,1,1,1,1,0,12,0,27,197.5880401349397,12,3,0.7609446245880402,0.5039833038918189,0
423,0,1,0,1,1,1,0,32,129.4322773197114,1,1,3.088049962555825,3.2088332465015004,0
424,0,1,0,0,1,6,0,31,144.69053242240662,5,5,1.6699497666451877,1.7005920967673231,0
425,1,1,0,0,1,1,0,29,100.86158120085037,1,1,1.6314068774410715,1.5918828157762008,1
426,0,1,0,0,0,1,0,28,143.69588818358375,1,11,3.4051169418090708,3.364224411439716,0
427,0,0,0,0,1,1,0,22,165.2981709484678,1,0,0.7543599139935114,0.5780561895854373,1
428,1,1,0,0,1,1,0,33,209.9889543581675,1,3,0.0,0.0,0
429,1,1,0,0,1,1,1,29,38.38471552065799,1,7,2.676649685173261,2.4458049973228264,0
430,1,0,0,0,1,1,0,31,12.146273821023115,1,6,2.641608277502834,2.71553497372709,0
431,0,1,0,0,0,12,0,31,276.253985110879,9,11,2.670232820803668,2.78437640325041,0
432,1,1,1,1,1,6,0,25,320.3253834993108,6,1,2.4992933131572475,2.3424557939109127,0
433,0,1,0,0,1,1,0,32,15.7904713206799,1,2,2.3675668618046783,0.8346621681853337,1
434,0,1,1,1,1,12,1,27,148.0528286993884,9,4,2.4067189044853268,2.3441098786171017,0
435,0,1,1,1,1,1,1,24,132.3456694795097,1,1,2.1927093840985017,1.129857859442232,1
436,1,0,1,0,1,1,0,32,157.34053875806228,1,6,1.729395600921472,1.7012781802193446,0
437,1,1,0,0,1,6,0,28,0.4340871188524461,6,3,1.981469192489559,2.1242357205049403,0
438,1,1,1,0,0,1,1,28,166.8162897230476,1,3,3.1651748149059387,3.138332436352985,0
439,1,1,1,1,1,1,0,35,114.21021927529844,1,10,0.2142344804815643,0.2101165626539935,0
440,0,0,1,1,1,1,0,33,17.867481013521505,1,9,1.1199591424925206,1.1139186851744307,0
441,1,1,0,0,1,1,0,27,106.92192797972086,1,10,1.4471175942593395,1.6286433839032397,0
442,1,1,1,1,1,1,1,23,92.61433804487112,1,0,1.0192974513063902,0.9675767804993064,1
443,0,1,0,0,1,6,0,30,113.12767610499156,5,2,2.2049673943325114,2.3013993469212366,0
444,1,1,0,0,0,1,1,31,103.2743596881186,1,4,1.7796134328158568,1.7300128846324143,0
445,0,1,1,1,1,6,1,33,126.26341337702615,5,11,2.346198909197937,2.501319643285444,0
446,1,1,0,0,1,1,1,30,43.91593539797858,1,4,1.0050500217824598,0.948592751817799,0
447,1,1,1,0,1,12,0,31,13.47943764346448,7,4,2.337338967381488,2.300422886063624,0
448,1,1,0,0,1,12,0,29,53.83386289557243,11,3,2.1807252448046084,2.3352719553664576,0
449,1,1,0,0,1,6,1,31,165.51471484004566,6,1,0.1429132259084804,0.0812464807752122,0
450,1,1,1,1,1,1,1,26,247.7465935470901,1,1,0.0,0.1355223557212196,0
451,1,1,1,0,1,6,0,27,63.780804955952505,6,4,1.2886055034862518,1.15981864626671,0
452,0,1,1,0,1,6,1,34,61.72677815132816,5,6,2.544738359898256,2.565071508292593,0
453,1,1,0,1,1,1,1,27,81.8440498585637,1,0,1.223972334302892,0.3333885851868579,1
454,0,0,1,0,1,1,1,32,13.105705833685574,1,0,2.119595771009827,1.7012824129033173,1
455,0,1,1,0,1,12,1,24,202.9331817440529,12,7,0.7873345147309261,0.7788179399668653,0
456,1,1,1,1,1,6,1,31,124.3214760763662,6,2,1.5016248416893978,1.5973166801296084,0
457,1,1,1,1,1,12,1,29,44.36622144243327,10,1,1.8608864891888297,1.5280465993070464,1
458,0,1,0,0,1,1,1,33,89.52712690719872,1,6,2.3825815846502185,2.4044263207155283,0
459,0,0,0,0,1,1,0,27,45.92137148644336,1,1,1.3019546019382398,0.9374313062149534,1
460,1,1,0,0,1,1,0,31,13.957451491443097,1,3,1.430031961751067,0.6685113311159212,1
461,0,1,0,0,0,6,0,31,26.857082657979944,6,1,1.923031274766538,1.08669234301599,1
462,1,1,0,0,1,12,1,30,185.4852607368476,12,3,0.4965242277494788,0.6088987843885196,0
463,1,1,1,1,1,12,0,31,257.90740421077544,8,1,4.565135727743339,4.594345938259688,0
464,0,1,1,1,1,12,1,33,51.89794008366663,12,3,0.2506385941208093,0.2020855192919996,0
465,0,1,1,0,0,6,1,30,118.69924604499602,6,2,1.5875075638153926,1.4133071873290004,0
466,0,1,1,1,1,1,0,30,45.95907957477971,1,5,3.4688680718781413,3.382426486247132,0
467,1,0,0,0,1,1,0,29,183.5302597110648,1,6,0.6698823615177414,0.7039625295385075,0
468,1,1,1,1,1,12,0,27,152.7697924693581,11,11,2.1447709552470613,2.136519077009717,0
469,1,1,0,1,0,6,1,32,150.3640478291993,3,2,1.6508233364910487,1.6503167574254858,0
470,1,1,0,0,1,1,0,32,261.92302889580867,1,9,3.086215422483173,3.0270965467085653,0
471,1,1,1,0,1,12,0,33,384.6065486110849,12,1,2.2151703152355853,2.2511991772200823,0
472,0,1,0,0,1,1,1,24,18.705186956484308,1,1,2.075946756390618,1.0676565480856066,1
473,1,1,0,0,0,12,1,28,369.1316265019199,12,7,2.964377993373569,2.8181027954397995,0
474,1,1,0,0,1,1,1,28,17.100537871256563,1,1,2.048010812213916,2.289283201635549,1
475,0,1,1,1,0,1,0,29,226.16019771976872,1,2,2.2902975724897723,2.3338554035908405,0
476,1,0,1,0,1,6,0,27,148.6901643635804,5,5,1.24828711262733,1.0510459480703565,0
477,0,1,1,0,1,6,0,30,92.025680895226,6,1,1.648646859968436,1.6001965945310537,0
478,0,1,1,1,1,1,0,27,147.0941065086934,1,0,0.4010557537959718,0.0,1
479,0,1,0,0,1,1,1,28,65.93002818229921,1,1,2.0296091099554805,1.6916320981125283,1
480,1,1,0,1,1,1,1,30,132.3067807372397,1,6,3.606000876694341,3.473234319390589,0
481,0,0,1,1,1,12,0,30,25.546786355178284,12,2,3.0654234171636943,2.916888599196331,0
482,0,1,0,0,1,12,0,27,153.68460387362552,9,6,2.247282208352357,2.2515508869035425,0
483,1,1,0,0,1,1,0,32,120.4917827941534,1,2,1.6005962545324968,1.5163648675577102,0
484,0,1,0,0,1,1,0,28,424.07081667113033,1,5,2.09235322101106,2.1545558049519484,0
485,1,1,1,1,1,1,0,26,145.05290801158662,1,11,2.8811273939619864,2.763517419897812,0
486,0,1,1,1,0,1,1,28,152.93069969851436,1,1,1.1935781993320562,1.2734579309929914,0
487,0,1,1,1,1,1,0,28,159.25357169001097,1,3,3.171736422076698,3.1570333824577865,0
488,1,1,1,0,1,12,1,34,153.79869535835502,12,0,1.2952668650885268,1.134766999366593,0
489,0,1,1,0,1,12,0,32,29.308459284738746,10,3,1.471177350038301,1.4909126652315552,0
490,1,1,0,0,1,1,1,28,182.2511956616817,1,6,1.581349539132442,1.6925144180552476,0
491,1,1,0,0,0,1,0,30,257.9154473055558,1,3,3.256975984310301,3.2959216496325685,0
492,0,1,1,1,1,12,1,35,261.87547738149163,12,3,2.384476224037676,2.295619796246039,0
493,1,1,1,0,1,1,0,30,149.79085970430452,1,3,0.9048183308924528,0.8657475904351241,0
494,1,1,1,1,1,12,0,31,23.89303825694245,7,6,3.478646356624858,2.272774967251517,1
495,1,1,0,0,1,6,1,33,40.008250217354494,6,2,1.3625099464012635,1.3358409511532778,0
496,1,1,1,0,1,1,0,27,20.1207124209958,1,9,2.2307096512626154,2.169468298671794,0
497,0,1,0,0,1,1,1,25,209.085262301992,1,0,1.7948382552522626,1.7069446972219051,1
498,1,0,1,0,1,1,0,34,98.41828194852472,1,1,2.844135683125625,2.9656507813698747,0
499,0,1,1,0,1,12,1,31,44.21156334269697,11,1,3.2254822477974487,3.2093031024991965,0
500,1,1,0,0,1,6,0,27,50.02462888290405,6,2,2.826340222125193,2.932441595726681,0
501,1,1,0,0,1,6,1,32,181.5337244754473,6,3,2.957932555198516,3.204947640740605,0
502,1,1,1,1,1,6,1,28,311.84463570735056,6,2,2.817798849085269,2.8224749630707704,0
503,0,1,0,0,1,1,0,24,140.12753386679398,1,1,1.182957940235344,1.134268767794481,1
504,1,0,1,0,1,1,0,30,117.492052047163,1,4,1.3416817976837754,1.4559205154221502,0
505,0,1,0,0,1,6,0,29,175.18196694176956,5,4,2.402545025772012,2.308112067585444,0
506,0,0,1,0,1,1,0,31,89.53706164603625,1,7,1.626797146046976,1.5726310612677157,0
507,0,1,1,1,1,1,1,34,40.92645527181149,1,4,3.34121775109771,3.3057677349739314,0
508,0,0,0,0,1,1,0,32,329.32487074299604,1,3,3.4368416206153185,3.332887314068666,0
509,0,1,0,0,1,1,1,27,126.4448829509528,1,6,4.1576840887576765,4.334724232725339,0
510,0,1,1,0,1,6,1,31,159.62283673054998,6,5,1.1713833293981208,1.1510847812414955,0
511,0,1,1,0,1,12,0,28,160.80227941855563,9,5,1.9161710662221945,1.957780534420434,0
512,1,1,0,0,1,12,0,30,40.56140610026554,12,4,0.7432522006132656,0.7154855163783762,0
513,0,0,0,0,1,6,1,29,147.89097396334822,6,4,2.8723866992382683,2.6873098743510733,0
514,0,1,0,0,0,12,0,29,193.22458244891268,12,2,1.9573174462404004,1.8239565295126208,0
515,1,1,0,0,1,1,0,33,128.7997304315177,1,1,1.1695487720366096,0.9999351892003812,0
516,0,1,0,0,1,6,1,27,143.74639032644194,6,3,2.503873678295606,2.5071978192990807,0
517,1,1,0,0,1,6,0,31,167.300527959547,6,2,1.379044454933877,1.4389245797310484,0
518,1,1,0,0,1,1,0,25,79.194168262276,1,2,1.0958799594857622,1.7415387056837188,1
519,0,1,1,1,1,1,0,28,34.672963274148,1,1,0.2845234523311619,0.0,1
520,0,1,1,1,1,6,0,25,156.5842158891444,6,0,2.2341667896253834,2.5358202980310027,0
521,0,1,0,0,1,1,0,27,115.80088265036832,1,1,1.0291528420091134,0.0,1
522,1,1,0,0,1,1,0,26,164.0971687621719,1,0,1.5853742896676108,0.9914334052528352,1
523,1,0,0,0,1,12,0,30,98.93377584614878,11,4,0.2022164269046158,0.3362446187629551,0
524,0,1,0,0,1,1,1,33,187.0758927783764,1,2,1.8708075911084083,1.6880617810115826,0
525,0,0,0,0,1,1,0,27,101.23116510035663,1,2,3.603757116286845,3.4209608670191884,0
526,1,1,1,1,1,1,0,32,51.576585480532245,1,11,2.719147691325012,2.8779875023716164,0
527,0,1,0,0,1,1,1,28,89.2262372962052,1,1,1.5298989110293597,1.5006421407835466,0
528,1,1,0,0,1,1,1,25,41.60776777399487,1,1,2.893103844802173,2.81360202088143,0
529,1,1,1,1,1,12,0,29,205.985294394402,12,4,4.077632308126264,3.8968597400207288,0
530,1,1,0,1,1,1,1,28,133.3190627011547,1,2,0.8896108892105816,0.7907611807976982,0
531,0,0,1,0,1,1,0,25,230.1676463294368,1,0,1.9316308752303444,1.7567012395782122,1
532,0,1,1,0,1,1,0,26,210.06113437303415,1,1,1.3459348109430542,1.4719123241707208,1
533,1,1,0,1,1,6,0,27,89.59568360998544,6,9,3.8082568858202657,3.965069996243072,0
534,1,1,1,1,1,12,0,30,184.2277468021257,12,11,3.629763287112119,3.5769715698998272,0
535,1,1,1,1,1,6,0,27,4.441153749483568,6,3,2.282573899051163,2.229358365782773,0
536,1,1,0,0,1,6,0,26,157.48916119076657,6,2,1.6858694280319733,1.6977371880137415,0
537,1,1,1,1,1,12,1,28,96.10546381943529,12,6,1.077655714999004,1.1013131867210308,0
538,1,1,1,1,1,6,0,27,124.28973204922536,5,1,1.2226512518339647,1.2868709986446312,0
539,1,1,1,0,1,12,1,26,169.93331653447044,12,4,1.1182383354467291,1.1418787317648045,0
540,0,0,0,0,1,6,1,32,150.81280902257126,6,4,2.127774567500952,2.09376023558467,0
541,1,1,0,0,1,12,1,27,176.1958415481284,12,1,1.7390573264419922,1.7187444048006113,0
542,0,1,1,0,1,6,0,28,100.8154474215021,6,5,2.5593171540104045,2.544481017077044,0
543,0,1,1,1,1,12,0,29,174.89004397221638,12,10,2.5378831519288125,2.5516916788632127,0
544,1,1,0,0,1,1,0,30,13.37447848404922,1,1,2.5851683661284457,2.052163482652516,1
545,1,1,0,0,1,1,1,35,164.4668461950556,1,7,1.2779018211693751,1.4088359683526417,0
546,1,1,1,0,1,1,0,27,155.7219615127469,1,5,2.1248137534503444,2.214722957930091,0
547,0,1,1,1,0,12,1,27,73.76776298570985,12,11,0.0562895443739186,0.1038012639405185,0
548,0,1,0,0,1,1,0,28,246.49808353969,1,1,0.1242749795613678,0.0,1
549,1,1,0,0,1,1,0,29,164.97010454678997,1,2,2.3595839684200577,2.4859194618255374,0
550,0,1,1,0,1,12,0,30,100.78718167984864,2,7,1.1844479637380934,1.4594422920062808,0
551,1,1,1,1,1,12,1,27,305.4156023174984,12,2,2.3033238171122083,2.196795629309196,0
552,1,1,0,0,1,1,1,25,188.08137918542343,1,2,1.664022654131193,1.4767390280086168,0
553,0,1,1,1,1,1,1,26,47.88344717071824,1,1,1.8217921782187787,1.7146472452823731,1
554,1,0,0,0,1,1,0,26,136.6902598094783,1,2,1.5265702215320136,0.7713156688780982,1
555,0,1,0,0,1,1,1,29,154.93646554913738,1,1,2.4081097039540484,2.2751679444783743,0
556,1,1,0,0,1,6,1,37,205.6317507422044,5,2,1.4006895160194557,1.614663052319146,0
557,0,1,1,0,1,1,1,31,142.2705781655385,1,2,0.7534697786474753,0.8862774874492629,0
558,1,0,0,0,1,1,0,28,56.823615287203424,1,11,0.7946581486700692,0.8391854683375326,0
559,0,1,1,0,1,1,0,30,12.507381734421164,1,2,2.8151550626480044,2.694309222271049,0
560,1,1,0,0,1,1,0,33,143.29041000576166,1,4,2.0039389937538306,1.8122086616714008,0
561,1,1,0,0,1,1,0,29,249.58222417759785,1,0,0.7703324959964211,0.0,1
562,1,1,0,0,1,1,0,32,230.77080716892505,1,4,3.808449164022232,3.681438731791783,0
563,1,1,1,0,0,1,0,29,1.7676540990848082,1,2,0.99218561264011,1.3507352206240784,1
564,0,1,1,1,1,6,0,31,144.82199315812056,6,1,0.4684558608553713,0.487837668559983,0
565,1,1,1,0,1,1,0,24,8.589786393163562,1,8,3.2472787085168684,3.3234914804077085,0
566,0,1,1,0,1,12,1,30,110.76671569561417,12,1,2.203212032952786,2.309612649886539,0
567,1,1,1,1,1,1,0,30,164.1453062156044,1,6,0.233330133376435,0.0745035128892108,0
568,1,1,0,0,1,1,0,33,160.0564055282076,1,6,2.373122152685329,2.3238887301580418,0
569,1,0,0,0,1,6,1,30,176.74025965981343,5,8,0.8921670731474824,0.8963046036634554,0
570,0,1,0,0,1,6,0,31,226.26363214079743,6,5,0.9269883808057956,0.7857467288403348,0
571,0,1,0,0,1,1,0,29,11.70513852163944,1,0,0.6748434707154791,0.5677183361323095,1
572,1,1,0,0,1,1,0,33,37.83689018898726,1,2,0.9234801635079252,0.8921662897867288,0
573,1,1,1,0,1,12,0,32,139.8009395134986,12,6,1.8522013814647955,1.7094796848122489,0
574,1,1,0,0,1,1,0,28,265.68202331436567,1,1,1.3189789887365249,1.2650821004078656,0
575,0,1,0,0,1,1,1,36,347.17776197883745,1,7,1.8462222194429645,1.914158694188078,0
576,0,1,1,0,1,1,1,30,234.93065672083097,1,0,1.4694364960254662,1.2205043911149438,1
577,0,1,0,0,1,1,1,31,151.13081781868527,1,1,2.2377894479572262,2.278971775520268,0
578,0,1,0,0,1,1,0,32,49.62812067439511,1,1,2.4635360184575803,2.549751604468379,1
579,1,1,1,1,0,6,1,32,69.49010100713531,5,2,1.2272220731406136,1.1685726622840993,0
580,1,1,0,0,1,1,0,30,115.13026809051144,1,1,0.7408261559821505,0.7333466343264258,0
581,1,1,0,0,1,1,1,28,86.51448971003259,1,0,1.141406698593133,0.464967991702603,1
582,1,1,0,0,1,1,0,32,194.5799728501643,1,3,1.8186263406694945,1.8233382609430635,0
583,1,0,1,1,1,6,0,31,4.596832680778192,5,8,1.733762896722641,1.7022359417560968,0
584,0,1,1,0,1,12,0,35,101.42650543789676,11,4,1.1378121979978264,1.0898456413069464,0
585,0,1,1,1,1,12,1,33,132.7898996701997,11,3,1.121427345337562,1.124147990900587,0
586,0,0,0,0,0,12,0,29,181.10997605886428,11,3,3.646066316674504,3.704629561648976,0
587,1,1,1,0,1,1,0,26,50.629126924833095,1,2,2.8922241604528764,2.224505710312076,1
588,0,1,0,0,1,1,0,29,89.22618365195898,1,11,2.1647929508149075,2.130921492723582,0
589,1,1,0,0,0,1,0,30,314.0111374683157,1,2,2.0984145758068347,2.1887378952175607,0
590,1,1,0,0,1,1,0,32,137.8402323110118,1,8,2.792062390420474,2.9247885223168963,0
591,0,1,0,0,1,1,1,26,115.21511192457191,1,3,1.2205671384889318,0.4672320537721172,1
592,1,0,1,0,1,12,1,27,206.4796915840372,12,4,0.0,0.0,0
593,1,0,1,0,0,1,1,28,213.4818374315373,1,1,1.6727088894997162,1.0059759153474512,1
594,0,1,0,0,1,6,1,31,90.56782224393176,6,2,1.838823367306417,1.8798489208608784,0
595,0,1,1,1,1,12,0,29,201.5191982683829,11,3,0.5458255375285577,0.6442678576399152,0
596,0,0,1,0,1,1,0,30,55.17748573787463,1,5,3.865717130785308,3.943235750348962,0
597,1,1,0,0,1,6,1,28,176.9836787456749,6,5,2.651369065731952,2.7237589826652653,0
598,1,0,1,0,0,1,0,31,99.650031957916,1,4,2.422482335346354,2.2551364613271585,0
599,0,1,0,0,1,1,1,30,223.4321608636536,1,7,4.100222257878752,4.072150855451909,0
600,1,1,1,1,1,1,0,30,171.3715874036377,1,2,3.183682639026433,3.2510068268447103,0
601,1,1,0,0,0,1,1,29,49.92619769750689,1,1,1.3672948622452243,0.7038140220963489,1
602,0,1,1,1,1,1,0,25,41.37666628689307,1,1,3.0357584827653223,3.43819554195691,1
603,1,1,0,0,1,6,0,26,128.95598022357177,6,3,0.5378978904993618,0.0,1
604,0,1,1,1,1,12,1,27,107.36167718802298,11,5,2.100094124953818,1.962459676148338,0
605,0,1,1,1,1,12,0,33,209.586262826264,4,3,1.8578791127978,1.9026935723779843,0
606,0,1,0,0,1,1,0,28,221.6635395326525,1,5,1.0238397465269224,0.8927792533920587,0
607,0,1,0,0,1,1,0,23,108.91900146135453,1,2,1.2505592041659683,0.1442248427150703,1
608,1,1,1,0,1,12,1,31,199.3118396210017,9,1,1.9874736572054112,1.9685936155809831,0
609,0,0,1,0,1,1,0,27,61.63468280206072,1,9,3.0354740005854524,2.882061943212022,0
610,1,1,0,0,1,1,0,26,90.23184976967512,1,1,1.8448349754663216,0.9153967686402616,1
611,1,1,1,1,1,6,1,31,85.67188747728186,6,1,1.0095095546029431,0.7305756021959472,1
612,1,1,0,0,1,1,0,29,90.75213271520416,1,7,2.7056327585686626,2.605286972628569,0
613,1,1,0,0,1,1,1,26,6.501307219115383,1,4,2.3799778977884647,2.309796466741364,0
614,1,0,0,0,1,1,0,27,145.5909591677639,1,11,2.3871676444464245,2.4471906539683133,0
615,1,0,1,0,1,1,1,30,185.3448225500459,1,1,3.070075956849017,2.9710719527334817,1
616,1,1,1,1,0,6,0,37,297.668013660822,6,7,2.6633534661765883,2.9092344769623346,0
617,1,1,1,1,1,12,0,33,172.7967813835641,10,6,2.1868481730652425,2.226153642470338,0
618,1,1,0,0,1,1,1,26,222.291129488288,1,1,2.015302282081451,2.0972995772257343,0
619,0,1,1,0,1,1,1,27,22.003879829883843,1,5,2.0293360111677874,1.9416626659069744,0
620,1,1,0,0,1,1,0,28,37.89273246980474,1,0,0.9720134414409832,0.8689731482485616,1
621,1,1,0,0,1,6,0,21,103.49669127175184,4,7,2.2110696821864178,2.0705312220868386,0
622,1,1,1,1,1,12,0,32,175.85050096709577,12,5,2.086497406956334,2.176769611405601,0
623,1,1,0,1,1,1,0,28,182.84417859983608,1,3,2.4287911155997635,2.4532154443349885,0
624,0,1,0,0,1,1,0,28,185.44328441548816,1,1,0.6593999065443248,0.8202805652075269,1
625,1,1,0,1,1,1,1,28,67.03548209581632,1,2,1.5292381400793094,1.5672598775696291,0
626,0,1,0,0,0,1,0,26,70.01014389183614,1,9,3.1718045795597005,3.194608003445764,0
627,0,1,1,0,1,12,1,33,236.6661017522836,8,4,0.0399146135100574,0.1057341579332908,0
628,0,1,0,0,1,1,1,33,149.99526069491017,1,0,0.3623935048740561,0.580038303548587,1
629,0,1,1,1,1,1,1,22,227.3578352043616,1,1,2.4213860906296785,2.244290540347959,1
630,1,1,1,1,1,1,0,33,286.6569804994007,1,4,2.371806177668119,2.303929644613667,0
631,1,1,1,0,1,6,0,24,117.1819370105985,6,1,1.5361029303498053,0.5940383848628197,1
632,0,1,0,0,1,1,0,32,178.32457623433967,1,0,2.066727470593747,0.7087582205051071,1
633,1,1,1,0,1,1,0,30,20.10453620553253,1,1,1.7457715974135446,1.0952821571726183,1
634,1,1,1,0,1,6,1,31,97.67744525363172,3,2,2.933274603059345,3.0115205390536266,0
635,1,1,1,1,1,12,1,30,176.93182107957887,8,6,2.680127911865144,2.6536574969270643,0
636,1,1,0,0,1,1,0,24,56.521768622486704,1,0,2.6668573891117857,2.287135295859948,1
637,0,1,0,0,1,12,0,34,45.30604136707112,12,2,0.0,0.0,0
638,0,1,1,1,1,1,0,31,40.77010576445803,1,0,0.0,0.0,1
639,1,1,0,0,1,12,0,31,102.20121446556588,11,6,2.737145512476554,2.879737660535264,0
640,0,1,1,1,1,12,0,26,67.41531683136465,10,8,1.964387404234936,1.9706300552497027,0
641,0,1,0,0,1,1,0,29,314.77312204869384,1,3,2.2661781964044683,2.2611903325284595,0
642,1,1,0,1,1,1,0,25,89.49844482068278,1,0,1.8766875510499887,2.2797766059885496,1
643,1,1,0,0,0,6,1,29,90.93717436641349,6,11,0.7969399138621664,0.8083902124772595,0
644,0,1,1,0,0,12,1,29,76.98980399681413,12,10,0.7693588643182132,0.8802940372780509,0
645,1,1,1,0,1,1,0,30,282.3993094501442,1,2,1.128538079808369,1.1149180663093805,0
646,1,1,0,0,1,6,1,28,60.82184537112102,5,3,1.3561485673751803,1.8490201316114023,1
647,1,1,0,0,1,6,0,30,306.336282487623,4,2,0.0,0.0,0
648,0,1,0,0,1,1,0,32,123.55131858462364,1,2,0.4414059969595858,0.4236694919917933,0
649,0,1,0,1,1,1,1,26,160.65567644840962,1,11,1.6599187223668117,1.6959973913801398,0
650,0,1,1,1,0,6,0,23,98.45743537877766,6,1,1.913444683135188,0.8691450215430608,1
651,1,1,1,1,1,6,1,35,157.27722205736185,6,6,3.141780189136777,3.2628955948284646,0
652,1,1,1,0,1,1,1,31,122.97989379599308,1,7,0.4286855326690819,0.3598627487303676,0
653,1,1,1,0,1,1,0,30,96.58272589253264,1,1,0.4129393281759597,0.7085296576975196,1
654,1,1,0,0,1,6,0,28,264.8428070832699,6,3,2.875982037363024,2.8494065459525846,0
655,0,1,1,1,1,12,0,30,260.12249843165125,12,2,1.9393032884954715,1.9968341014795976,0
656,0,1,0,0,1,12,1,32,146.27192692120812,4,6,2.767096930090944,2.812286095489237,0
657,0,1,1,1,1,6,1,29,87.46739326688527,6,1,1.562853415300095,1.5636751825988524,0
658,0,1,0,0,1,1,0,29,24.81256248331232,1,5,2.2199159705160496,2.371022220525738,0
659,0,1,0,0,1,1,0,35,2.6035773226769123,1,3,0.4971053370015228,0.5932127838879555,0
660,1,1,1,1,1,6,0,29,105.4941595596192,6,1,1.8315150081268103,1.5739220905932834,0
661,0,1,0,0,1,1,1,29,85.59949627233134,1,1,2.0334464335591136,0.9908162705197708,1
662,1,1,0,0,1,12,0,31,98.74398741921766,12,8,1.9314981081984188,1.94563511197042,0
663,1,1,0,0,1,1,0,24,121.74294102393112,1,1,0.8279636853816408,0.0569578676464402,1
664,0,1,0,0,1,1,1,29,221.1220755270196,1,5,3.4126059695040234,3.5526384626157763,0
665,0,1,0,0,1,1,0,29,23.033878116390756,1,0,1.97813150881246,0.8126507854021255,1
666,0,0,1,0,0,12,0,26,121.18150202969036,12,10,2.092475002370295,2.004799775026526,0
667,1,1,0,0,0,12,1,26,122.955748575355,12,4,2.5562216602852,2.383973095641663,0
668,1,1,1,0,1,1,1,34,325.9932014842458,1,4,3.0931223722060013,3.0952403238046267,0
669,0,0,0,0,1,1,1,27,48.08795386623237,1,0,1.0032812605503747,0.7283969431192622,1
670,1,1,1,1,1,1,1,29,54.99155190262778,1,5,2.157267591452118,2.1705857806811544,0
671,1,1,1,1,1,6,1,28,270.3999201465789,6,4,1.5793619809968018,1.5368014190092052,0
672,1,1,0,0,0,1,0,32,166.1531216426614,1,0,1.0343163047577095,0.4921178205540082,1
673,1,1,0,0,1,1,1,34,73.4815509080304,1,5,1.325832239833304,1.1395431558112443,0
674,0,1,0,0,1,1,0,27,100.53653357713706,1,1,0.6544635284392161,0.7686025340156576,1
675,0,1,0,0,1,1,0,26,134.17369455411065,1,0,2.362799588386612,2.323650188679045,1
676,1,0,1,0,1,12,0,31,105.145601883579,11,2,1.899361825866676,1.905773521681568,0
677,1,1,0,0,1,1,0,25,16.942102977533626,1,0,0.5015661863168513,0.7930117688259906,1
678,1,1,0,0,1,1,0,26,49.31143803096592,1,1,0.9403606321378816,0.4727349388345753,1
679,1,1,0,1,1,1,0,25,167.65130845742408,1,1,1.696165343557942,0.6966613775409138,1
680,1,1,1,1,1,12,1,33,243.44922539220684,12,6,0.0870855030614501,0.012578705130274,0
681,0,1,1,0,1,1,1,28,57.8439430805731,1,2,0.6283855144940107,0.6085254921843267,0
682,1,1,0,0,1,6,0,29,18.643274544355187,6,2,1.2149694736570082,1.2465888610948748,0
683,0,1,1,1,1,6,0,28,186.4047258893327,6,1,1.3702555241893155,0.6543695312825354,1
684,0,1,1,1,1,1,1,27,114.60041258357172,1,1,0.1135069170859455,0.0,1
685,0,0,1,0,1,12,0,27,157.5308822269443,12,10,2.345391271696512,2.301678525899823,0
686,0,1,1,1,1,1,0,26,247.32623642109803,1,1,1.940789324002788,1.6660799356221223,1
687,1,1,1,1,1,12,0,32,26.23487898126961,12,3,2.444228256334879,2.584988983339937,0
688,1,1,1,1,1,6,1,31,191.52031040635063,6,0,2.321847434264636,1.7870130571210738,1
689,1,1,0,0,1,12,1,32,260.2251424198106,12,1,1.852276859199571,1.8816581652424549,0
690,0,1,0,0,1,12,0,36,95.49786804587023,12,1,1.3226478692302126,1.2512603554097608,0
691,0,1,0,0,0,6,0,28,103.75830286490894,6,5,0.5063501664796586,0.4361552529368948,0
692,1,1,0,0,1,1,0,27,74.5310134037262,1,4,1.5085430920365088,0.6332267351886773,1
693,1,1,0,0,1,1,1,35,35.66437608768858,1,5,0.9921281402780632,1.2324169977075423,0
694,1,0,1,0,1,12,0,26,147.4466501599095,4,4,2.7243912695066945,2.624798677307054,0
695,0,1,1,0,1,1,1,27,67.47297297849227,1,6,2.7670308093448948,2.6266244919933928,0
696,1,1,0,0,1,1,1,29,105.26650445119526,1,0,0.96306835216244,1.1591539233150836,1
697,1,1,1,1,1,1,0,28,57.847267259349664,1,9,1.947674377294884,1.8699320123060177,0
698,0,1,1,1,1,12,1,28,84.02868110958906,10,0,0.0,0.0,0
699,1,1,1,0,1,12,1,32,137.74556676302615,12,5,2.5007152026437725,2.4468247407394768,0
700,1,1,0,0,1,1,0,26,60.642217016013696,1,2,1.6488549490215871,1.396507003276075,1
701,1,1,0,0,1,1,1,33,97.62361718473122,1,1,1.3892462237050132,1.4372189557806687,0
702,1,1,0,0,1,1,1,28,161.5451408848667,1,0,2.544543610468042,1.3162036514672786,1
703,1,1,1,0,1,1,1,32,40.51433927089151,1,2,1.9184171431469283,2.0648993614928948,0
704,1,1,1,1,1,6,1,27,70.64277601917334,5,3,2.807605072686872,2.7612555889274515,0
705,1,1,0,0,1,1,1,36,169.59272492364653,1,3,2.9806060804800447,2.9803000650940463,0
706,0,1,0,0,1,1,0,31,207.83762543299164,1,0,2.2697356385082808,2.0815057853334733,1
707,0,0,1,0,1,1,0,27,286.73251724801634,1,2,2.3675814526108527,1.8344409099564385,1
708,1,1,1,0,1,12,1,30,89.99404113554657,12,2,2.4661762948233954,2.5732477444744792,0
709,1,1,1,1,1,6,1,27,91.11360499957397,5,8,0.9362899524616748,0.8295698107863774,0
710,0,1,1,0,1,12,1,32,2.919196263219064,12,1,1.989254193166541,2.180065628760812,0
711,1,1,1,1,1,12,1,29,298.5444053830612,12,7,2.7578195960188747,2.790359879006245,0
712,1,1,0,0,1,1,0,28,60.59226205421948,1,4,3.633665365680871,3.6876543921974014,0
713,0,1,1,1,1,12,1,30,12.472956537805189,7,2,2.3347270825224515,2.3453044115849058,0
714,1,0,0,0,1,1,0,26,210.3953040133816,1,1,1.5755337162608416,0.7790881669402796,1
715,1,1,0,1,0,1,1,36,193.32018500844464,1,0,2.362169887990701,2.515168812349424,0
716,0,1,1,1,1,1,1,25,87.95891689049293,1,0,1.5974410891365218,1.1903646108101988,1
717,0,1,1,1,1,1,1,27,197.23108297288533,1,8,2.6115870586661227,2.708012347155649,0
718,0,1,0,1,1,1,1,24,198.97169698732472,1,0,2.6069728231505387,1.5802841352817418,1
719,0,1,1,1,1,12,0,34,367.0322491839666,9,5,2.5321487735681023,2.6019416152282884,0
720,1,1,0,0,1,1,1,31,135.9155585205089,1,9,1.4485527307003694,1.2844486938429052,0
721,1,1,1,1,1,6,1,31,157.3873407991097,6,11,1.814809314995923,1.8129109109964423,0
722,1,1,1,0,1,6,1,24,16.02522075163661,6,4,1.1045059503072492,0.0,1
723,0,1,0,0,1,12,1,24,241.2919551204216,12,2,2.051571036168105,1.9206865846336747,0
724,1,0,0,0,1,1,0,27,169.61084002893483,1,8,2.2271286949798013,2.4079138279643644,0
725,0,1,1,1,1,6,0,32,211.21864117699823,4,2,1.5876795879456995,1.4340264524274953,0
726,1,0,0,0,1,1,0,27,70.44682145187075,1,0,0.235155187728677,0.0,1
727,0,1,0,0,1,6,1,23,255.93561696663548,6,3,3.67755727711304,3.4258712882360736,0
728,0,0,1,0,1,1,0,29,109.1531165109852,1,5,1.796117730183913,1.7981383816165386,0
729,0,1,0,0,1,12,0,24,193.2228993439693,12,11,2.2356660012994425,2.1061203536590094,0
730,1,1,0,0,1,12,1,36,254.9954272657001,12,10,2.7990327599621905,2.7987929260611737,0
731,0,1,1,0,0,1,0,29,5.283815422620152,1,11,3.4804281396568246,3.5342519596957462,0
732,1,1,1,0,1,12,1,34,244.8518468221684,9,4,1.2189445529569505,1.2494314685648569,0
733,0,1,0,0,1,1,0,25,169.98932027731323,1,2,2.1989685594339843,0.6491212107219615,1
734,1,1,1,0,1,6,0,26,86.27952309859894,6,6,1.4207127145707776,1.5067365743736667,0
735,1,1,1,0,1,12,0,34,177.86782208879947,12,2,2.931142659587903,2.8225989029252805,0
736,0,1,0,0,1,1,1,33,96.93117512897362,1,2,2.4803252375059737,2.541884559950286,0
737,1,1,1,1,1,1,0,28,158.87271337677475,1,2,0.8252409762450892,0.7497398032722988,0
738,0,1,1,0,0,1,1,32,89.95276171319601,1,7,2.308605718088625,2.377754544719246,0
739,1,1,0,0,1,1,0,25,183.82070522776257,1,6,1.8176823033523737,1.91150296924384,0
740,0,1,0,1,1,12,1,30,76.16745242463945,7,5,1.6076304152047132,1.80889273099354,0
741,0,0,1,0,1,6,0,30,56.21319796478779,6,2,1.422834692346184,1.3665458896824343,0
742,1,1,1,1,1,6,1,28,129.78560971994938,6,1,4.083599416174741,3.8743812550213903,0
743,0,1,0,0,1,6,1,33,93.52435609491522,6,4,1.5058453203622957,1.5489735296352145,0
744,1,1,1,0,1,1,0,27,227.4858691725933,1,1,3.1132393925875346,3.1573700494745065,0
745,0,1,0,0,1,1,0,28,262.7072860121793,1,2,1.7555765227339788,1.8916972162127783,0
746,1,1,1,0,1,6,0,27,72.22102474436066,6,7,0.3783648405239004,0.2839368314234153,0
747,1,1,1,0,0,12,0,30,261.5913053842692,12,1,0.9898055069913192,0.8350603982864029,0
748,1,1,1,1,0,12,1,33,217.748337067558,12,9,1.593358862233901,1.3951887151931082,0
749,0,1,0,1,1,1,0,26,128.00009056951254,1,2,1.2818883631387958,0.7678127902504556,1
750,1,1,0,0,1,1,0,24,186.6388437353501,1,1,1.4070508103827626,0.1513989604501877,1
751,0,1,1,1,1,6,1,28,277.04987552168745,6,3,4.257105604047747,4.131955154349855,0
752,1,1,1,1,1,1,0,31,11.485170350947234,1,1,1.1599672993796355,1.1750893120699577,0
753,1,0,1,0,1,6,1,27,18.274197380167124,6,3,0.4166628986192724,0.2389522853306658,0
754,0,0,0,0,0,1,0,29,45.43535128443701,1,0,1.8336058829288504,0.4821728966204151,1
755,1,1,0,0,1,1,1,33,0.5105450971712742,1,3,2.3289375274908584,2.442888242521108,0
756,0,1,0,0,1,1,0,29,128.66448203926282,1,1,3.450939798635024,3.3746650946257457,0
757,0,1,0,0,1,1,0,30,52.87123413334648,1,0,0.0,0.0032735656800802,0
758,0,1,0,1,0,6,1,37,215.78690470073505,4,4,1.9539302487023265,1.9183866848424616,0
759,1,1,0,0,1,12,1,31,170.0277071219676,9,2,3.7237565582282457,3.689264693443527,0
760,1,0,1,0,1,1,0,24,61.48417154719664,1,3,0.0,0.0,0
761,0,1,0,0,1,1,0,26,202.8444509944892,1,1,1.9772006998499336,1.8463724584625405,1
762,0,1,0,0,1,1,1,27,424.07081667113033,1,5,3.5474896681039403,3.7551304155004352,0
763,0,0,0,0,1,1,0,29,20.530951465039934,1,3,2.5524729967452005,2.207116805236753,1
764,1,1,1,0,1,6,0,30,79.49454486500572,2,3,2.9815306437090374,3.035320410357959,0
765,1,1,0,0,1,1,1,27,172.210086518131,1,2,1.0564676987735293,0.9607060727782896,0
766,0,1,0,0,1,12,0,22,39.36639938559591,12,11,2.6082209299375907,2.8209536690072268,0
767,0,1,0,1,1,1,0,29,243.3655275450069,1,7,2.4314095828157205,2.2842965235088903,0
768,1,1,0,0,1,6,1,32,134.41062780218903,6,3,3.8293463548060696,3.687757679263016,0
769,0,1,0,0,1,1,0,27,40.14440798448394,1,1,1.1387524129064124,0.5211574631612929,1
770,1,1,0,0,1,1,0,26,26.670860744755263,1,0,1.8988527183253296,0.9367417244602064,1
771,1,1,0,0,1,1,0,31,67.94894197747135,1,2,1.1141274597008342,1.136692543430251,0
772,1,1,1,0,1,12,1,31,63.48683114013944,12,2,2.7562246449955827,2.8079761713251163,0
773,0,1,0,0,0,1,1,30,122.00138968162616,1,0,0.5789599685146078,0.0,1
774,0,0,0,0,1,12,1,28,6.196235627475687,9,2,1.4035752329556015,1.412544976810458,0
775,0,1,1,1,1,1,1,30,210.99541233456227,1,6,3.1807245400449338,3.19209474221062,0
776,1,1,0,0,0,1,1,31,208.4270551589004,1,4,2.273497754607903,2.29580323691232,0
777,1,1,1,0,1,6,1,30,249.4580465323491,6,11,3.5839236737841365,3.612875726791279,0
778,0,0,1,0,1,1,1,25,212.7489069713164,1,3,2.0034423829956856,1.8885112940911648,0
779,0,0,0,0,1,1,0,26,2.0295612241212098,1,1,0.2410998682805769,0.0,1
780,1,1,1,1,1,1,1,29,99.18427230799956,1,4,3.713576094085624,3.742706073154897,0
781,0,1,0,1,1,1,0,21,164.37422655965003,1,0,1.683058891855202,0.8726920068794659,1
782,0,1,1,1,1,6,0,25,307.159369500642,5,5,2.9844669062940143,3.168989639254498,0
783,1,1,0,0,1,12,1,31,94.3816303609772,12,5,3.316073434571788,3.4648469102046904,0
784,0,1,0,0,1,6,1,31,216.65923057270305,6,2,4.2762954968441385,4.261644633915242,0
785,0,1,1,0,0,6,1,33,6.506291216570383,5,10,1.2824813436338272,1.235841433914492,0
786,1,0,0,0,1,1,0,21,117.76592211390852,1,2,0.8974634388858421,0.0127942747777363,1
787,1,1,0,0,1,6,0,32,138.2230764311242,6,5,2.6038982837595506,2.459854034357005,0
788,0,1,0,0,1,1,0,29,47.96709630912255,1,0,2.3859709840255485,3.086021343954372,1
789,0,1,1,1,0,6,0,34,16.97882303488592,5,8,1.3568498361180197,1.311277520873004,0
790,0,1,0,0,1,1,0,30,135.3223058118352,1,1,1.1945970010789142,1.3535364840377828,0
791,1,1,1,1,1,6,1,32,49.84918936484681,6,0,2.337640904529974,2.3276878069234583,0
792,1,1,0,0,1,6,0,26,309.77512913853843,6,3,2.6381954916261354,2.7069089031476823,0
793,0,1,0,0,1,1,0,30,303.07861592198725,1,7,1.4504628702460058,1.4856421606648147,0
794,1,1,0,0,1,1,0,23,91.59726955504844,1,0,2.0821102175729083,1.9331504647460604,1
795,1,1,0,0,1,6,0,28,280.1645328953488,6,0,0.6376470136228051,0.4383906511179349,1
796,0,1,1,0,1,12,0,29,173.70335930299217,12,5,1.9648152577785805,1.945825779531037,0
797,0,1,1,1,1,1,1,30,85.90341301051356,1,3,1.8751769543820225,1.939111783649311,0
798,0,1,0,0,1,1,1,27,88.26704378743122,1,3,1.3606362844728082,1.2969163929508027,0
799,0,1,1,0,1,12,1,37,76.99472205724037,12,11,0.4796783927772217,0.3415933159650753,0
800,1,0,1,0,1,1,0,25,145.74255064230698,1,0,1.558681127703858,1.844258521105908,1
801,1,0,0,0,1,1,1,24,103.83523560341072,1,0,0.8708652718383987,0.9338692791433778,1
802,0,1,0,0,1,1,1,25,120.5039509846644,1,6,2.2558773878532725,2.125691162273752,0
803,0,0,0,0,1,1,1,23,220.2275977649184,1,2,2.5880506815542192,3.0339358036482125,1
804,1,0,0,0,1,1,1,23,125.35134141182924,1,1,1.5704691480347972,1.2935568518618563,1
805,1,1,1,1,1,6,0,32,169.7074136689757,4,6,2.023172096964662,2.0417783461813146,0
806,0,0,0,0,1,1,0,29,147.43538881641345,1,2,3.005823971877009,2.951396674691835,0
807,1,1,0,0,1,1,0,23,215.9300032029624,1,4,1.2839452903999964,0.5998890823237302,1
808,0,1,0,0,1,1,1,30,129.22345793222684,1,5,1.826115229769628,1.769320220389926,0
809,0,1,0,0,1,1,0,35,224.019816887839,1,3,4.214105922988947,4.433794493248468,0
810,0,1,0,0,0,1,0,28,214.3299564687268,1,11,3.700020247571967,3.610445142471992,0
811,0,1,1,1,1,6,0,27,408.6582348950506,6,2,2.791263738117732,2.7006597296760595,0
812,0,1,0,0,1,1,1,23,30.40974910851543,1,2,2.3781225171046145,2.784798863156841,1
813,0,1,0,0,1,1,0,30,131.66258939549428,1,6,1.6059767062098045,1.6581963643748856,0
814,1,1,1,1,1,6,1,34,115.8692419392405,4,9,0.6524742996782606,0.5706731218986523,0
815,0,1,1,1,1,12,0,31,179.13493986172747,11,3,0.6614395566055016,0.7273466389619104,0
816,0,1,1,1,1,6,1,26,227.77347779311745,6,3,2.6540110227062272,2.6895879706191934,0
817,0,1,0,0,1,1,1,30,140.14766368853924,1,0,0.8558954504292726,0.1053812291462872,1
818,1,1,0,0,1,1,0,28,244.16602722539417,1,4,2.7409530009477634,2.6811469195397644,0
819,0,0,1,0,1,12,0,29,282.2401301549674,12,3,1.2772048267458491,1.4024377599165363,0
820,1,0,1,0,1,1,0,33,93.77860345256892,1,3,1.4268087984908029,1.422600935295218,0
821,0,1,0,0,1,1,0,25,1.2576737792886092,1,1,2.0641721878861667,1.468765694002002,1
822,1,1,0,0,1,1,0,30,98.70957181094086,1,1,2.443442154960118,2.4484950720874705,0
823,0,1,1,1,1,1,1,29,424.07081667113033,1,10,3.157763830742128,3.154869258110422,0
824,0,1,1,0,1,1,0,31,331.56729595179263,1,6,0.686940687080434,0.605373823889181,0
825,1,1,1,0,1,1,1,33,162.89088239091882,1,11,0.4561128706588835,0.5470414695762911,0
826,0,1,0,0,1,12,0,31,29.197318313049017,10,7,2.1714965828171446,2.3392263285214434,0
827,1,0,0,0,1,1,0,32,212.54445404820285,1,4,2.3675500304360595,2.258848932194868,0
828,0,1,1,1,1,1,0,28,266.10583581974856,1,11,1.5499839207518444,1.6321468810941746,0
829,1,0,1,0,1,1,0,29,193.10612524700304,1,0,1.4349759313250274,0.3565246944934275,1
830,0,0,0,0,1,1,0,30,32.64928000044888,1,0,2.1826540142142754,1.821093306086528,1
831,1,1,0,0,1,1,0,27,76.46404326884523,1,0,2.0543446345280763,1.4551716324623465,1
832,0,1,1,1,0,12,1,26,26.83992581583405,12,5,0.2209687025083102,0.2884503048820689,0
833,0,1,1,0,1,1,0,35,104.26260229551264,1,5,1.4657692849940442,1.5509000887467677,0
834,0,1,0,0,1,1,0,26,109.52217868305868,1,1,1.320456954427954,0.519919082681087,1
835,0,1,0,0,1,1,1,31,126.36051542860564,1,6,2.2118589041239924,2.27730932408688,0
836,0,0,0,0,0,1,0,31,139.6654565104351,1,3,2.1041850448970907,2.144783877291617,0
837,1,1,0,0,1,6,1,33,167.5902863717333,6,2,3.199802006594987,3.0562606790859626,0
838,0,1,1,0,1,1,0,27,109.89239360465638,1,5,3.688624425541181,3.6692050601691504,0
839,0,1,0,0,1,1,0,30,108.81046040220345,1,1,1.478378998850454,1.6991286907006424,1
840,0,1,1,1,1,12,0,32,137.84714667152315,11,3,2.234327532539274,2.176055678280251,0
841,1,0,1,1,0,1,1,26,179.27501917707423,1,1,2.662378907003581,1.5975996924456313,1
842,1,0,0,0,1,1,0,34,190.10267111553745,1,4,2.2443212740927225,2.1794234999360658,0
843,1,1,1,1,1,1,1,35,126.8208182148902,1,4,2.1089127762124384,1.941381958286492,0
844,0,1,0,0,1,1,1,34,244.28410645788347,1,2,3.0881050034251807,3.0230964188130733,0
845,0,1,1,0,1,6,0,31,206.76280950792443,6,3,0.861286158051908,0.8075379677465921,0
846,0,1,0,0,1,6,0,28,134.9747944059709,5,0,1.3243226041155314,1.3360120607850874,0
847,0,0,0,0,1,1,0,30,155.0252109409992,1,3,1.0321627151230204,0.9434241983951036,0
848,0,1,0,0,1,6,1,30,184.7230306346789,6,8,2.532587238742805,2.6248640801791296,0
849,0,1,0,0,1,1,1,25,173.26168125060485,1,1,1.139817177621413,1.106280108055104,0
850,0,1,0,0,1,1,0,25,266.29355491675807,1,0,1.4941518943831251,1.7233180067396547,1
851,1,1,0,0,1,1,0,26,134.6994102859598,1,2,1.0107677611735313,1.5055284156238005,1
852,1,1,0,0,1,1,0,33,191.9469992774933,1,3,2.5093917901743685,2.3480564587743977,0
853,0,1,1,1,1,12,1,24,92.46848374990678,12,0,1.3865635741603093,1.4090454489746551,0
854,1,0,0,0,1,1,0,33,80.52141252423884,1,3,0.9507303754121228,0.7818238209388545,1
855,1,1,1,0,1,12,1,31,69.31928874091552,12,3,1.1161973017924498,1.1848615709919357,0
856,0,1,1,1,1,6,1,28,4.74975346205413,6,3,2.5980428128998807,2.4537662244815817,0
857,0,1,1,1,0,1,1,27,62.17956217779064,1,0,1.3274270688596066,0.2496891080314742,1
858,0,0,0,0,1,1,1,31,93.6076108400538,1,6,3.91425566850796,3.961001939212495,0
859,1,1,0,0,1,12,1,27,22.46025434449272,12,1,1.233144234754883,1.459644012339164,0
860,0,1,0,0,1,1,0,26,189.31685441469008,1,1,2.0254047188343445,1.7563205846258458,1
861,0,1,0,0,0,1,0,28,33.592863094456895,1,1,1.3688996572838,1.4197378028047676,1
862,0,0,0,0,0,1,0,26,6.333391056508546,1,0,0.9314176625099636,0.3792345793336392,1
863,1,1,0,0,1,1,0,34,424.07081667113033,1,1,1.872358661163752,1.892621194180324,0
864,1,0,0,0,0,1,0,27,10.847254901193011,1,0,1.6008926765867404,1.6091730010598668,1
865,1,0,1,0,1,1,0,28,191.71814435323867,1,9,2.350243736081786,2.2185181567678045,0
866,0,1,1,1,0,12,1,33,347.5647591804475,12,1,0.0549500673658516,0.1592912316532215,0
867,0,1,0,0,1,6,0,31,260.22289730502393,6,3,1.4507550623461498,0.8119410721503916,1
868,0,1,1,0,1,12,0,30,188.66946574512315,12,2,2.414795979509857,2.36844631660273,0
869,1,1,0,0,0,1,0,28,104.55001837237012,1,6,2.0738132693068825,2.1554377662402366,0
870,0,1,1,0,1,1,0,27,151.00606961620932,1,1,1.0266296359594518,1.3688846082816255,1
871,0,1,0,0,1,1,1,32,67.58777453164369,1,4,1.216622154122759,1.3338633380954563,0
872,1,1,0,0,1,6,1,31,263.4142856906876,4,1,1.2589934649680077,1.3147775977239282,0
873,1,1,1,0,1,12,0,27,38.70370109600368,12,6,2.3046834580202145,2.3817760260228846,0
874,0,0,1,1,1,1,1,24,118.40308982770752,1,0,1.4468573987212747,0.97718771276603,1
875,0,1,0,0,1,12,0,32,175.31659286981582,11,3,3.1666952862610955,3.0711299808864645,0
876,1,1,0,0,1,1,0,29,49.09945187539921,1,6,2.63184265992026,2.6562693120703464,0
877,0,1,1,1,1,6,0,31,248.3569549742783,6,1,2.125058411766723,2.0514801989395166,1
878,0,1,1,1,1,6,1,27,74.5631273483407,6,5,3.4954265543892302,3.4931849732566915,0
879,0,0,0,0,1,1,0,31,49.8424766234962,1,2,2.4087710730551346,1.6788351639373058,1
880,1,1,0,0,1,1,0,26,132.30582257215093,1,0,0.7446546336657343,0.3663267973599255,1
881,1,1,0,0,1,1,0,27,223.0770265134266,1,1,3.47442826887,3.5814259790832588,0
882,1,0,0,0,1,1,0,28,134.02379452066302,1,1,3.1692569894410085,3.0768602923531723,1
883,0,1,1,1,1,6,1,23,35.276584810343046,5,6,1.811854797371715,1.837657496395288,0
884,1,1,1,1,1,6,0,25,150.8785117260243,6,3,1.5253391835073793,1.5464526417447044,0
885,1,1,0,0,1,1,1,28,202.8695714953415,1,1,1.3255571086378608,1.323743796344128,0
886,0,1,1,1,1,12,1,28,228.29636455793764,12,7,2.1304565966137807,2.2405352486229413,0
887,1,1,1,0,1,12,1,26,80.66238212954931,12,1,0.3260902545510165,0.0,1
888,1,1,1,1,1,6,0,30,25.88918028240198,6,1,3.5214175233162988,3.3317203779024864,0
889,1,1,1,1,1,6,0,32,131.51536084019958,5,2,2.338527728662787,2.3501049704210994,0
890,0,1,1,0,1,1,1,29,219.4367262187751,1,5,2.9449057243348213,3.0146947490938185,0
891,1,1,0,0,1,1,0,27,17.911351076405712,1,1,1.049342063703354,0.1453722883485475,1
892,0,1,1,1,1,1,0,27,7.65208997925555,1,0,1.2671365611396843,1.0063452517163958,1
893,0,1,1,1,0,12,1,31,47.107326617153,11,1,1.5679295462054623,1.7290945620002804,0
894,0,1,1,0,1,6,1,31,287.1859956447229,6,2,1.481877238770292,1.559308967542619,0
895,1,1,1,1,1,12,1,27,20.447039624125622,12,4,0.5935683508662943,0.7435936894772566,0
896,0,1,1,1,1,1,0,27,48.8267527356102,1,0,0.5606742979264016,0.3634395193233929,1
897,1,0,0,0,1,1,0,33,153.6732461061313,1,3,3.188692173088997,3.11172099896668,0
898,1,1,0,0,1,12,0,31,116.05408247589642,10,11,2.3787478129857456,2.3073117793700617,0
899,1,1,0,0,1,1,1,26,84.32011180145994,1,10,2.153606213915765,2.2600818302081858,0
900,0,1,0,0,1,1,0,31,282.45068184937486,1,1,1.418379506177002,1.4221469668487143,0
901,1,1,1,1,1,12,1,31,142.57992704753548,12,1,1.1561005446664865,1.189768376094498,0
902,0,1,0,0,1,1,1,31,140.41634640733795,1,3,0.8352741372472006,0.8213558739889518,0
903,0,0,0,0,1,1,0,31,71.47910800529985,1,4,4.56888321649385,4.482544624234039,0
904,1,1,1,1,1,6,1,27,216.0170714134423,6,4,0.1391528451405006,0.0545917608875756,0
905,1,1,0,0,1,6,1,27,204.40896731152705,6,1,2.3157839869742625,2.1580587810164147,1
906,1,1,1,1,1,6,1,32,90.24237917915757,6,11,1.3368085783229553,1.384729802793963,0
907,1,1,0,0,1,12,1,26,45.562326174271575,2,1,2.4458499396815867,2.522232753138212,0
908,0,1,0,1,1,6,1,30,175.56115857345242,4,2,1.1344271878031118,1.1991633803057884,0
909,0,1,1,0,1,1,0,28,144.83877992112414,1,3,1.9373541131695349,1.835331592783012,0
910,0,1,1,0,1,6,1,36,31.551994431159912,6,7,2.389646379102329,2.6128469880021497,0
911,0,1,0,0,1,1,0,28,110.25890823229976,1,5,1.8977491735938967,1.7780298959825749,0
912,0,0,0,0,1,1,0,32,243.77701014924992,1,2,0.6431016453818347,0.1165367367207688,1
913,0,1,1,1,1,12,1,26,269.15033642222386,12,5,1.3350409326211623,1.4716008416276678,0
914,0,1,0,0,1,6,0,27,172.58541174768413,6,4,1.8354028068509685,1.8696691244430288,0
915,0,1,0,0,1,1,0,24,149.85863472718805,1,3,2.192315718861262,1.2552073425142358,1
916,1,1,1,1,0,12,1,30,256.68535478657867,11,11,1.2026114845370866,1.3840897646798302,0
917,0,1,0,0,1,6,1,29,228.53675325643096,5,2,0.1263817615280951,0.2013793689900016,0
918,1,0,0,0,1,1,0,25,168.60971463349932,1,1,1.6254224842406948,0.8523729409209241,1
919,0,1,0,0,1,12,1,33,161.53532327054938,9,1,3.6086748663086334,3.554158958236955,0
920,0,1,0,0,1,1,0,33,97.80943720551828,1,0,1.083470868671227,0.8287219799832821,1
921,1,1,1,1,1,12,1,33,241.43728372389305,11,7,2.6151104120005413,2.4698478237213624,0
922,0,1,0,0,1,12,0,32,52.21675282986959,12,5,1.3004923469678853,1.3361813408807257,0
923,1,0,1,0,1,1,0,26,21.60377913330356,1,0,1.7271298668549149,0.2206595732313498,1
924,0,1,0,0,1,1,0,32,173.78972538583088,1,5,2.73785894799587,2.9978347921307025,0
925,0,0,0,0,1,1,1,31,30.864817430912765,1,2,2.4739851987038066,2.396000114295589,0
926,1,1,0,1,1,1,1,31,101.323360154516,1,10,3.206091602379784,3.1927003095820536,0
927,1,1,1,1,1,12,0,30,293.59003001557545,12,1,1.1656649732704905,1.3160543826641709,0
928,1,1,1,1,1,1,0,35,114.34709182103018,1,7,3.5683459560726942,3.548644109948132,0
929,0,1,0,0,1,1,0,30,269.84706484184693,1,1,2.985722840392723,3.017419254757964,0
930,0,1,1,0,1,12,1,30,69.39137422013381,8,1,2.7035036734040743,2.7383069243042724,0
931,1,1,0,0,1,1,1,29,154.7098169226145,1,11,1.7615673572350927,1.7060988875021212,0
932,1,1,1,0,1,12,1,27,164.31955679589976,10,5,0.8115714421572253,0.8316864432861727,0
933,0,1,0,0,1,1,1,31,171.90843623691978,1,7,2.8449511629451765,2.7429891663199903,0
934,1,1,0,1,1,12,1,28,215.8526291503753,12,3,0.0,0.0,0
935,0,0,0,0,0,1,0,23,154.5452103820751,1,4,2.6737364147761213,2.5897904392892794,0
936,0,1,0,1,0,1,0,30,165.24958649485296,1,4,2.2075967518497444,2.244888267279819,0
937,0,1,1,1,1,6,1,30,198.5785144284624,5,8,4.088374567546111,4.040603809590706,0
938,1,0,1,0,1,1,0,33,287.8679842998414,1,1,1.3511188119918691,1.2404070223064796,0
939,0,1,0,0,1,1,0,31,90.12913290806708,1,9,2.900216023746024,2.888705791904333,0
940,1,1,0,0,1,1,0,30,203.4717522786964,1,2,1.3763529912642234,1.361139854073408,0
941,1,1,0,0,0,1,1,32,89.98505806299778,1,1,2.0641655204519225,2.10123895810467,0
942,1,1,0,0,1,1,0,35,1.600346951440585,1,2,1.0454379897916342,0.8903463958147915,1
943,0,1,0,0,1,1,0,26,127.46449929048175,1,1,2.248209190783067,2.4986556871061016,1
944,1,1,1,0,1,1,0,28,65.3011863314245,1,1,2.6597549634417184,1.5159539187733138,1
945,1,1,0,0,1,12,0,37,299.17953733356467,12,2,1.7861693680690545,1.732090335683895,0
946,1,1,1,1,1,12,1,30,246.0790629662445,9,11,0.0064356961313476,0.0,0
947,1,1,1,1,1,12,1,34,262.9931157829711,9,6,1.5701607531114723,1.4885438587683812,0
948,0,1,1,1,1,6,1,27,259.92553579305815,6,4,1.4439051925032134,1.460368990306515,0
949,0,0,0,0,1,1,1,32,70.06782540019435,1,2,0.4726228532440955,0.3683595447881656,0
950,0,1,1,1,1,12,0,30,158.4071384442397,11,1,1.4692737957619273,1.5414041843988129,0
951,0,1,0,0,1,1,0,21,265.944604572652,1,1,2.141544131445925,2.080420375990783,1
952,0,1,1,1,1,12,0,24,204.61294994263653,12,2,2.1043314996815106,2.1136347374226627,0
953,1,0,0,0,1,1,0,31,80.9073366403753,1,0,2.6282557206515755,2.5930920259648347,0
954,1,0,0,0,1,6,1,30,250.6977994168339,6,1,3.197085142498408,3.4191444557138686,0
955,0,1,1,1,1,12,1,34,96.0876091758984,11,4,2.37081128336438,2.3025028669131165,0
956,0,1,1,0,1,6,1,35,225.1850042759018,6,2,1.2024845980573755,1.164569401778136,0
957,0,1,0,0,1,1,0,26,147.9656408078873,1,0,1.4160322383521864,0.5976294921335052,1
958,1,1,1,0,1,1,1,23,81.20212028036187,1,1,0.1593155217317152,0.0,1
959,0,1,0,0,1,1,1,26,161.14258537039876,1,0,1.9204855836140264,0.9603138262870246,1
960,0,0,0,0,1,1,0,25,125.70563462198736,1,1,1.0336248159276311,0.0,1
961,1,1,0,1,1,1,1,27,180.02602210873505,1,2,1.5750632100497826,1.4032586997932457,0
962,1,1,1,0,1,1,0,34,21.794636302046104,1,8,1.3927587411085005,1.389592138869058,0
963,0,1,1,1,1,6,1,27,37.679740507909386,6,11,0.7628655358055139,1.010568848086142,0
964,1,1,0,0,0,1,0,23,257.7217488706427,1,2,3.5664313554268112,3.5721594832060486,0
965,0,1,0,1,1,6,0,29,98.6952598267108,5,3,2.7224650710789846,2.6870430665025498,0
966,1,1,0,0,1,12,0,36,156.80975640745154,12,3,0.5860735563476944,0.6221730505023947,0
967,1,0,1,0,1,1,1,26,38.7980962590864,1,0,1.057863321359612,0.815280739324405,1
968,0,1,1,1,1,6,1,28,242.15224265279164,6,4,2.7881180116245163,2.703736907256316,0
969,0,1,0,1,1,12,0,30,196.701753334316,12,6,3.4040935785218167,3.481670820862024,0
970,1,1,0,0,0,6,1,31,278.59917093721407,6,9,2.675603454802048,2.607345932248685,0
971,1,1,1,0,1,1,0,31,11.916705165936277,1,0,1.7794570650211308,1.332878085116398,1
972,0,0,1,1,1,1,0,30,84.78552222511374,1,1,1.2439155395970958,0.0,1
973,0,1,1,1,1,12,1,24,125.43144201013806,10,2,3.067266186450181,3.1616184994184344,0
974,0,1,1,1,1,1,0,31,187.3612457644976,1,2,1.7163001814425822,1.7337011187204634,0
975,0,0,0,0,1,1,0,29,81.6317751381772,1,1,1.2956839606834067,0.8913150528766658,1
976,0,0,1,0,1,12,1,32,424.07081667113033,12,1,0.8878591925584878,0.939303540309592,0
977,0,1,0,0,1,12,1,32,290.04739352712,11,11,2.1851129626660657,2.204389465003417,0
978,0,0,0,0,0,1,0,31,279.0033804874264,1,9,1.897191253106352,1.885118702648645,0
979,1,1,1,0,1,1,0,32,180.7635899102696,1,1,1.6116635562137778,1.7633033974310193,0
980,0,0,0,0,1,1,0,29,154.97800029707574,1,0,1.495421395539349,0.7192976863414229,1
981,1,1,1,0,1,12,1,35,147.8265127392659,12,1,2.1773326132885047,2.26167405321954,0
982,0,0,0,0,0,1,0,31,136.9172943213195,1,2,0.6010591159822113,0.0,1
983,0,1,0,0,0,1,0,30,107.73050682718424,1,0,1.1885843149475952,1.481934797967725,1
984,1,1,0,0,1,1,0,26,195.0872189157629,1,11,1.6727461107351336,1.5195068511943142,0
985,1,0,0,0,1,1,1,28,161.8120374777373,1,6,3.0435520315227915,2.9495967922077115,0
986,1,1,0,0,1,12,0,25,223.25045973551929,12,1,0.0,0.0,0
987,1,1,0,0,1,6,1,34,110.95673103075208,6,1,0.7300136961459263,0.8289573195366374,0
988,1,1,0,0,1,12,1,30,283.54120445319506,12,2,2.0463443006420725,2.236970696331936,0
989,1,1,0,1,1,12,1,30,140.98675852112308,10,4,2.3182739146352938,2.349477203259809,0
990,0,1,1,0,1,6,1,29,13.295275364007326,6,3,1.2163849186904334,1.178247785222527,0
991,1,1,0,0,1,6,1,31,219.6158757471227,6,1,1.7385623353727342,1.8261102997740275,0
992,0,1,1,0,1,1,0,30,93.944968168867,1,9,2.7108367747786737,2.639960429519148,0
993,1,1,1,0,1,1,0,28,247.59890768086257,1,2,3.3458116241966183,3.362321061372063,0
994,0,0,1,1,1,12,0,30,47.302766561177634,12,5,2.1714442367769564,2.1848575910974817,0
995,0,1,0,0,1,12,1,31,221.10035970319973,12,3,2.4099161919966794,2.432461735431392,0
996,1,1,1,1,1,6,0,30,10.081277088784615,5,6,0.2590650819254869,0.3587787411917959,0
997,1,1,0,0,1,1,1,33,208.07167249654805,1,8,1.9744165809482888,1.5187662566696254,1
998,1,1,0,0,1,1,1,24,98.72957048763855,1,1,2.4797322478146144,2.9768044044857342,1
999,1,1,1,1,1,12,1,33,29.40562926412387,12,1,1.3821282076638737,1.4832429990502107,0
1000,0,1,1,1,1,12,1,28,424.07081667113033,9,1,1.7180641106434795,1.6558715117824805,0
1001,1,1,1,1,1,12,1,25,200.49951991782183,12,1,1.8476955514371431,1.894034248589073,0
1002,1,1,0,0,1,1,1,27,352.19522756676366,1,2,2.3111371904068765,2.3407715954931616,0
1003,1,1,0,1,1,1,1,30,163.53735157941753,1,8,1.8603767237435127,2.029575198612966,0
1004,1,1,1,1,1,6,0,28,13.586563808387242,6,1,3.3160655047192265,3.273927523301212,0
1005,0,1,0,0,1,1,0,28,108.92574783433624,1,0,1.7572857851197137,2.0945651136254715,1
1006,1,1,1,1,1,1,1,35,100.99788478733744,1,8,1.6458528375937038,1.6517310058501142,0
1007,1,1,0,0,1,1,0,28,36.90839248124439,1,5,2.8009909235631416,2.8098102438312327,0
1008,0,1,0,0,1,1,0,27,26.73796033491593,1,3,0.2504800137096269,0.3782040538671221,0
1009,0,1,1,1,1,1,0,25,95.14059114233936,1,2,1.7446593773802952,0.3019185701453431,1
1010,1,1,0,0,1,1,0,27,37.6183704343856,1,6,3.096741003968395,3.017834620892338,0
1011,0,1,1,1,1,12,0,32,181.4188513740968,12,3,1.9949325002474445,1.9186477064120435,0
1012,0,1,0,0,1,1,0,27,277.7491168212823,1,1,2.5242751938754417,2.3912438265662392,0
1013,0,0,0,0,1,1,1,28,20.4566155661218,1,4,3.5186264208190323,3.415389530046244,0
1014,1,1,1,1,1,12,1,21,100.19800725914509,5,5,2.2130915081089446,2.345300895690297,0
1015,1,1,0,0,1,1,1,37,76.26397153099406,1,2,2.4693133944853645,2.4026405378082987,0
1016,1,1,1,1,1,12,1,32,4.920061554950221,12,0,3.7342996194697538,3.6846518578583054,0
1017,0,1,0,0,1,1,1,36,183.6455996247281,1,6,2.65705045877232,2.6482531985571023,0
1018,0,0,0,0,1,12,1,24,274.5614991855627,7,11,1.2096509635358197,1.2405015030551765,0
1019,0,1,1,1,1,12,0,28,84.89121627537787,11,1,2.8167485742019456,2.7679725707966427,0
1020,1,0,1,0,1,6,1,27,7.200534907109827,6,5,2.725371718849836,2.702925839263206,0
1021,1,0,1,1,1,1,0,28,196.66093826256167,1,4,2.593065076364162,2.442352215996268,0
1022,0,1,0,0,1,6,0,34,125.65763947651428,6,2,1.221617219100654,1.2695210861205497,0
1023,1,1,0,0,1,1,0,29,50.50142704436972,1,1,1.4840683950188247,1.173777902212741,1
1024,0,1,0,0,1,12,0,33,267.47205747666857,4,1,0.7632647031326634,0.8246032352617872,0
1025,0,1,0,0,0,1,0,30,152.3407765457481,1,2,1.9515519349698711,1.0589058788860948,1
1026,0,1,1,1,1,12,1,30,191.3838798415796,12,11,1.867538385633848,1.7953775609599485,0
1027,1,1,0,0,1,1,0,30,358.88764731678435,1,1,4.152055498946529,4.037862769457233,0
1028,0,1,0,0,1,1,0,28,72.10447535962639,1,5,0.8439153115212648,0.928676927148038,0
1029,0,0,0,0,1,1,0,25,30.71265251383784,1,1,1.840853506515561,0.8066342804447373,1
1030,1,1,0,1,1,1,1,25,267.6454794880021,1,4,3.0473617839279465,3.233859098386608,0
1031,0,1,0,0,1,12,0,27,79.84522427742365,12,0,1.0079479250833887,1.0337781056411504,1
1032,1,1,1,1,1,12,1,30,97.37332370027252,12,1,3.0339467878058595,3.043235858572748,0
1033,1,1,0,1,1,1,0,32,161.67687955234467,1,5,1.9172877959337653,1.9792576554762893,0
1034,0,0,0,0,1,1,1,24,131.6940837184188,1,1,1.587589070297192,1.6575126924409174,0
1035,0,1,1,1,1,6,0,27,25.684052170776468,6,1,1.0198362597209978,1.4757559041674946,1
1036,1,1,0,0,1,1,0,30,122.87642857489251,1,2,2.3120624317954976,1.7740618257333058,1
1037,0,0,1,0,1,1,0,32,63.67269984123503,1,8,1.5756330384317965,1.616485258577054,0
1038,1,0,1,0,1,1,0,27,266.30378058803416,1,1,1.5971578340056745,0.0802991222686166,1
1039,1,1,0,0,1,1,0,25,164.30956056437643,1,0,2.2455423761069886,2.123614751997357,1
1040,0,1,1,1,1,6,1,28,51.973905496784354,6,3,3.1424316631318177,2.9983363838420862,0
1041,1,0,1,0,1,1,0,25,19.493533340428048,1,0,0.3239577244199934,0.0,1
1042,1,1,1,0,1,12,0,26,174.9963029192636,12,3,2.1626451124575703,2.3031390284746625,0
1043,0,1,1,1,1,1,0,31,44.852110464178175,1,3,1.7334016305719226,1.4827570164640929,0
1044,1,1,0,0,1,12,1,33,275.02508398561,11,4,0.4029455891792824,0.5084313113858941,0
1045,1,0,1,0,1,1,0,28,34.1996574013703,1,7,3.584781966927023,3.5667481549595617,0
1046,1,1,0,0,1,6,0,26,396.0704467867084,6,1,2.326106555161265,2.3854122018549595,0
1047,1,1,1,1,1,1,1,29,176.0513660927139,1,6,1.3962355642710156,1.3536717016523732,0
1048,0,0,1,0,1,1,0,30,26.989301288349463,1,2,2.8606957304628584,2.8331988793236897,0
1049,1,1,0,0,1,12,1,34,112.88942529434284,12,1,1.1373377570431231,1.1151631406368696,0
1050,0,0,1,0,1,1,1,27,121.74319804803676,1,1,2.1066874398252,2.1171925121596824,1
1051,0,1,1,0,1,6,1,23,141.58747056342338,6,2,0.0,0.0,0
1052,1,1,1,0,1,1,0,24,250.050054686681,1,1,1.9564379975269512,1.4836121846500547,1
1053,0,1,0,0,1,1,1,33,209.4513786790856,1,5,1.4587758274162068,1.5078165010888511,0
1054,1,1,0,0,0,6,1,29,83.70086970524274,6,4,2.271472195227369,2.4192440564493616,0
1055,1,0,1,0,1,1,1,28,50.09310515449668,1,0,1.4625105806526997,0.6996008249340102,1
1056,1,1,0,0,1,1,0,29,220.1855200297689,1,3,0.7164604480819725,0.5781450760597541,0
1057,1,1,1,0,1,1,1,28,272.1537800794748,1,11,3.020038658452488,3.0292756951327187,0
1058,1,1,1,0,1,12,1,26,242.09340750398263,12,2,2.896090713119189,2.806799871244346,0
1059,0,1,0,1,1,6,0,25,62.92241079350276,5,0,2.223131317580967,1.3380290355263602,1
1060,0,1,1,0,1,1,1,30,169.25103656268817,1,10,2.5331242734371826,2.3600769434608586,0
1061,0,1,0,0,1,1,0,24,60.912566727927405,1,1,2.835538055442108,2.7652467800145133,0
1062,1,1,0,0,1,1,0,27,123.2195957781072,1,0,2.4059435422246223,2.5318176639640253,1
1063,1,1,0,0,1,1,0,26,257.27825032737485,1,2,3.7422239000741415,3.7403273707998856,0
1064,1,1,1,1,1,12,0,27,265.1072385419513,10,5,2.14562035865787,1.9177309797257425,0
1065,1,1,1,0,1,12,1,29,69.97534909742677,12,7,3.031378078362588,2.9303239618758288,0
1066,0,1,1,1,1,12,1,31,85.73848174763819,12,6,2.7545719614606194,2.665089419155533,0
1067,1,0,1,0,1,1,0,29,6.422385227649058,1,1,1.9003175587481853,1.6441763619182233,1
1068,1,1,1,1,1,12,1,28,360.3221300600816,12,4,3.2670689012926246,3.2605239324567057,0
1069,0,1,0,0,1,1,1,29,272.2287635995464,1,2,1.2291897250730324,0.2826620874464241,1
1070,1,1,1,1,1,1,0,32,175.69974641695518,1,0,1.388608874878562,1.0064242878770977,1
1071,0,1,1,0,1,1,0,25,88.42962525544813,1,4,2.088593642315879,2.056126982941324,0
1072,0,1,1,1,1,12,0,28,320.4719933466525,8,2,1.282495458741917,0.5359760049303319,1
1073,0,1,0,0,1,1,0,31,18.33467741051173,1,2,0.4671503087505493,0.569598205860352,0
1074,1,1,1,0,1,12,0,28,43.44094932384397,9,3,3.6406667400798063,3.720636058594738,0
1075,0,1,0,0,1,1,1,32,102.61637419379971,1,4,1.2351400353434687,1.0426580429954972,0
1076,0,1,1,0,1,1,0,29,82.5963714730878,1,3,2.0466757840258567,1.9461706624674429,0
1077,0,1,0,0,1,1,1,29,202.3444835122049,1,2,2.5588075437515734,2.5042737240898902,0
1078,1,1,0,0,0,1,1,31,342.1125579154743,1,10,1.7345026176811893,1.7882945702554656,0
1079,1,1,0,0,1,1,0,27,24.553944989375186,1,4,1.3905347332049178,0.9794450922095258,1
1080,0,1,1,1,1,12,1,32,32.30660714063879,12,11,2.4237991514872568,2.462410228521233,0
1081,1,1,0,0,1,1,0,26,404.786207360004,1,7,3.1250385316340923,3.158201540168548,0
1082,1,1,1,0,1,6,0,27,98.08747900238627,6,2,3.057608260919769,3.0339440280814856,0
1083,0,0,0,0,1,1,0,32,59.42079881396981,1,1,0.0853871397654599,0.4844183282922763,1
1084,0,1,1,1,1,12,1,30,148.80542031488267,12,3,1.3912924892057594,1.5274382355958918,0
1085,0,1,1,1,0,12,0,23,198.5053305792081,10,8,0.6276171086910429,0.6128310414246689,0
1086,1,1,0,0,1,1,1,32,23.459007986429445,1,0,3.0267857468501167,2.8562124013227304,0
1087,0,1,1,1,1,12,1,31,318.834106754099,8,11,3.167324540739441,3.091391909714281,0
1088,1,1,0,0,1,6,0,22,162.446887825788,5,0,1.3267908681797365,0.125039227847763,1
1089,0,1,0,0,1,1,1,33,273.04247233402725,1,5,2.3673800460913665,2.2389791935970726,0
1090,1,1,1,1,1,12,1,32,173.9153488556863,10,1,1.309502186063776,1.26571094768532,0
1091,0,1,1,0,1,1,1,29,98.96024723841973,1,11,0.4471168292833034,0.5670832966618,0
1092,0,1,0,0,1,1,0,36,303.639940285414,1,5,2.057776053510577,2.0685895895052813,0
1093,0,1,1,1,1,1,0,33,151.8162908172245,1,3,1.4823346820701109,1.4291650479649167,0
1094,1,1,1,0,1,6,0,23,261.36063504950585,6,3,3.2783240058020384,3.320996470074121,0
1095,1,1,1,0,1,1,0,25,296.14637812936434,1,0,2.0708385926142143,1.0903656225663312,1
1096,1,1,1,1,1,6,1,30,342.37483835227937,6,2,2.3382647771431344,2.3621913133736814,0
1097,0,1,1,1,1,1,1,29,233.53801379705024,1,1,2.2332533973648614,2.1290146870422344,0
1098,0,1,1,1,1,6,0,25,110.2317124845241,6,0,0.7862011179185837,0.8085605715072275,1
1099,0,1,1,1,1,1,1,35,32.68330832271645,1,3,2.7568657941135046,2.9202383921795265,0
1100,1,1,0,0,1,12,0,30,70.03765493162818,8,10,0.968884444677478,0.9593346484596834,0
1101,1,1,0,1,1,12,0,29,38.993561688579184,10,9,0.0601244587849647,0.0137878683240488,0
1102,1,1,1,1,1,12,0,29,110.84296759529934,10,2,1.4183257005754366,1.36257481837677,0
1103,0,0,1,1,1,1,0,32,124.09675827729544,1,1,2.8687055499713168,2.9922093463919004,0
1104,0,1,0,0,1,1,1,26,1.2504126831117477,1,3,1.903782144951612,1.8052061891856463,0
1105,1,1,1,1,1,6,1,25,217.9471036856032,5,6,2.081984992325878,2.19495932750472,0
1106,1,0,1,0,1,1,0,28,86.9531999151943,1,2,2.6629012699328847,2.5326252440647807,0
1107,0,1,0,0,1,12,1,35,151.39247428423928,12,2,2.488619422420064,2.4329310101507446,0
1108,1,0,0,0,1,1,0,25,138.3631408850736,1,2,0.5485406910007828,0.0,1
1109,0,1,1,0,1,1,1,29,115.66246675795324,1,1,1.4565365559919126,1.3455851861002277,1
1110,0,1,0,0,1,12,0,29,231.7482401016552,8,1,3.1322112354139167,3.1742942195542385,0
1111,1,1,1,1,1,12,1,34,216.14350612220767,12,3,2.212150053975744,2.1648813642734965,0
1112,0,1,1,1,1,6,0,24,65.20237982368145,4,2,0.8534260460089717,0.6029947431841254,1
1113,0,0,1,0,1,1,0,31,220.68001255571576,1,7,2.5829300609405816,2.530401047600035,0
1114,0,1,0,0,1,6,0,26,8.649808932194361,6,11,0.1644185629869836,0.1204634919774526,0
1115,0,1,1,0,1,12,1,33,200.0715419292381,12,4,3.379991155825744,3.3984920439590605,0
1116,1,1,1,1,1,1,0,33,34.45225238463675,1,1,0.9134695605776092,1.268163265747049,1
1117,0,0,0,0,1,1,0,29,133.54075054249594,1,2,1.922427907516532,1.5308760913577548,1
1118,0,0,0,0,1,1,0,30,133.64010757248352,1,0,1.0238152021097358,0.6446098718764732,1
1119,1,1,0,0,1,1,0,30,41.76716433900015,1,1,1.523789825388265,1.3923514994908894,1
1120,1,1,0,1,1,1,1,29,234.92949121547,1,6,1.4162968019468154,1.514682253130104,0
1121,0,1,1,1,1,1,0,32,236.06497932875297,1,4,1.8609420712940463,1.7772646165283132,0
1122,1,1,0,1,1,6,0,30,206.14409813231973,6,0,0.8662174692153612,0.0705522308485679,1
1123,0,0,0,0,1,1,0,25,154.01048214668958,1,5,2.961949296773777,2.8907845344256864,0
1124,1,1,1,1,1,12,0,28,281.6881936454972,12,1,0.634576287238487,0.5293061697812009,0
1125,0,1,0,0,1,12,1,25,404.4406413936107,11,8,0.5031504696905602,0.4585673964775591,0
1126,1,1,1,1,1,12,0,34,242.60631069094487,12,9,0.4856367570956743,0.5922316558318648,0
1127,0,1,1,0,1,12,1,27,322.52535973748445,11,3,1.3781247742298972,1.4275735489438726,0
1128,0,1,1,1,1,12,0,24,52.680412367552464,12,1,1.8327386840382744,1.0268850123014692,1
1129,1,1,0,0,1,1,0,30,54.02212564226403,1,1,1.6924265915198804,0.7884585809527436,1
1130,0,1,1,0,1,12,0,34,256.6131476906929,9,4,1.6142134970538895,1.6722717142471004,0
1131,1,1,0,0,1,6,1,28,57.888076968277474,6,2,2.6002709785965807,2.6346987456600184,0
1132,0,0,1,0,1,6,0,29,136.89662887946594,6,1,2.041550150198887,2.1786105972966245,0
1133,1,1,0,0,1,12,0,31,93.45677599140572,6,8,2.683689881313718,2.552564157297582,0
1134,0,1,1,0,1,1,1,23,192.55979696095767,1,1,1.1109253869761788,0.8416671709692155,1
1135,0,1,1,1,0,6,1,31,190.7688257580167,6,1,0.4411266399399114,0.3443413925490028,0
1136,0,1,0,1,1,1,1,31,219.9582239556895,1,1,1.4862996622173292,0.7087392762213696,1
1137,0,1,1,1,1,12,1,26,21.18099992408479,8,4,1.6083794637060016,1.6526580177955472,0
1138,1,1,0,0,1,1,0,29,33.556873621556136,1,11,3.842245248843845,3.8099228334665054,0
1139,0,1,1,0,1,1,0,30,162.529379167893,1,6,2.431572680483606,2.3903497652732755,0
1140,1,1,0,1,1,1,1,29,92.4380433773088,1,9,1.7557933838477666,1.5900285213153431,0
1141,1,1,0,0,1,1,1,24,54.87599574401395,1,1,2.280225176646567,1.0669960559926168,1
1142,0,1,1,1,1,6,1,28,106.11982361962556,6,7,3.2455940779059884,3.426624587962169,0
1143,1,1,0,0,1,1,1,24,212.0934486227341,1,0,2.0957687452989933,1.4823200238809664,1
1144,1,0,0,0,1,6,0,32,78.88002763960036,6,3,0.4701699940439074,0.3775697076336383,0
1145,0,0,0,0,1,12,0,29,260.339080560042,12,7,0.9683855176743852,0.9334810357139508,0
1146,0,1,0,0,1,1,1,27,229.32191229233285,1,4,1.7635021331089384,1.848362815236952,0
1147,1,1,0,0,1,1,0,30,101.63924616570227,1,6,0.4886646772097312,0.3915967642687319,0
1148,0,0,0,0,1,1,1,33,245.0617577538123,1,8,1.6914216907847293,1.579533775197116,0
1149,0,1,1,0,1,12,1,28,288.9494449819,11,3,2.8480709224659098,2.806415628177291,0
1150,1,1,0,1,1,1,0,27,264.5228471026611,1,0,1.0298193660974189,1.1096359561813265,0
1151,0,1,0,0,1,1,0,27,93.00636502945773,1,1,1.7778510946045814,2.3472468835139475,1
1152,0,1,1,1,1,12,1,29,257.9390310224524,11,5,1.9025820271510323,1.789563381563502,0
1153,0,1,0,0,1,1,1,34,30.267737263205856,1,3,3.4286611317887874,3.5677764555258222,0
1154,1,1,1,0,1,12,1,31,104.65967974355024,10,4,0.8900949960456463,0.8709604767005522,0
1155,0,1,1,0,1,1,0,29,78.29036900582152,1,9,2.483801658860884,2.475648165780296,0
1156,0,1,1,0,1,6,0,27,179.960363089071,6,5,4.1216676934414265,4.181416711335984,0
1157,0,1,1,0,1,6,0,30,212.24770454816257,6,3,0.6345978194894437,0.6810576763232825,0
1158,1,0,1,0,1,1,0,26,98.61884045254948,1,1,1.0385601392418258,0.8037300492436201,0
1159,0,1,0,0,1,6,1,28,32.771326855088304,6,4,0.589294948321677,0.5868404281503887,0
1160,0,1,0,0,1,6,1,31,189.1620756846305,4,5,3.0702358870218736,3.1000856085093904,0
1161,1,0,0,0,1,1,0,25,6.251301276126683,1,2,1.8119550662545905,1.4342946654057864,1
1162,0,1,1,1,1,12,0,31,183.34002886507847,11,8,3.59050531834263,3.4736797557891186,0
1163,0,1,1,1,1,6,1,29,186.90476733130515,5,9,1.3657236227292238,1.3346114582630828,0
1164,1,1,1,0,1,12,1,28,21.945122991427468,12,3,0.0,0.0209663261354782,0
1165,0,1,1,1,1,1,1,30,203.43383424053764,1,5,1.2135349570011509,1.3189865379535273,0
1166,1,1,1,1,1,12,0,27,192.1285987314394,10,4,1.1834441685194843,1.2257385716346785,0
1167,1,1,0,0,1,6,1,29,397.2733580201801,6,5,2.4534162551702794,2.5027792115717737,0
1168,1,1,0,0,1,1,1,26,162.15735773418845,1,6,0.9919424014168552,1.0136704600187774,0
1169,0,0,0,0,1,1,0,26,115.35988314407842,1,1,2.819232469987389,2.3760441119145965,1
1170,0,0,0,0,1,1,0,31,410.7567326012808,1,3,2.401838382166592,2.4734040134288606,0
1171,0,1,1,0,0,6,1,24,88.30096700922064,6,2,1.481319646189481,0.8939673602897964,1
1172,1,0,1,0,1,1,0,27,16.561641365032358,1,0,1.9638946414522347,1.4310734805633492,1
1173,1,1,0,0,1,1,1,26,225.08350121778489,1,11,1.3414317854416486,1.3109748096806588,0
1174,1,1,1,1,1,12,1,30,89.49282081156687,12,3,1.47375508079172,1.3761069793958474,0
1175,1,0,1,0,1,6,1,30,256.9592267483916,6,11,0.2203540891339952,0.3146932624717869,0
1176,1,1,0,0,0,12,0,27,241.3737921378424,10,2,2.593013189595311,2.7732476829798616,0
1177,0,1,1,0,0,12,1,24,34.17904856266324,7,2,3.0281652266324617,3.0906783003707523,0
1178,0,1,0,0,1,1,0,31,66.32918998205136,1,1,1.064835069616445,0.7527307808037589,1
1179,0,1,0,0,1,1,0,26,306.9169295685318,1,1,0.6719133656188104,1.14086844776422,1
1180,0,0,0,0,1,1,0,30,200.0683747561077,1,1,1.3778923724486294,1.5097091510030596,0
1181,1,1,1,1,1,1,0,30,232.30950348664672,1,3,0.938671800933004,0.8889955061600215,0
1182,0,1,0,1,0,1,1,34,9.246232215860276,1,4,2.645274876106268,2.48241093971496,0
1183,0,1,1,0,1,12,0,32,83.1793770663648,12,6,3.344104196150365,3.4062887814422567,0
1184,0,1,0,0,1,1,0,31,28.2538107499226,1,0,2.7354462828568,2.3326125564676423,1
1185,0,0,0,0,1,1,0,29,15.406299803233972,1,4,0.6472848075144098,0.7682451147261415,0
1186,1,1,0,0,1,1,1,31,169.87085443385564,1,2,1.2146570490602786,0.9110895377051718,1
1187,1,1,0,0,1,1,0,27,248.49585824104844,1,1,1.9116227182299528,1.6706967838975395,1
1188,0,1,1,0,1,12,1,28,134.52334104202828,9,6,2.4610513311491067,2.5036422571760686,0
1189,0,1,0,1,0,1,1,29,215.42328686736528,1,6,1.4706850386024573,1.3892922057372306,0
1190,1,1,0,0,0,1,1,31,271.6880871724237,1,1,0.7465827227083921,0.6429231841389637,0
1191,0,1,1,1,1,12,0,30,157.80751635933711,11,11,1.8470226167508363,1.8717772266031805,0
1192,1,1,1,0,1,1,0,27,114.50303274663484,1,8,1.18848671654958,1.0708770100677,0
1193,1,1,0,0,1,1,1,28,122.94100773483233,1,1,0.6542216326389538,0.7478974372107179,0
1194,1,1,0,0,0,6,0,29,220.2588752710884,6,11,0.0,0.0,0
1195,1,1,0,0,1,6,0,30,143.4310241763394,6,4,2.1941894079230315,2.3071593875380154,0
1196,1,1,0,0,1,6,0,33,173.46431196182837,3,5,3.994193536516807,4.014588916381742,0
1197,0,1,0,0,1,1,0,24,97.77420753134516,1,0,1.3768392495113266,1.005033269865622,1
1198,1,1,1,1,0,12,0,28,64.69514357472053,12,8,0.0,0.0732759271825014,0
1199,0,1,0,0,1,6,0,30,183.96425839724049,6,10,3.2560090467365854,3.3414204263836966,0
1200,1,1,1,0,0,6,1,22,273.4794738378807,5,2,1.0526731310385735,1.0255945588019135,0
1201,0,1,1,1,1,1,1,36,78.46223414529717,1,1,1.5671240332054368,1.6747948690570853,0
1202,0,1,1,1,1,6,0,31,67.46550769134008,6,4,3.4570468865771136,3.362500675166262,0
1203,1,1,1,1,1,1,1,28,201.5399921779541,1,5,2.8201630899898995,2.921701289401171,0
1204,0,1,1,0,1,12,0,37,157.5010371363151,12,3,3.682756772818398,3.6184065840632336,0
1205,1,0,1,0,1,1,0,24,127.14208323258816,1,0,2.289697311425879,1.7019655630417705,1
1206,0,0,1,0,1,6,0,35,127.13042500409536,3,1,0.7477535901455203,0.8617427211748028,0
1207,0,0,0,0,1,6,1,25,78.79688871303782,6,0,1.6631052697895206,1.6275754124466584,1
1208,1,1,0,0,1,1,1,27,7.817684752563963,1,1,1.712815009406133,1.309882089329521,1
1209,0,1,0,0,1,12,1,36,179.94002230661968,12,7,1.9967168944091027,2.0116023003922963,0
1210,1,1,1,0,1,6,0,31,278.86798437981287,6,8,0.2991567064165284,0.1978885769069305,0
1211,0,1,0,1,1,1,0,26,229.1575577760353,1,1,2.0286970930472386,2.607832751381053,1
1212,0,1,0,0,1,6,1,28,365.3788690145428,3,2,2.1083353142174297,2.1447338799657456,0
1213,0,1,0,0,0,1,0,26,118.17365932642504,1,3,3.900935818538316,4.036181968272859,0
1214,1,1,0,1,1,12,0,30,262.7596082487759,12,1,3.5553068536629486,3.6528841412075015,0
1215,0,1,0,0,0,1,0,30,384.371001367242,1,7,0.0027603929467316,0.0,0
1216,0,0,0,1,1,1,0,27,210.8810224329303,1,2,1.3501536578424025,0.5587448255093692,1
1217,1,0,0,0,1,1,0,27,106.52534995462612,1,1,0.8402044635413364,0.6164043989322735,1
1218,1,0,0,0,1,1,0,34,226.3665918671137,1,6,3.215906714889296,3.2488859487010093,0
1219,1,0,0,0,1,12,1,28,108.65728786454488,12,6,1.0323280706196725,1.0082858490735669,0
1220,0,1,1,0,1,12,0,34,89.77571227781124,11,3,1.1407393706126014,1.0711848399727144,0
1221,1,1,1,1,1,6,1,32,67.50715044199237,6,2,1.0535875415255729,0.9357475928374004,0
1222,1,1,1,1,1,6,1,33,273.9237308099248,3,11,1.3741732936172522,1.3650743004080923,0
1223,1,1,1,1,0,1,1,28,169.40082006091228,1,0,1.5999045840342836,1.373671403282156,1
1224,1,1,0,0,1,1,0,31,62.0831491313615,1,7,2.275700396683612,2.4987066783157803,0
1225,1,1,0,0,1,1,1,31,281.63434495095805,1,0,2.2842606265754624,2.1845274785319906,1
1226,0,1,0,0,1,12,0,28,252.9880351882352,12,11,1.7882478537531277,1.7205740121505038,0
1227,1,1,1,1,1,12,1,30,53.25877946726062,12,6,1.4323025445103017,1.4878837258060484,0
1228,1,1,0,0,0,6,0,27,107.28662568868673,6,8,3.495074929060352,3.5170201791705686,0
1229,1,1,1,1,1,12,0,32,107.25808055608056,12,1,2.2226200918726207,2.2604981337715047,0
1230,1,1,1,0,1,12,1,35,71.6408493385112,11,0,1.5510656628120147,1.4669896281486037,0
1231,1,1,0,0,1,1,0,27,89.08346726857978,1,1,1.0395387193927803,0.1055940201551037,1
1232,0,1,0,0,0,6,0,30,196.21499654767703,6,4,1.969049063588736,2.0233799068234206,0
1233,0,1,0,0,1,1,1,26,188.0601944443125,1,2,1.1009233197804975,0.7897721431311342,1
1234,1,1,1,1,1,12,0,31,79.94152653190295,10,4,1.7488926557961644,1.8280643775967964,0
1235,0,1,1,0,1,12,1,31,61.27146082759412,12,5,1.235990563698333,1.2626630633055909,0
1236,0,0,0,0,0,1,0,33,141.41187728644113,1,5,1.6940658154673374,1.6404944200913902,0
1237,1,1,0,0,1,6,1,32,55.80011747764373,6,2,0.7132177041507717,0.8661419913020734,0
1238,0,1,1,0,1,6,0,28,66.45914022410912,6,4,2.9719019973295806,2.924220125389488,0
1239,0,1,1,0,1,12,1,34,253.59176843760457,12,11,2.7778468483662904,2.8797881866244373,0
1240,1,0,0,0,0,1,0,26,150.43228473452672,1,2,2.6982175111333246,1.849892690370612,1
1241,0,1,1,1,1,1,1,29,14.961867364790123,1,0,1.1060383718048277,0.6386804940346911,1
1242,0,1,0,0,1,1,0,27,19.09303526925716,1,2,1.0738754982240892,1.3008983327812869,1
1243,0,1,0,0,0,1,1,28,253.95431609740317,1,2,1.1807487194918975,0.5738182854553214,1
1244,0,1,0,0,1,1,0,37,53.54015301853578,1,5,2.8217208514793586,2.7862751358545923,0
1245,1,1,0,0,1,12,0,31,196.62658856343973,12,2,2.2074322250187497,2.26593957960146,0
1246,0,0,0,0,1,1,0,23,103.93075384201325,1,1,1.189314707821702,0.887563135008222,1
1247,1,1,1,1,1,1,0,25,190.70368596177624,1,9,1.0109361574240947,1.0264929342872062,0
1248,1,1,1,1,1,12,0,37,337.05510144541785,12,6,1.5951390153339573,1.707451594855549,0
1249,0,1,1,1,1,6,1,26,23.267527321526604,6,4,2.1628889567329144,2.1633004097179924,0
1250,1,1,1,1,1,12,0,32,334.03997528286106,12,8,0.1439864977897345,0.2143245895925943,0
1251,0,1,0,0,1,1,0,29,131.40102993017825,1,11,0.2742070317513783,0.2712492233160651,0
1252,1,1,1,1,1,12,0,26,310.3287664322788,12,11,2.04788358603131,1.9578539420713323,0
1253,0,1,1,1,1,12,1,25,4.292018289878996,12,4,1.949101965587732,1.843512054538932,0
1254,1,1,0,0,1,6,0,30,99.29013227498464,6,11,1.6999066430100769,1.5849080889305978,0
1255,1,1,0,0,0,1,0,28,138.60822131064018,1,0,0.0,0.0,1
1256,0,1,1,1,1,12,1,24,34.17859465174513,12,1,2.0846854140377373,2.2648159212134247,0
1257,1,1,0,1,1,1,0,30,171.53894824936478,1,1,1.8970492615713432,1.7111613327981918,1
1258,1,0,1,0,1,6,0,35,159.49152619401286,6,2,3.316785876930532,3.2669595725532923,0
1259,1,1,1,0,1,6,1,31,333.4039369111453,6,9,2.6735758715666043,2.7483038864360894,0
1260,0,1,0,0,1,1,0,27,188.7131263751387,1,0,0.4853145589567762,0.5053360933281128,1
1261,0,1,1,0,1,6,0,28,53.653552646241465,6,4,1.7173370079309034,1.6127093031626067,0
1262,0,1,1,1,1,1,0,28,143.60948253146313,1,2,0.5852437625338065,0.1115157577036428,1
1263,1,1,1,0,1,1,0,27,60.01384641361707,1,11,1.9893814533993788,1.915779588456212,0
1264,1,1,1,1,1,1,1,27,71.1967870454408,1,1,3.463376997120207,3.406710868724544,0
1265,1,1,0,0,1,1,1,29,71.52352225319638,1,1,2.7297425653150804,2.7538854178570107,0
1266,0,1,0,0,1,6,0,31,356.5229670988668,3,2,0.0998659390902994,0.2029792708239265,0
1267,0,0,0,0,1,1,0,28,175.04698448715305,1,1,1.1405365459295649,0.6473694503122198,1
1268,0,1,1,0,1,1,0,30,149.70690266041834,1,1,1.7560461948770496,2.2401883922190646,1
1269,0,1,0,1,1,1,0,29,158.9818636939597,1,2,1.775618070325337,0.7054100718276812,1
1270,1,0,1,0,1,1,1,32,200.5645408355004,1,3,2.049957210346548,2.2191563565482206,0
1271,1,0,1,0,1,1,0,26,187.1627542353601,1,1,1.3215207670517022,0.6517556591068929,1
1272,0,0,1,0,1,12,0,34,266.9431637958427,12,3,2.0477960823923347,2.204975330881024,0
1273,0,1,0,0,1,12,1,29,101.90772616812455,12,2,2.405441548713217,2.596043672007314,0
1274,0,1,1,1,1,6,0,32,389.29147485825416,5,2,2.64372742720318,2.6757062328087766,0
1275,0,1,1,1,1,12,0,33,95.79555123496245,7,1,3.482455785029705,3.5391661764974582,0
1276,1,1,0,0,1,6,0,24,35.85573388122228,6,3,1.1448090406756402,1.2663524927623773,0
1277,0,1,0,0,0,1,0,26,316.7752664519857,1,1,1.8868320222370856,1.8875485301911328,0
1278,0,1,1,0,1,6,0,34,50.049159967086894,6,3,1.2586907834165069,1.3256900524483488,0
1279,1,1,1,0,1,12,0,25,292.6097674851373,10,4,3.813216001073569,4.095132248636224,0
1280,1,1,1,0,1,12,0,26,143.85074376949208,12,3,2.249002860663273,2.36928188627673,0
1281,1,1,0,0,1,1,0,30,251.7185800040396,1,7,3.2350670156877337,3.3362539776569764,0
1282,1,1,1,0,1,12,0,28,170.75807518022606,12,6,2.917535722663064,2.82647199586133,0
1283,1,1,0,0,0,1,0,21,184.9656827469157,1,2,1.5408017702673582,0.860051596512878,1
1284,1,1,0,0,1,1,0,27,248.3102094771449,1,4,1.4086626489649436,0.307363922184168,1
1285,0,1,1,1,1,12,0,25,211.47176307870103,12,2,1.2302059463573665,1.0876748613318534,0
1286,1,1,0,0,1,1,0,25,161.9285426916021,1,11,1.8857506193962448,2.050203813993944,0
1287,0,1,0,1,1,1,1,22,307.6086910451432,1,11,1.2530403879940428,1.2945748754638602,0
1288,1,1,0,1,1,1,0,29,78.8094925849445,1,11,0.8845781948940061,0.7816996976983718,0
1289,0,0,0,0,1,1,0,25,60.87054420392108,1,0,0.9143184072592244,0.0933305433023907,1
1290,0,0,0,0,1,1,0,25,99.48142501833384,1,1,1.6015317363032648,0.4140249497310861,1
1291,1,1,1,1,0,12,0,28,163.02126272292426,12,6,1.0610340927821915,1.1295798906126224,0
1292,1,0,0,0,1,1,0,29,113.30652774123632,1,0,2.7245702002542465,1.7795107824140184,1
1293,1,1,1,1,1,12,0,27,163.54407486647085,12,3,1.867856697610896,1.9582173049997031,0
1294,1,1,0,0,0,1,0,27,153.42880008043952,1,0,2.7418800736655764,2.0125435315841864,1
1295,1,1,0,0,1,1,1,29,137.23722614029364,1,1,2.0895518810786555,2.2463703346874526,1
1296,1,0,1,1,1,1,0,31,310.33136046965467,1,1,1.514975598328113,1.4387623421896292,0
1297,0,1,1,1,1,6,0,26,194.80395882578264,6,3,3.438665997316339,3.5553153709214333,0
1298,1,1,0,1,1,1,1,33,159.70678479296646,1,1,0.5845608072267368,0.7052753803477653,0
1299,0,1,1,1,1,6,1,28,236.80019324575295,6,9,1.6856558172089189,1.6249144226545886,0
1300,1,1,1,0,1,12,0,25,185.05580114493253,12,1,2.228788566687036,2.2705703564800843,0
1301,1,1,0,0,1,1,0,32,241.2141231558089,1,1,0.0,0.0,1
1302,0,1,0,0,1,1,0,26,51.52430038298794,1,7,0.8929301652301684,1.1317497914419257,0
1303,1,1,1,1,1,12,1,27,206.55779203243875,12,2,1.7744786583832317,2.044339687271484,0
1304,0,1,0,0,1,1,1,30,46.93438030462596,1,3,3.2946517016788253,3.2263371303889503,0
1305,0,1,1,0,1,6,0,25,117.34229323040138,6,3,1.84069520982154,1.8273831485751464,0
1306,1,1,0,1,1,6,0,37,345.4302977016323,6,5,4.56888321649385,4.700163853774422,0
1307,0,1,0,0,1,1,0,27,48.99385789505138,1,3,0.4882268860662429,0.5239597813252526,0
1308,1,1,1,1,1,6,0,33,148.47263894108562,6,3,3.6481014557851417,3.603092548432048,0
1309,1,1,1,1,1,6,1,31,154.06451329954476,6,6,1.806566794404282,1.8008922198412232,0
1310,1,1,1,1,1,1,0,35,305.1783336075948,1,1,4.56888321649385,4.831336242550881,0
1311,0,1,1,0,1,12,0,31,185.1947995223842,12,4,1.832219034100813,1.8157155415409567,0
1312,1,1,0,0,1,1,0,32,240.8713506025506,1,3,1.6707920461952834,1.6640702081631082,0
1313,0,1,0,0,1,1,0,24,159.91277734467752,1,11,0.9579162932706056,0.8466827993267467,0
1314,0,1,0,1,1,6,1,30,51.281517137153386,6,2,0.0,0.0530303516574956,0
1315,0,1,1,0,1,12,0,29,74.04354080515515,11,7,0.2847090664465199,0.3168863821395813,0
1316,1,1,0,0,1,12,1,31,293.9504650664701,11,11,2.0009118135863435,1.911062928457248,0
1317,0,0,1,0,1,1,0,29,260.2176889120886,1,2,3.2819063110207165,3.257497335155533,0
1318,0,1,1,0,1,6,0,34,282.714594943399,6,6,2.037568607192338,2.0132652581868755,0
1319,0,1,1,1,1,6,1,28,202.4332096021656,6,1,2.6217910534318976,2.387057878224093,0
1320,1,1,1,1,1,6,0,26,99.58553541410537,2,1,1.4666799548053409,1.2550705772694506,0
1321,1,1,0,1,1,1,0,33,12.056007046237982,1,6,4.56888321649385,4.786792947057812,0
1322,1,1,1,0,1,12,1,25,124.8033046400844,12,3,1.7932845634377252,1.645836075239368,0
1323,0,1,0,0,1,1,1,26,56.89166345463342,1,2,2.16326369972281,1.6545107250334083,1
1324,1,1,0,1,1,6,1,29,342.3248667034555,6,5,3.3195128238125817,3.3629154964585384,0
1325,0,1,1,1,1,12,1,29,301.03601443065133,11,3,1.9409366225971496,1.953406109450032,0
1326,0,1,0,0,1,1,1,24,124.04555343750764,1,2,2.054970448431861,1.3776708010988274,1
1327,1,1,1,1,1,12,1,30,341.76810570815536,12,2,0.0,0.0,0
1328,1,1,0,0,0,1,0,27,73.89018437953615,1,0,1.3262950797810682,1.307990884647658,1
1329,0,0,0,0,1,1,0,28,165.01722724741052,1,1,0.3431522510099114,0.4572557862473114,1
1330,1,0,1,1,1,1,1,24,193.7555465273473,1,4,2.438269897053733,1.9402399999484667,1
1331,0,1,0,0,1,1,0,28,133.47922383928872,1,6,2.115477257546987,2.2219664996825155,0
1332,0,1,0,1,1,1,1,27,82.04860135827748,1,0,1.6128217744529414,1.8844677679334545,1
1333,0,1,0,0,1,1,1,26,108.02267522533114,1,1,1.2809527628161304,1.1176262970220696,1
1334,0,1,1,1,1,6,0,24,43.18098241880384,6,1,2.252684306096711,2.359230814691504,0
1335,1,0,1,0,1,1,0,26,56.46000330688236,1,0,1.2892993972697313,0.0,1
1336,1,1,0,0,1,12,1,32,22.67592407259881,11,5,2.3415450281414847,2.4617823576713067,0
1337,0,1,1,0,1,1,0,25,50.360424399145295,1,2,1.3701976888230627,0.6714501935487762,1
1338,1,1,0,1,1,12,1,24,202.3905078749632,12,1,0.999179053486076,1.0470471419156595,0
1339,0,1,1,1,1,12,0,28,92.3296349658507,11,11,1.7343710636820968,1.7992636606698589,0
1340,1,0,0,0,1,1,0,28,147.61538835637302,1,1,1.7834443126850048,1.711821646664273,0
1341,1,1,1,0,1,12,1,34,24.9235608159502,5,3,3.791391402232589,3.8461698126981614,0
1342,0,1,1,0,1,1,0,24,56.12988028393494,1,1,1.6316493025791177,1.3685470676742413,1
1343,1,1,1,1,1,6,1,26,190.51553699750983,5,2,0.299360683958805,0.2069645763020552,0
1344,1,0,0,0,0,1,0,29,151.1726494189597,1,9,1.322399611923085,1.2324568005137349,0
1345,0,0,0,0,1,6,0,28,74.24523086047273,5,0,1.1371140169236709,1.5076633330329905,1
1346,1,1,1,1,1,12,1,30,6.402727325230572,12,11,1.6931908189625131,1.7159355220321582,0
1347,0,1,0,0,1,1,0,30,187.76202415853268,1,8,1.866457195318383,1.8811984112466773,0
1348,1,1,0,0,1,6,0,29,200.6328011297544,4,1,1.7030762149804708,0.2486033260019093,1
1349,0,1,1,1,1,12,1,34,32.95087236932756,10,4,1.7643956549482886,1.7053050947673265,0
1350,1,0,1,0,1,1,0,29,5.799497736995917,1,6,2.282678161470629,2.4148924914399106,0
1351,1,1,1,0,1,1,0,29,207.1903616188124,1,0,1.912637693292316,0.9991354121077948,1
1352,1,1,1,0,1,1,0,25,98.55928692259192,1,1,1.1281795140679942,1.205676083749415,1
1353,1,1,1,1,1,12,0,28,136.48767182991864,12,11,1.0524594717929907,1.1537764346309314,0
1354,1,1,1,1,1,12,0,28,175.02468671208226,12,4,0.8108369050954536,0.7989884285781953,0
1355,1,0,0,0,1,1,0,28,3.3813882991414346,1,2,3.0137085470275267,3.0744322409610243,0
1356,0,1,0,0,1,6,0,30,17.786402727324155,5,3,3.882433752089831,4.070843963839139,0
1357,1,1,0,0,1,1,1,33,93.18940556192791,1,3,1.1919684647019586,1.212531849939291,0
1358,0,1,0,1,1,12,1,23,95.5203665816932,11,3,2.4930395563417664,2.356895736550834,0
1359,1,0,1,0,1,6,0,31,71.35146549719806,5,2,2.934362372175965,2.9464538221107577,0
1360,0,1,1,1,0,12,1,27,300.5049040654943,12,1,1.6222278204313247,1.8016727279236249,0
1361,1,1,0,1,1,1,0,29,170.63997186046066,1,1,1.094219629911001,0.2285169618726415,1
1362,0,1,1,0,1,1,1,29,98.69168738277293,1,2,2.648485792918436,2.6617503110722085,0
1363,0,1,0,0,1,1,1,29,264.60551415647086,1,0,2.355562612407676,2.3723301792604268,0
1364,0,1,0,0,0,12,0,30,119.60823963295928,10,2,0.9339284250106769,1.0347108957519826,0
1365,1,1,0,0,1,1,0,31,99.77774270297712,1,4,0.9646100664470172,0.0,1
1366,0,1,1,1,1,12,0,29,50.864460066893386,5,1,3.5275831972179663,3.47386131851435,0
1367,1,0,1,1,1,1,0,31,172.0382330635849,1,4,1.673403352263291,1.7866950086192193,0
1368,1,1,0,0,0,1,0,27,319.3403417635735,1,11,2.7540962159104816,2.8546881208423898,0
1369,1,1,1,1,0,12,1,28,31.811859944212745,9,5,1.9719217451064184,2.005749328665288,0
1370,1,1,0,0,1,6,0,28,57.2528816304749,6,3,1.6205673568214818,1.153160312771603,1
1371,1,1,0,0,1,1,0,30,121.93246759564612,1,3,3.058328371586472,3.124317721861334,0
1372,0,1,0,0,1,1,1,32,37.973099715111374,1,6,3.5186838024782783,3.55182104826952,0
1373,0,1,1,1,1,1,0,30,224.17364615416068,1,9,1.7593603511151106,1.8139427402412056,0
1374,1,1,1,0,0,6,1,27,152.77553229268426,6,1,1.2643447328298767,0.0987948646177436,1
1375,1,1,0,0,1,12,0,33,220.91491485296143,9,4,2.228304564888736,2.097989245108014,0
1376,1,0,1,0,1,6,1,31,95.82755375133092,6,2,3.050218444922145,3.0039372379542617,0
1377,1,0,1,1,1,1,0,28,78.41966751193931,1,0,2.357895983730782,2.37422530456027,1
1378,1,1,0,0,1,1,1,29,92.46712137769568,1,3,1.5215659982028362,1.5398529921993496,0
1379,1,1,1,1,1,1,0,28,103.74754748031287,1,1,0.9810963815233852,0.0083846055171468,1
1380,1,1,1,0,1,1,0,28,235.662350698482,1,1,1.972279082935077,1.90152133963858,0
1381,1,1,1,1,1,1,0,28,155.81106315533128,1,7,0.925869475316346,0.792238906142966,0
1382,1,1,0,0,1,1,0,22,15.785804965464068,1,1,1.935779327576557,2.3348594669802942,1
1383,1,0,0,0,1,6,1,25,2.8172002914492538,6,0,0.7141819155639031,1.1315588282223823,1
1384,0,1,1,1,1,12,1,27,149.98807533015142,12,2,2.576993443595217,2.4814838958380414,0
1385,1,1,1,1,1,6,1,28,73.55776110464136,5,1,0.446842307017864,0.6125947095864468,1
1386,1,0,1,0,1,1,0,34,118.41682965255583,1,1,1.3518501390128217,1.1885823360398224,0
1387,0,1,1,1,1,12,1,29,44.36487322667488,12,4,2.3573677197849183,2.369013947618352,0
1388,1,0,0,0,1,1,0,34,153.523992914519,1,4,1.792638871597583,1.8140205987130675,0
1389,1,0,0,0,1,1,0,28,44.59503862730247,1,0,1.884653944640266,1.3684804597652924,1
1390,0,1,0,0,1,1,0,31,124.35722636708373,1,4,1.9468578830333827,1.9954781065921432,0
1391,1,1,1,1,1,12,1,34,379.4852073092612,9,8,1.7809871534784851,1.8376335086299875,0
1392,1,1,1,1,1,12,1,32,90.7441807784138,12,5,1.927348853410933,1.962429125546444,0
1393,1,1,0,0,1,1,0,26,41.86525647239372,1,6,1.6863580936329363,1.5445139244344208,0
1394,0,1,0,0,1,1,1,21,119.73492162734576,1,1,1.9143770956145096,1.0172175972028907,1
1395,1,1,1,0,1,1,0,27,21.027100988181832,1,0,3.1435791520884915,3.2375473331698763,0
1396,0,1,1,0,1,12,1,32,103.53931006060895,12,3,1.223021105999585,1.1870408213096968,0
1397,1,1,0,0,1,1,0,33,65.66626221197033,1,7,1.2716354221123145,1.2334386457493869,0
1398,0,0,0,0,0,1,0,33,152.13022779038675,1,1,1.2825255927695745,1.3396836195117363,0
1399,1,1,1,1,1,1,0,23,96.70025024374404,1,0,1.0685436065067857,0.9362603927867736,1
1400,0,0,1,0,1,1,0,28,154.01998484356017,1,2,1.3338984948399022,1.31776651342082,0
1401,1,1,0,0,1,6,1,31,424.07081667113033,5,0,2.504586218977098,2.453484480003659,0
1402,0,1,1,1,1,1,1,32,112.58112724088367,1,0,0.949275342141274,0.9644009664745952,0
1403,0,1,0,0,1,1,0,25,96.99484972402811,1,1,1.5255334871447377,2.126956860320827,1
1404,0,1,1,1,1,1,1,32,132.20779557269483,1,3,3.383633097032904,3.508655538725852,0
1405,0,1,1,1,1,1,1,25,81.31469422643141,1,0,1.1271996598374407,0.3463260302673745,1
1406,0,1,1,1,1,1,0,32,231.8542461263285,1,11,1.068484579502376,1.033211573544227,0
1407,1,1,0,0,1,1,1,34,150.8324262019587,1,8,1.119397024967438,1.145269946779817,0
1408,0,1,0,0,1,1,1,29,163.4545878983094,1,2,2.3666604229570223,2.3813800547708834,0
1409,0,1,1,0,1,1,0,23,190.76800426983863,1,1,0.8165620723102192,1.5018735268938317,1
1410,1,1,0,0,1,1,0,30,7.353429465311265,1,2,0.4131476529132532,0.4169767146633352,0
1411,1,1,0,0,1,1,0,27,34.715962256917265,1,1,1.1826039349752815,1.7627918889033325,1
1412,0,1,1,0,1,1,0,27,193.3218498974209,1,4,2.159629528729329,1.5776714448691511,1
1413,0,0,1,0,1,12,0,32,22.752014072659662,11,8,1.68265735111557,1.6812756255585943,0
1414,0,1,1,1,1,1,0,23,154.15235908972318,1,0,1.0940444405060197,0.0,1
1415,1,1,0,0,1,1,0,24,51.45037755255,1,1,1.5484606910519547,0.3458019184809942,1
1416,1,0,1,1,1,1,1,31,352.56901686494245,1,4,1.006191830900922,0.8609900558839125,0
1417,0,1,0,0,1,1,1,28,157.8094340672059,1,1,1.5502119424750116,1.5650817385124731,1
1418,0,1,1,1,1,1,0,32,80.27629458173939,1,11,3.159762171057892,3.13566203916953,0
1419,0,1,0,0,1,1,0,31,117.94858799940502,1,4,3.2368789584813045,3.265284907408725,0
1420,1,1,1,1,1,1,1,32,47.51779661157556,1,2,1.8624916871177124,1.886360946802769,0
1421,0,1,0,1,1,12,1,30,339.5946576138612,11,2,2.0882211272317783,2.118279032338692,0
1422,1,0,1,0,1,12,1,35,49.99670181172762,12,11,2.842066018771406,2.8540013444979366,0
1423,0,1,1,1,1,12,0,33,114.15861988948792,12,3,1.9884533929314407,1.9457317680054864,0
1424,1,1,0,0,1,1,1,29,107.46211869511984,1,5,1.923753445596436,1.9731801985824025,0
1425,1,1,1,0,1,1,0,21,112.03442891835932,1,11,2.7471102509669825,2.820657084665372,0
1426,1,1,0,0,1,1,0,33,34.96055739883856,1,4,1.885470058667374,1.79001157120151,0
1427,1,1,0,0,1,6,1,37,148.5270468492099,6,11,1.1291232504901556,1.070852949213223,0
1428,1,1,1,0,1,12,1,31,72.86863640396692,11,2,2.0475702209661955,2.132327156818884,0
1429,0,1,0,1,1,1,1,26,113.22350644456544,1,3,1.1816756001098878,1.1125009996554156,0
1430,0,1,0,0,1,1,1,32,288.57660169615406,1,2,1.9547980289874125,1.9319656873710545,0
1431,1,1,1,0,1,12,0,31,45.26092625356871,11,11,3.3496518316836856,3.128861580710942,0
1432,1,1,1,0,1,1,0,22,138.3032826067853,1,0,0.2258093674572508,0.1687583404094472,1
1433,0,0,0,0,1,1,0,32,160.77461589520834,1,0,0.6682787264515048,0.0,1
1434,0,0,1,0,1,12,1,29,72.74315599892408,12,9,0.6005088918914421,0.4579390708872271,0
1435,1,0,1,0,0,6,0,30,55.783895023172725,5,1,1.6229651216584997,1.6244176570755302,1
1436,0,1,1,1,1,6,0,28,282.08959967116243,6,4,3.198532270247835,3.0962742976478816,0
1437,0,1,0,0,1,1,1,30,200.7199189978532,1,2,2.2460211125849847,2.227053558688,0
1438,0,1,0,1,1,12,1,28,400.98880225289565,12,3,0.6117269236885323,0.7302545115146566,0
1439,1,1,1,1,1,6,0,28,89.81008223999821,6,0,0.0630147529820188,0.0,1
1440,0,1,1,0,1,1,0,30,214.65902857075815,1,3,2.0936520011676496,2.097294528385442,0
1441,0,1,0,0,1,1,0,29,64.7900234273916,1,0,1.9424721237931568,1.6896501207972503,1
1442,1,1,1,1,1,6,1,30,147.57797315436466,6,3,2.0571333809315733,2.122972800956189,0
1443,0,1,1,0,1,12,0,32,184.5307531343028,11,3,2.336441008794836,2.162143799748113,0
1444,0,1,0,0,1,1,0,33,95.65128494211822,1,2,0.8355862791190403,1.0846237868340878,1
1445,0,1,0,0,1,6,1,26,83.74832289514828,6,6,0.6867473252996119,0.5362489816666091,0
1446,0,1,1,1,1,6,1,32,48.69695837364488,3,4,1.2316610050432462,1.3641375953079975,0
1447,1,1,0,0,1,1,1,33,181.61989599281927,1,4,1.9697228812320704,2.2884954205794417,0
1448,1,1,1,0,1,12,1,30,149.65743420722077,12,2,2.362006066030771,2.3781232045807905,0
1449,0,1,1,0,1,12,0,28,217.9396397579041,12,3,0.6981219041984472,0.8044645742784738,0
1450,1,1,1,1,1,12,1,33,56.24066762008796,4,7,0.9708362678465146,0.9800362055297503,0
1451,1,1,1,1,1,12,1,31,326.3674220283018,8,4,3.3744536503417537,3.393701402655645,0
1452,1,1,0,0,0,6,1,28,117.79614421056137,6,8,1.7706217517479363,1.6178387290684313,0
1453,0,1,0,0,1,6,0,31,39.61097604336089,6,3,3.7612654175761695,3.753584241149051,0
1454,0,1,1,1,1,6,0,34,214.3399036316113,6,10,1.179269076650706,1.0623883265467005,0
1455,1,1,0,0,1,12,1,27,325.2728594136971,12,4,1.5025238673048351,1.6521025218632477,0
1456,1,1,1,1,0,12,1,31,71.40895911162991,12,7,2.8282375288428074,2.9989398015426345,0
1457,1,1,0,0,1,6,0,32,178.35223790160316,6,7,0.1264359750336461,0.2251293435719645,0
1458,0,1,1,0,1,12,1,32,220.5323539504033,11,8,1.6151527981562743,1.7607716718920636,0
1459,1,1,0,0,0,1,0,25,76.1906156000988,1,2,1.940429066556412,1.196067285243264,1
1460,1,1,0,0,1,1,1,25,38.84128614258303,1,4,0.4331884832269435,0.2712371405490605,0
1461,0,1,1,1,1,1,0,28,17.620550976551954,1,1,1.4739005767376383,0.7451642934018606,1
1462,0,1,0,0,1,1,0,30,19.36779395560596,1,0,0.3834683043649449,0.2911615564537117,1
1463,1,1,1,1,1,6,0,29,122.53680434738756,6,1,2.923911175022181,2.8390897761417184,0
1464,0,1,0,0,1,12,0,25,232.56524830814988,12,3,1.4573645698081157,1.762466663940884,0
1465,1,1,0,0,0,6,1,29,73.0328171444542,5,1,1.2044725594900618,1.2309089449351578,0
1466,0,0,0,0,1,1,1,30,191.0285722218429,1,0,1.8454804485494485,1.7528984972925126,0
1467,1,1,1,0,1,12,0,25,30.895072548848816,4,3,2.644955948755857,2.6204934084026967,0
1468,1,0,1,0,1,1,0,29,116.0936179645566,1,1,3.1739010857211825,2.2966443055750174,1
1469,0,1,0,0,1,1,0,33,108.06624235806476,1,9,0.0,0.0,0
1470,1,1,0,0,1,1,1,30,226.7443352942057,1,1,1.9058198602418903,2.0472982479185458,0
1471,0,1,0,0,0,1,1,35,178.5177702845953,1,1,1.5969094295927566,1.6342856011036893,0
1472,0,0,0,0,1,1,0,32,112.69199556633149,1,9,1.8146194270481808,1.9017929243182468,0
1473,1,1,1,1,1,6,1,21,112.41951698221534,6,1,2.244362163606039,1.6262238902066133,1
1474,1,0,0,1,1,1,0,32,211.22849973522847,1,6,0.8269369873010197,0.8687371380138983,0
1475,0,1,0,1,1,1,1,31,123.67910456671078,1,9,2.268202982763624,2.2571231206268108,0
1476,1,1,1,1,1,12,1,29,187.0119859690863,11,4,1.3612403257191117,1.4903795706259548,0
1477,1,1,0,1,1,1,0,28,224.3555327959488,1,11,1.873177836550496,1.947595055645992,0
1478,1,1,0,0,1,6,0,27,202.53277516248863,6,1,0.5104664540944903,0.7206451913539654,0
1479,1,1,0,0,1,6,0,26,134.10192092717438,6,6,2.72375216734392,2.882446198961081,0
1480,1,0,0,0,0,1,0,25,78.70724571090106,1,0,1.1251808109458086,1.0965798009752203,1
1481,1,0,0,0,1,6,0,31,340.4859508088439,6,1,1.631474047424,1.6791399500126878,0
1482,0,1,0,1,1,1,1,31,25.81885731341528,1,3,0.6613172231799491,0.7728982198853843,0
1483,1,1,1,0,1,12,0,35,349.43096802003936,12,6,0.4566045658669202,0.4368803667388908,0
1484,1,1,0,0,1,6,1,33,184.8390730236288,6,5,1.7744364222196891,1.7817095310096185,0
1485,1,1,0,0,1,1,1,30,55.61947842980217,1,2,3.234056978926988,3.163415435699482,0
1486,0,1,0,0,1,1,0,28,38.58561235233815,1,4,1.3240226885886708,1.390423046348591,1
1487,1,0,1,0,1,12,1,30,252.3501358172282,9,4,2.591065612489952,2.5601328801594643,0
1488,1,1,1,1,1,6,0,26,156.842467734778,6,1,1.3509868775622682,1.4789410847080142,1
1489,0,1,0,0,0,1,1,24,59.57040935099732,1,0,0.2005594223936286,0.0,1
1490,0,1,0,0,1,12,0,31,324.0922382613733,9,4,2.630015937620811,2.644154230034509,0
1491,0,1,0,0,1,1,0,34,80.64236644584486,1,8,1.882993825608465,2.0018774962579218,0
1492,0,1,0,0,1,1,0,29,239.1554128213809,1,2,1.8076144102465408,1.915882038062103,0
1493,1,0,1,0,1,1,0,32,133.814877072407,1,3,2.3652450996673573,2.541463258339164,0
1494,1,1,1,0,1,1,1,29,5.929056495929984,1,2,2.951777691000826,3.0013891112673003,0
1495,1,1,1,1,1,12,1,28,232.76776026961585,12,6,0.7926316831546654,0.7719706614034446,0
1496,0,1,0,1,0,1,0,26,48.555601856628726,1,1,1.463994092368519,0.9637730200985384,1
1497,0,1,0,1,1,6,1,32,88.46500917568234,5,11,1.7619198994924,1.8265976268761823,0
1498,0,0,0,0,1,12,0,29,309.1942360638702,12,2,1.2089410384918264,1.2014971713971976,0
1499,1,1,0,0,1,1,0,25,255.5246491138197,1,1,0.9999510560132424,0.7879256480591281,1
1500,0,1,1,0,0,6,1,29,116.96652054327735,6,9,4.096404550213764,4.079058999961935,0
1501,1,1,0,0,0,1,0,34,164.18141094549048,1,5,2.1879076199730862,2.235188124027522,0
1502,1,0,0,0,1,1,0,28,228.61327894817111,1,5,2.414661909007834,2.358042376903801,0
1503,1,1,1,0,1,1,1,30,50.81316584555975,1,6,3.8670892895604654,3.8712565667630767,0
1504,1,1,1,1,1,12,1,30,158.03877779749195,12,2,1.772539520423209,1.9057195938281344,0
1505,1,1,1,0,0,1,0,34,141.43464596214284,1,3,1.3663167802863696,1.1791714447192103,0
1506,1,0,0,0,1,12,1,32,181.9724384518055,12,7,0.4208666679559869,0.3281339858945075,0
1507,1,1,1,1,1,12,1,28,149.99292263696586,7,1,2.2966605379123832,2.1783008543420608,0
1508,1,1,1,0,1,1,0,30,306.1205141912804,1,5,1.50449298406777,1.437734624088432,0
1509,0,1,0,0,1,1,0,25,0.3348235683106111,1,0,0.7355148309530156,0.0,1
1510,0,0,0,0,1,1,0,21,220.52906617307983,1,0,1.5656119145608842,1.6605637022322397,1
1511,0,1,1,0,1,1,1,34,100.30108740405524,1,0,1.7304449132290296,1.6192199504570706,0
1512,1,1,0,0,1,6,0,27,320.3787957943648,6,6,0.6017907592111933,0.5057183206504627,0
1513,1,1,1,1,1,6,0,28,146.28846196656852,6,1,1.06147379737592,1.0802373616623302,0
1514,1,0,0,0,1,6,0,28,116.2842551344335,6,6,2.709592493029536,2.6651918559557832,0
1515,1,1,1,1,1,12,1,32,159.59360001312928,10,11,2.1266957264016826,2.211990667633896,0
1516,0,0,1,0,1,1,0,34,199.9308189806341,1,2,2.1177441563736865,2.083043670142198,0
1517,0,1,0,0,1,1,1,27,12.100220623214751,1,0,1.6944698684685702,1.0144941730354742,1
1518,0,1,1,1,1,1,0,34,280.18949309903223,1,2,2.793179874079083,2.7245810165735604,1
1519,1,1,0,0,1,1,0,24,87.89789628863987,1,2,3.121683388825232,3.13796001017942,0
1520,1,1,1,1,1,12,1,33,265.36068904125136,12,7,1.7309731015752472,1.8290744249425088,0
1521,1,1,1,0,1,12,1,30,105.42264463481123,5,2,2.5614565788104446,2.60360196796256,0
1522,0,1,0,0,1,6,1,27,61.0003951730248,6,2,3.1738198638073536,3.0770426094632595,0
1523,0,1,0,0,1,1,0,30,51.516250043594894,1,8,2.612830102027516,2.5173027336485223,0
1524,1,1,1,1,1,6,0,25,225.8754527650296,6,2,1.3508983733700333,1.4759915430439108,1
1525,1,1,1,0,1,6,1,31,103.19795473544472,4,5,2.5687810069167494,2.6812254734283054,0
1526,1,1,1,1,1,1,0,33,113.06648836737295,1,9,1.0122935186975126,0.9693072574419108,0
1527,1,1,1,0,0,12,0,31,154.38334316901438,12,4,3.658439213402315,3.670784468056576,0
1528,1,1,1,1,1,6,1,32,104.70589927002536,5,4,3.015782859475648,3.093687696337322,0
1529,0,1,1,0,1,12,1,29,136.40909156405294,11,4,1.736799329757579,1.6669366085561397,0
1530,1,1,0,1,1,1,0,25,138.30218386311884,1,2,0.4830235975261621,0.3960279942642548,0
1531,1,1,0,0,1,6,1,37,152.17147849511068,6,4,3.2579282217635512,3.212881703493352,0
1532,0,0,1,0,1,6,0,25,156.92181301354842,2,1,2.044484044339468,1.6520337814955848,1
1533,0,1,0,0,0,6,0,34,32.668597442285204,6,4,0.935762871642534,0.9785700766743008,0
1534,1,1,0,0,1,12,0,29,80.69451767553255,11,5,1.462047327147381,1.5495791394789007,0
1535,0,1,1,1,1,12,1,26,42.54207046904949,7,6,2.195334463459245,2.2610251313027643,0
1536,1,1,0,0,1,1,0,29,190.2347188178801,1,1,1.87816037338656,2.22318224113869,1
1537,0,0,1,0,1,1,0,30,116.60365421713384,1,11,1.6455017364502154,1.5207731544472318,0
1538,1,1,0,0,1,1,1,28,259.4925392993812,1,1,2.694437348628925,2.804686480795496,0
1539,0,1,1,1,1,1,0,28,18.395600233551377,1,1,1.684097422356161,0.7699536559678695,1
1540,1,1,1,0,1,12,1,32,104.20410041882728,12,8,0.2808315885745423,0.2154498611219788,0
1541,0,1,0,1,1,6,1,30,176.3503026828417,6,2,1.3381033008937606,1.338753020190115,0
1542,1,1,1,0,1,6,1,30,229.89588553109647,6,2,1.12497407924656,1.1781629280743615,0
1543,1,1,1,1,1,6,1,29,298.14645883717253,6,11,2.018038414602419,1.926621264820736,0
1544,1,1,1,1,1,1,1,25,4.189988700227758,1,2,2.6207176291789893,2.0066476971815144,1
1545,1,1,1,0,0,12,0,30,44.18266096267912,12,9,2.1565864346014405,2.0208826112859453,0
1546,1,0,1,0,1,6,0,32,194.8045239550052,5,5,1.1748322166041385,1.3189530744055349,0
1547,1,1,1,1,1,12,0,33,84.17675957769045,12,1,1.6746865981717016,1.8202725911719968,0
1548,1,1,1,0,1,1,0,33,346.7792741013833,1,7,2.2759730868467765,2.2193155421822057,0
1549,0,1,0,0,0,1,0,31,139.87734759651622,1,1,1.930327523065405,1.738733603851281,1
1550,0,1,0,0,1,1,1,32,216.91683176499103,1,6,4.039690205270231,4.010277720718143,0
1551,1,1,1,1,1,12,0,32,192.9372102306008,10,9,0.2367733469038276,0.1940923421545832,0
1552,1,1,1,0,1,1,1,29,118.02224856016944,1,1,1.5424814014826584,0.9308306418306844,1
1553,1,1,1,1,1,1,0,29,196.7138321592776,1,2,1.610719108467946,1.4923055819600326,0
1554,1,1,0,0,1,1,0,29,163.7763521748873,1,1,1.2131220390577484,1.0662192335068208,1
1555,0,1,1,1,1,6,1,26,373.247886460204,4,5,0.505485272687902,0.3899500133445985,0
1556,1,1,1,1,1,1,0,28,328.66440235923017,1,1,1.8706338943369143,1.2237113996732218,1
1557,0,1,0,0,1,6,1,26,183.6656144649107,3,1,1.6225759335179772,1.6444175003185248,0
1558,0,0,1,0,1,1,0,26,108.46296052538612,1,1,1.714971857125738,1.5045968377269572,1
1559,1,1,0,0,1,1,0,34,51.218426542294274,1,5,2.7360019438521244,2.4314301658528183,0
1560,1,1,0,0,1,12,1,33,42.010471113228405,11,3,0.8556772535232141,0.8771554510136312,0
1561,1,1,1,0,1,6,0,30,12.931778787543804,6,3,2.03067067688642,2.026324019538505,0
1562,0,1,0,0,1,1,1,34,109.35466675767744,1,4,0.6521882787554376,0.5052708835188977,0
1563,0,1,1,1,1,6,1,30,239.28879376053985,4,2,3.7141188404852254,3.652659743444382,0
1564,1,1,1,0,1,1,0,26,67.52874958799896,1,4,1.0207259680313838,1.2680312522542772,1
1565,1,1,1,0,1,1,1,29,32.92231508121856,1,1,2.437023288184533,2.2762167694580806,1
1566,1,1,1,1,1,1,1,28,3.2390719037575764,1,1,1.1502080430373982,0.8111281781849424,1
1567,0,0,1,0,1,1,0,33,163.36179926939394,1,1,0.9927561955453597,0.148650599447996,1
1568,0,1,1,0,1,1,0,28,174.94069396988723,1,11,1.8608599712084035,1.708781757920938,0
1569,1,1,0,0,1,1,1,26,5.261598726964992,1,0,0.5596750484705536,0.0681049199024772,1
1570,1,1,1,0,1,1,0,27,81.39159316259322,1,0,1.658286427502752,0.7331401907485009,1
1571,1,1,0,0,1,1,0,33,286.2524317714632,1,2,1.653748583985185,1.770933327667298,0
1572,1,1,0,0,1,1,0,33,135.75572190091845,1,1,1.5371864204875978,1.2119447135508397,1
1573,0,1,0,0,0,12,0,30,149.0184084670977,11,1,1.4707188110140708,1.6211021891356314,0
1574,0,0,0,0,1,1,0,24,145.2856254921621,1,0,1.7235015186299658,2.122005520628464,1
1575,1,1,1,1,1,1,0,30,14.538438688068734,1,4,2.0837720644862814,1.2308249342801951,1
1576,0,1,0,0,1,6,0,26,310.62537024118944,6,1,0.1370193889505249,0.1270290787653854,0
1577,0,0,1,0,1,1,1,29,161.04022116731872,1,1,1.530233232658997,1.6340703037202386,0
1578,1,1,0,0,1,1,1,30,76.13893020030291,1,3,0.9670833317115468,0.946514276004792,0
1579,1,1,0,0,1,1,0,27,61.4506174391214,1,0,1.6333280059196218,1.6514829965427755,1
1580,0,1,0,0,1,1,0,28,207.4251549750289,1,3,1.995592711493244,1.9476334277090424,0
1581,0,1,0,1,1,1,0,29,328.2473825326099,1,0,0.4739121361528993,0.4058922870960691,1
1582,1,1,1,0,1,1,0,31,203.21928907014683,1,2,1.7359010803796149,0.9466758615089242,1
1583,1,0,0,0,1,1,0,35,167.33706157685208,1,3,3.24829990647044,3.154535526209985,0
1584,0,0,1,0,1,6,1,30,252.3990410907629,6,4,0.9156955199370884,1.017554554073372,0
1585,1,1,1,0,1,1,0,26,81.25272981941947,1,1,2.411779317631405,1.6268323308060313,1
1586,1,1,0,1,1,12,1,29,139.39646650071342,11,10,1.0403329026723411,0.9526700785342066,0
1587,1,1,1,1,1,12,1,33,219.8857910233685,12,3,1.0455031018628178,1.0083818050843685,0
1588,1,1,0,0,1,1,0,28,85.94431764071707,1,1,0.4925910926058805,0.0,1
1589,0,1,1,0,1,1,0,26,197.1667874003609,1,5,1.5002882649236309,1.4647848534944965,0
1590,1,0,0,0,1,1,0,24,217.2445973870016,1,0,2.177340832888791,1.3016586392583442,1
1591,0,1,1,1,1,1,0,25,129.06745334444608,1,0,0.7098554363207715,0.4734374137336774,1
1592,0,1,0,0,1,6,0,30,143.85463250564248,6,1,0.8527461800903955,0.8740957015940896,0
1593,1,1,1,1,1,12,1,34,271.590185159796,8,3,2.085466125778832,2.175455226543712,0
1594,1,1,0,0,1,1,1,26,41.33808738957686,1,9,1.0921065242834898,0.9665349341196006,0
1595,0,1,0,0,1,6,0,29,71.3427422800318,6,1,2.4390795115242114,2.4538806702413134,0
1596,1,1,0,0,1,1,1,33,207.72489760363823,1,6,2.7178415864267342,2.8169807999808243,0
1597,1,1,1,1,1,1,0,32,196.59364288188672,1,5,2.330661070120269,2.2774351904412504,0
1598,0,0,0,0,1,6,0,31,424.07081667113033,6,11,3.284086788809663,3.2949252866828407,0
1599,1,1,1,0,1,12,1,25,39.77028719706775,9,11,2.7896247535273413,2.8452731807091487,0
1600,0,1,0,1,1,6,0,35,194.8371329254604,5,11,1.0943711963190828,1.180329390710097,0
1601,1,1,1,1,1,12,0,32,125.35511261339455,8,7,1.974364580589106,2.008086902570278,0
1602,1,0,1,0,1,1,0,31,288.73968403307214,1,0,2.0326588153072938,2.1756193491924574,0
1603,1,1,1,1,1,12,1,28,264.5339635287026,8,10,1.7777306410753917,1.737266674775354,0
1604,1,1,0,0,1,6,1,32,152.52131233637158,6,1,0.7893838951854549,0.8079228315276129,0
1605,0,1,0,0,1,6,0,25,197.64368761520623,6,1,2.4960892076776244,2.366013491786344,1
1606,0,1,1,1,1,1,0,27,34.55994978646498,1,0,0.2785258482093251,0.5117567242091341,1
1607,1,1,0,1,1,12,0,29,43.30050361632486,12,7,1.0101035198439106,0.9255122095729412,0
1608,1,1,0,1,1,6,0,30,60.00779669281559,6,1,1.1600942370641645,0.0,1
1609,1,1,0,0,1,1,1,26,240.06053468480155,1,1,0.8516892828612324,0.5923791185316747,1
1610,1,1,1,1,1,1,0,30,117.0618704563532,1,3,0.1628499375038952,0.2249304070343734,0
1611,0,1,1,1,1,6,0,28,48.658007909516144,6,2,1.4266445575606876,1.4566839079354323,0
1612,0,1,1,0,1,1,1,30,291.30211250435667,1,4,0.3694775283910905,0.398441010155775,0
1613,0,1,1,1,1,12,0,32,168.0204105953429,10,1,2.825921990274192,2.881917284468285,0
1614,0,1,0,0,1,1,1,27,118.91028046315157,1,5,0.912151156972652,0.9005528078944718,0
1615,1,1,1,1,1,12,0,30,48.16003046882064,10,3,2.919273810478604,2.8237360313317508,0
1616,1,1,0,0,0,6,1,30,9.998250593951894,6,11,2.368787286962843,2.310199865701219,0
1617,0,1,1,1,1,6,0,34,261.2670825490127,6,4,2.340698393468588,2.3253666954951404,0
1618,1,1,1,0,0,1,0,24,181.9124787019408,1,2,1.469577275860301,0.8021439085705225,1
1619,1,1,0,0,1,12,0,22,67.75716592804261,4,11,2.9606692143173667,3.140293069101672,0
1620,1,1,1,0,1,1,0,32,153.4172148363532,1,3,3.1285116889625475,3.1030994738057296,0
1621,1,1,0,0,1,6,0,32,202.33012089390783,6,5,1.627376358450386,1.5050956316728428,0
1622,1,1,1,0,1,6,0,29,108.2596089504158,6,5,2.7152209299964416,2.5546280722306656,0
1623,0,0,0,0,0,1,0,35,204.7049276031756,1,6,1.7111765169699098,1.7660585879309665,0
1624,1,1,0,0,1,1,0,30,194.161546397056,1,2,3.0704967485222583,3.1293310541840613,0
1625,1,1,1,1,1,1,0,30,187.9073802358684,1,1,0.1781743372023512,0.0,1
1626,1,1,1,1,1,6,0,32,57.69601982788742,4,10,1.1865657937505736,1.1956238394659158,0
1627,0,1,0,0,1,1,0,29,119.74851154471304,1,0,2.250292929157885,2.56673016734123,1
1628,0,1,1,1,1,12,0,29,281.5397843387354,12,2,1.7464107309852128,1.7764782711365974,0
1629,1,1,0,0,0,6,0,32,2.5891702718595506,6,5,2.267001630677382,2.5483595119046347,0
1630,0,1,0,0,1,1,0,28,310.4076121579122,1,4,4.443218395480374,4.4711500844448935,0
1631,1,1,1,1,1,1,1,26,219.34605063960817,1,3,2.2594421758782133,2.238541088669494,0
1632,1,1,0,0,0,1,0,29,259.9882810152597,1,1,1.3496629190809708,1.3119675326753928,0
1633,0,1,1,1,1,1,0,27,228.1960585130668,1,0,1.7609842200708972,1.3455325368246098,1
1634,0,1,0,0,1,1,0,32,238.4945726653004,1,2,1.5978777967539437,1.540783727352813,0
1635,0,1,0,0,1,1,0,28,43.58971529754838,1,0,1.758284640890627,1.6471004336180963,1
1636,0,1,0,1,1,1,0,32,56.05500928435625,1,3,1.2494576427381228,1.2662723121507773,0
1637,0,1,1,1,1,1,0,33,9.080424533735531,1,2,2.189759249280764,1.9908798743480576,0
1638,1,1,0,0,0,1,0,29,159.23139621643287,1,8,0.2334491831711412,0.3896123697569435,0
1639,1,1,0,0,1,1,0,29,23.988456574485184,1,1,1.2786043882799705,0.4182235993665257,1
1640,1,1,0,0,1,12,0,30,321.11917090014936,12,3,0.2390489876215473,0.3991704346194819,0
1641,0,1,1,0,1,12,1,31,232.27161382815905,9,0,0.5308043576314891,0.5782684754872267,0
1642,0,1,1,1,1,12,0,32,143.5799918067049,12,3,1.1129272647607922,1.2020115841720913,0
1643,1,1,1,1,1,12,1,27,82.45427346755856,12,1,1.932871889467508,1.8128041949162537,0
1644,1,0,0,0,0,6,0,22,3.2689297972969342,6,5,2.26691108010548,0.950233882172148,1
1645,1,1,1,1,1,12,1,28,135.2300915330788,12,6,2.2027369831039514,2.049140287134267,0
1646,0,1,1,1,1,12,1,28,3.165889516564264,12,1,2.208289091405625,2.1054848175330703,0
1647,1,0,0,0,1,1,0,30,7.987912259061147,1,2,1.9143422627129665,1.5015923260370516,1
1648,1,1,0,0,1,1,1,22,196.3683020694138,1,1,0.1788596066302208,0.0,1
1649,0,1,0,0,1,1,1,32,166.40115948657956,1,3,1.346592866845448,1.3522689388705098,0
1650,1,1,0,0,1,6,1,31,362.8976984383565,6,2,2.6983897171382694,2.6248192833046766,0
1651,0,1,1,1,1,12,1,30,195.74656218651683,12,3,1.0681142937957444,1.070125909051919,0
1652,1,1,1,1,1,1,0,27,101.8486845377747,1,0,2.338990126139733,1.84442771420312,1
1653,0,1,0,0,1,1,0,34,73.61050170880247,1,6,2.7726060678979034,2.8868698094398977,0
1654,0,1,0,0,1,1,0,25,179.04388638742745,1,3,1.1280349447058786,1.1553510978318433,0
1655,1,1,1,0,1,6,0,31,227.060008876528,6,4,2.8203926709784097,2.7481490422726984,0
1656,1,1,1,0,1,1,1,30,184.4703772518837,1,2,1.4553141445367472,1.2952858420523266,0
1657,0,1,1,1,1,1,1,32,345.1237217670508,1,3,2.596908488189815,2.653751465176128,0
1658,0,1,0,0,1,1,0,25,56.36947044778832,1,3,1.9060266130074075,0.6327321941484305,1
1659,1,1,0,1,1,12,1,25,117.43491868004976,12,3,1.259998508047876,1.34939172723292,0
1660,0,0,0,0,1,1,1,29,221.9375940707208,1,1,0.989664062248522,1.1793965344368649,1
1661,0,1,1,0,1,12,0,26,71.19462307988763,12,2,3.3262503327079864,3.259372426680544,0
1662,0,1,1,1,1,12,1,28,130.26886420926263,12,3,2.111555594205111,2.166155677261397,0
1663,0,1,0,0,1,1,1,30,128.85524594166526,1,4,2.5602961290923782,2.5659913856581524,0
1664,0,1,1,1,1,1,1,27,49.498343155891895,1,6,0.2617013445575527,0.3310280493048063,0
1665,0,1,0,0,1,1,1,32,59.84163770756125,1,4,1.307511445753325,1.1762322748317835,0
1666,1,1,1,1,1,12,1,30,345.84819694891405,12,2,2.7233157004241235,2.782531462710942,0
1667,0,1,0,0,1,1,1,31,33.946445786682204,1,5,2.6887793835776,2.8579675464711487,0
1668,0,1,0,0,1,6,0,33,157.82350509456643,6,1,1.4097991196128017,1.4500282397248645,0
1669,0,1,0,0,1,1,0,32,287.1604714816639,1,6,2.853551373265866,2.7694070288915693,0
1670,0,1,0,1,1,1,0,32,279.11031392980505,1,3,2.6589166940021447,2.7240154913755266,0
1671,1,1,1,1,1,6,1,26,293.2957217774857,6,1,3.9837772453346254,3.848833148659432,0
1672,1,1,0,0,1,1,0,25,42.47522660528743,1,2,1.3046183323704588,1.1710997355802066,1
1673,1,0,1,1,1,6,0,29,19.93206914738324,6,11,1.6022455890995384,1.8119981773296023,0
1674,1,1,1,0,1,1,0,30,40.380215750229546,1,0,1.1413972735101037,0.1548149786961432,1
1675,0,1,0,0,1,6,1,31,160.03048618983226,6,9,1.6448119489713058,1.6454306391348732,0
1676,1,1,0,0,1,12,0,26,50.244901267088935,12,0,2.153520973601061,1.6397413557828129,1
1677,1,1,0,0,1,1,0,29,18.09098889889038,1,7,2.4578801642448846,2.3446183797293902,0
1678,0,1,0,0,1,6,1,28,17.623760540787963,6,1,2.0816731718214183,2.211812569678392,0
1679,1,1,0,1,1,6,1,26,231.394863155844,4,1,2.640722956695131,2.6417215557536537,0
1680,0,1,1,1,1,1,0,31,138.9532086857595,1,7,2.316752698071526,2.373735646408215,0
1681,1,1,0,0,1,1,1,35,337.9071318763956,1,6,2.7384420414232444,2.5502147508228603,0
1682,0,1,0,1,1,1,0,30,9.55256769926104,1,2,1.3537868939842077,1.4979577802020252,0
1683,0,1,0,0,1,1,0,28,116.81074009446507,1,4,2.132190674622609,1.273406735978762,1
1684,0,1,1,0,1,1,1,27,234.3025932717577,1,11,0.0,0.0072311580663246,0
1685,1,1,1,1,1,1,0,29,61.4688211544357,1,6,0.9973734874059306,1.0637130787070486,0
1686,1,1,0,0,1,6,1,30,227.17142913368005,6,4,2.7011590428407333,2.6296315365655145,0
1687,1,1,0,0,1,1,0,29,257.66087890491417,1,1,2.7098574790994605,1.4187030914677017,1
1688,0,1,0,0,1,12,0,29,168.66022132617442,8,11,2.598381935391727,2.5701250396738087,0
1689,1,1,0,0,1,1,0,26,128.09281381746558,1,1,0.166628354005704,0.0,1
1690,1,1,1,0,1,6,0,29,302.31196037128086,6,0,0.0,0.0594962201017318,0
1691,1,1,0,0,1,1,1,31,274.09964658961087,1,4,2.049270083170133,1.9863799819403087,0
1692,0,1,1,0,1,6,1,25,268.6862895657225,6,1,0.6631483499714732,0.6450213216509832,0
1693,0,1,1,1,1,12,0,25,56.35929969393713,11,10,1.682963340133566,1.825890898194196,0
1694,0,1,1,1,1,12,0,29,59.38630832241975,12,2,3.2707780892391622,3.189463279706904,0
1695,0,1,1,0,0,6,1,29,143.5164531808168,6,1,2.5564246605071466,1.6815666169551229,1
1696,0,1,1,0,1,1,0,29,152.9658456105022,1,6,2.0063305722400515,1.902553973596942,0
1697,1,1,1,0,1,1,1,26,115.17095738142768,1,0,1.0749414223429192,0.7319263958578833,1
1698,1,1,1,1,1,6,0,34,159.421115710621,5,5,0.8630604084829139,0.9081087337095184,0
1699,0,0,1,0,1,1,0,26,62.02465793111784,1,1,2.513595741556776,2.299248974597997,1
1700,1,1,1,1,1,12,1,34,149.88117082862337,6,8,1.34703962326232,1.36503957278153,0
1701,1,1,1,1,1,6,0,29,64.97090860225768,2,3,1.2453149372104817,1.1922095035100049,0
1702,0,1,1,1,1,1,1,27,35.283596303171294,1,3,3.2265743892351093,3.227194871277994,0
1703,0,1,0,0,1,1,0,31,148.2692083351537,1,9,3.276941215839704,3.3180344580574888,0
1704,0,1,1,1,1,1,1,36,36.30725590471878,1,2,1.3597515325562002,1.3268412226417936,0
1705,1,1,0,1,1,12,0,31,33.37785318918468,12,5,3.1978068055833373,3.13545825730291,0
1706,0,1,1,1,1,12,1,28,240.91897299440495,12,1,1.4342946309499898,1.4179013861806211,0
1707,1,1,1,1,1,1,0,31,83.44448096123844,1,1,1.3764713641888506,1.3563794009851484,0
1708,0,1,1,0,1,1,0,27,225.7697071656894,1,7,1.612982068094834,1.634174692665496,0
1709,0,1,0,0,1,6,1,30,27.58057297858037,6,1,1.8757731163348488,1.7503204237780972,0
1710,1,1,0,0,1,12,1,25,161.38586347957494,12,2,3.179596634642944,3.0948596817997887,0
1711,0,1,1,1,0,1,1,28,127.39120815097556,1,6,3.3607760304565946,3.4924326288680394,0
1712,0,1,1,1,1,12,1,27,62.19984392507762,12,2,2.16981135670091,2.232870881436212,0
1713,1,1,1,1,1,1,1,29,101.84195361384243,1,3,2.073708159474902,1.9526428200872308,0
1714,1,1,0,0,1,1,0,22,31.396453727065364,1,1,2.910889511912361,2.765920096272535,1
1715,0,1,0,0,1,1,1,28,51.1533679745751,1,1,4.189220342583576,4.1649428741091565,0
1716,0,1,0,0,1,6,1,28,145.58624686546077,6,3,3.5412474679985286,3.526441954235093,0
1717,0,1,0,0,1,12,1,26,255.7402663280907,12,7,3.236631824622544,3.1067191813954538,0
1718,0,1,1,1,1,1,0,29,156.82126129219395,1,3,1.0312187929205558,1.0065167528447432,0
1719,1,1,1,0,1,12,1,29,93.12946449801888,12,5,0.9154972149660978,0.911362818573578,0
1720,0,1,1,0,1,6,0,29,59.22956322709376,6,4,0.3072352262203806,0.3261960206535254,0
1721,1,1,1,0,1,6,1,37,74.83757181199394,6,4,2.6028226657929814,2.7374002159462543,0
1722,0,1,0,0,1,1,0,32,214.3295408993227,1,0,1.6756738697280755,1.6940594281469548,0
1723,1,1,0,0,1,1,0,28,91.20599600574808,1,0,1.9530602044956948,1.366401230568217,1
1724,1,0,1,0,1,1,0,33,53.74486893713934,1,2,0.7940798263271103,0.0,1
1725,1,1,1,1,1,6,0,36,178.314911147962,6,11,1.93259315433977,1.9090870019083035,0
1726,1,1,0,0,1,1,0,28,28.57868984800108,1,3,2.193724334569318,1.9841087371392216,0
1727,1,0,1,0,0,1,0,32,2.180115441002087,1,10,1.3949368840523029,1.4591013638279993,0
1728,1,1,1,0,1,1,1,28,98.68214946527486,1,11,2.413708391451152,2.6778509859092763,0
1729,1,0,1,1,1,6,0,33,67.3447431949821,6,2,0.5667174095657099,0.5918819521639339,0
1730,1,1,0,0,1,1,1,28,63.07917573304768,1,0,0.9031280572403207,0.0,1
1731,0,1,1,1,1,1,0,32,173.50765943032914,1,4,1.8332731963338944,1.8713762618082468,0
1732,0,1,1,1,1,6,0,26,142.88517376243237,6,1,1.180634796559003,1.2052077780539414,0
1733,0,1,0,0,0,1,1,32,221.0534644476744,1,11,2.0611181724660343,2.135284326927013,0
1734,1,0,1,0,1,1,0,31,167.70260869183872,1,3,0.3515275303480421,0.3966333725063523,0
1735,1,0,0,0,1,1,0,27,23.89637546986189,1,1,0.4985638331644669,1.3642215635131572,1
1736,1,1,0,0,1,12,1,33,229.1895291799069,12,6,0.5550548448426749,0.4485911415242242,0
1737,0,0,0,0,1,1,0,24,243.6625998685849,1,1,2.0522769671077405,1.795961918247002,1
1738,0,0,0,0,1,1,0,29,54.07333897184201,1,2,1.5517139095552592,1.3639330344192988,1
1739,1,1,1,0,0,1,1,26,131.3605275699522,1,3,1.5510644756152958,1.5404339571503125,0
1740,0,1,1,0,1,6,0,25,96.17340570398778,6,3,1.6741828363693971,1.1658042107565938,1
1741,0,1,0,0,1,1,1,28,60.05534993154515,1,8,2.1367140282764283,2.065028673232532,0
1742,0,1,1,1,1,1,0,28,26.070703906078897,1,6,3.4665861051280737,3.372885888677804,0
1743,1,1,1,1,1,12,1,35,325.54060315203526,12,8,1.7154302935811585,1.846310687059228,0
1744,1,1,0,0,1,1,1,32,8.472368186635066,1,11,1.6978523027190462,1.7182997413655363,0
1745,1,1,0,0,1,1,1,31,394.79547441394766,1,4,2.52017155073134,2.595602017042876,0
1746,1,1,0,0,1,1,1,30,92.21825100719563,1,1,2.803474949825444,2.8579356004518925,0
1747,0,1,1,1,1,6,0,27,179.0483736580258,5,0,1.5310323507778276,2.011962736503057,1
1748,0,0,0,0,1,1,0,28,19.49000912905888,1,9,2.3394776691104417,2.283035259537849,0
1749,0,0,0,0,1,1,1,28,94.71036824536486,1,3,2.461840194266061,2.3912544836833884,0
1750,1,1,1,1,0,12,1,26,224.46359820025043,10,3,2.572977505526599,2.4442865534418603,0
1751,1,1,0,0,1,1,0,27,7.5067039888645875,1,1,0.9928352908141068,0.1843936571085096,1
1752,0,1,1,0,1,12,0,28,232.99090787384208,4,11,3.964820630139176,3.957143406972048,0
1753,1,1,1,1,1,6,0,32,48.13781614262173,6,8,0.7997584252365539,0.7288683387225675,0
1754,0,1,0,0,1,1,1,32,246.6012882497685,1,3,1.3081607966948905,1.2798043326449349,0
1755,0,1,1,0,1,1,0,28,55.772209155600535,1,1,0.6377633691665507,0.5731774176963804,0
1756,0,1,1,1,1,12,0,30,192.099318020306,12,8,2.5346341939112937,2.555264344754708,0
1757,1,1,0,0,1,1,1,30,424.07081667113033,1,2,1.9372769321133143,2.011021461300229,0
1758,1,1,0,0,1,1,0,30,424.07081667113033,1,5,1.010424708749058,0.1542225120866638,1
1759,0,1,0,0,1,1,0,31,14.399206134154069,1,4,1.1890409805443882,0.1790630858297635,1
1760,0,1,0,0,1,1,0,26,218.61895561184951,1,5,0.2518694006662954,0.3159411239331495,0
1761,0,1,1,1,1,12,1,27,58.57864684872256,11,10,3.150396403060244,2.991142984271548,0
1762,0,1,0,0,1,1,0,32,199.88701941973,1,6,1.5108990908179745,1.4619145575109922,0
1763,0,0,1,0,1,6,0,28,75.70579418978195,5,1,1.3070196734208377,0.8330618266216617,1
1764,1,1,0,0,1,1,0,24,17.8547344921962,1,0,1.9277156679610032,0.7625515627830926,1
1765,1,1,0,0,1,1,1,35,18.233606192649148,1,3,2.6973392852545506,2.617989983440871,0
1766,1,1,0,1,1,1,0,28,54.87087155545128,1,2,1.8680827187300248,1.7528385554059644,1
1767,1,1,0,0,1,1,1,33,311.7247875501185,1,6,1.1836106940747646,1.013930193757022,0
1768,1,1,1,1,1,12,1,34,245.7797284163932,12,5,0.5807355352350287,0.3848054991690998,0
1769,0,1,1,1,1,1,0,29,89.91202181925794,1,0,2.099990330441736,1.5909351944686592,1
1770,0,1,0,1,1,6,0,29,184.082697286792,6,3,2.1713221444865494,2.1479643033769635,0
1771,1,0,1,1,1,6,1,26,59.66527061995004,6,1,1.6696758403290053,1.7087759448716129,0
1772,1,1,0,0,1,1,1,27,117.521055283136,1,1,2.154770389082836,1.9249005360824405,1
1773,0,1,1,1,1,12,1,27,153.07601869924684,12,8,2.259230007245767,2.2842212809272264,0
1774,1,1,0,0,1,1,1,29,37.79489985736628,1,0,1.649245397275032,1.8719434897877087,1
1775,0,1,0,0,1,1,0,32,0.9433185865703422,1,2,1.7661806089428544,1.5496005597379203,0
1776,0,1,1,1,1,6,1,28,201.6731357111493,6,3,1.2609396665298278,1.3235369120710254,0
1777,1,1,1,1,1,12,0,32,211.32239257330903,12,11,2.884055367062524,3.042388102016198,0
1778,0,1,0,0,1,12,1,35,74.88293071725845,12,9,1.9675372657241137,1.7579585814350909,0
1779,0,1,1,1,1,6,1,31,55.58756498408076,6,6,2.2967241366777937,2.171891585308922,0
1780,1,1,0,0,1,1,0,24,173.76406606402543,1,5,2.5944560386029227,2.5379091535792218,0
1781,0,1,1,0,1,1,0,32,152.5687083664238,1,4,1.2931324759765443,1.4489593119441608,0
1782,0,0,0,0,1,1,0,29,4.630351037434764,1,0,1.2712761076780252,0.2982171654032801,1
1783,1,1,0,0,1,6,0,31,221.67747017903625,6,5,1.6014602726155998,1.4765263895666385,0
1784,1,1,0,0,1,1,0,33,206.8352684154641,1,7,2.225282014784982,2.2109004386223376,0
1785,1,1,1,0,1,12,0,31,215.97759170385945,12,9,1.4163784172153149,1.3419905087437696,0
1786,0,1,1,1,1,1,1,26,152.95560685325694,1,0,0.8055370202915084,0.3482436543685475,1
1787,1,0,1,0,1,1,0,23,183.11074335295223,1,0,1.5542958128990385,0.338969142456208,1
1788,1,1,1,1,1,12,1,31,190.51429018894825,12,1,0.3973287320594232,0.2904694140970115,0
1789,0,1,1,1,1,12,0,31,204.57045133869133,12,9,1.1188893169752414,1.204221681290313,0
1790,0,0,1,0,1,12,0,29,39.09382717035857,11,11,1.9355470014146603,1.746064402984786,0
1791,0,0,1,0,1,1,0,23,59.19274069466744,1,1,1.5215992099565905,1.1238165860574267,1
1792,1,0,0,0,1,1,0,34,224.20861132307869,1,2,3.317759047492848,3.3865395781700665,0
1793,1,1,1,0,1,1,0,28,116.02472080718088,1,1,0.6768607149110395,0.3404645202568658,1
1794,1,1,0,0,1,1,0,36,137.61677366409492,1,0,1.8031650048788688,1.8518180072294008,0
1795,1,1,1,1,1,1,0,30,201.57014305093307,1,3,3.4634953376862447,3.4961814621057523,0
1796,0,0,1,0,1,1,0,30,310.4628617740674,1,6,1.4117750607707502,1.3414106537476451,0
1797,1,1,0,1,1,1,0,33,292.3168044595096,1,4,1.0296706826131397,0.9061682452944272,0
1798,0,1,1,0,0,1,0,27,424.07081667113033,1,6,1.630829685666649,1.6201651108555783,0
1799,0,1,1,0,1,1,0,34,75.50080207184851,1,4,2.6205234615470974,2.605641417323622,0
1800,1,0,1,0,1,1,1,29,21.256168705279805,1,7,0.500420847523896,0.5030474724732104,0
1801,1,1,1,0,1,1,1,35,99.65512311896104,1,4,0.7238812475316656,0.6223036485749079,0
1802,1,0,1,0,1,1,0,23,216.5910378961341,1,2,1.4682581279987992,0.2907976953990341,1
1803,0,1,1,1,1,6,0,32,165.03837318427043,4,2,1.6746358150110732,1.5484174568954798,0
1804,1,1,0,0,1,1,0,37,188.76465748197063,1,11,0.2695864857312769,0.3902171077323729,0
1805,1,1,0,0,1,1,0,28,79.20902953822464,1,0,1.0857112433754823,0.3377739100328601,1
1806,1,1,1,0,1,12,1,30,137.23037021991678,9,2,3.0782702495488823,3.0808041062493814,0
1807,0,0,1,0,0,1,1,27,92.0511656338824,1,3,1.4409374983767562,0.6662044419557741,1
1808,1,1,1,1,1,1,1,30,71.77278889365212,1,10,4.56888321649385,4.831336242550881,0
1809,1,1,0,0,1,1,0,27,155.92322580353354,1,11,3.389635810518341,3.372001923695922,0
1810,1,1,1,1,1,12,1,29,193.73201138952055,12,3,2.3169269873995595,2.251350492791065,0
1811,0,1,1,0,1,12,1,29,193.1768301019859,7,11,0.0,0.0,0
1812,1,1,1,1,1,12,0,35,5.199042498593023,11,4,2.4038227428142647,2.31970107126341,0
1813,0,1,1,0,1,12,0,28,121.18079892422836,12,2,2.6360985428195565,2.7506487538945232,0
1814,1,1,1,1,1,1,1,28,189.47621580444985,1,1,2.0737998130760205,2.053105910420655,0
1815,1,0,1,0,1,1,0,27,350.51011670950464,1,3,1.5072718138327303,1.6197790355505233,0
1816,1,0,1,1,1,6,1,35,149.19779155724697,6,9,2.343683272758564,2.353763596255953,0
1817,1,1,1,1,1,6,0,32,222.527498955216,6,4,2.2638389426428365,2.34215035828523,0
1818,0,1,0,0,1,12,1,31,280.9207345135066,12,0,2.165441002694298,2.015751687486784,0
1819,1,1,1,0,1,1,0,30,205.81650761642803,1,7,2.2501068722851767,2.3618331926891662,0
1820,0,1,0,0,0,1,0,29,54.052672227394105,1,1,2.9466707955949984,2.9032707546642715,0
1821,1,1,0,0,1,1,0,28,17.772091721031202,1,10,2.9851109274631416,3.2056863310751527,0
1822,0,1,0,0,1,1,0,25,237.2224880503049,1,0,1.805476305862869,1.0983458986008907,1
1823,0,1,1,0,1,12,0,30,127.55576124644222,11,3,0.436682265088302,0.5592727353839669,0
1824,0,1,0,0,0,1,1,32,126.00169600754865,1,3,3.1184530761533686,3.111619704097478,0
1825,0,1,0,0,1,1,1,27,69.35291737760048,1,4,2.1039873196731227,2.178061030956395,0
1826,1,1,1,1,1,1,0,24,375.75529083721045,1,2,0.2197751774746135,0.4592912785935489,0
1827,0,1,1,1,0,6,0,31,169.42143487226238,5,6,0.0242342317492818,0.0067318077542071,0
1828,0,1,0,0,1,6,0,24,168.92471893292333,6,1,1.2600004682077042,0.0,1
1829,1,0,0,0,1,1,0,32,135.20355068125158,1,3,1.3719322562650904,0.8022622619475429,1
1830,1,1,1,1,1,6,1,32,129.99140728108637,2,6,3.105692493969686,3.155661870422379,0
1831,0,1,1,1,1,12,0,32,338.4241661275001,12,8,3.1847818120809723,3.189812250697424,0
1832,1,1,1,0,1,12,0,27,32.123603937053325,12,5,1.06027172029689,0.913766433367088,0
1833,0,1,1,1,1,12,0,29,102.58120723641424,12,1,2.5586379575770706,2.6756829735503502,0
1834,0,0,0,0,1,6,0,34,34.701386406470235,6,5,2.275602293116167,2.227547291854333,0
1835,1,1,0,0,1,1,1,28,118.81919667461632,1,3,1.221539337467465,1.3350137668625428,0
1836,1,1,1,0,1,12,0,29,64.44301403977897,12,2,3.5133310402143683,3.604801526610612,0
1837,0,1,0,0,1,6,0,32,101.20926614178587,6,11,3.001785681916224,2.9392863857473963,0
1838,0,1,0,0,1,1,0,29,99.24557807995632,1,1,1.3574335497924372,1.1990901943736387,1
1839,1,1,0,0,1,1,0,24,45.13331593094766,1,2,2.129822930390951,2.3656508183500966,1
1840,0,1,0,0,1,6,0,32,26.70351201556737,6,3,2.853048765299244,2.9819076375999933,0
1841,0,1,0,0,1,1,1,35,191.0588505109339,1,4,1.6503913311863805,1.658654286400718,0
1842,1,1,0,0,1,1,0,30,66.31893572721117,1,4,1.615810347925318,1.6188727016957818,0
1843,0,1,0,1,1,1,0,31,169.54290001539223,1,2,3.6690806998067655,3.5309576045874365,0
1844,0,0,1,0,1,1,0,31,98.83418230965091,1,2,1.434439819365414,1.221894093099018,1
1845,0,1,1,1,1,12,1,30,270.3463020649923,12,2,0.1143339952978666,0.0323483947775662,0
1846,1,1,0,0,1,12,0,27,232.10790286303504,12,1,0.584701981307707,0.2865246896934401,0
1847,0,1,0,0,1,1,0,31,109.26289429297924,1,0,2.5792348461086108,2.5899981630867663,0
1848,1,1,1,1,1,12,0,31,261.2371480499884,12,1,2.3435839670057232,2.320693572281073,0
1849,1,1,0,1,0,1,0,25,196.62867081527045,1,7,2.0615127973180147,2.0811595349060936,0
1850,0,1,1,1,1,1,1,26,183.07827984017644,1,8,0.9488150687520454,0.989221639025364,0
1851,1,1,0,0,1,6,1,29,310.14786832180783,6,4,3.30471380130464,3.1837252419548747,0
1852,1,1,0,1,1,1,1,26,69.57646991332932,1,2,1.1773886029973126,0.4474370844697098,1
1853,1,1,0,0,1,1,0,24,288.16018239102266,1,10,0.6624186395576679,0.7082963424492902,0
1854,1,1,1,1,1,12,0,34,5.957877301761697,12,4,0.3324502643598215,0.3999286333886944,0
1855,0,0,1,0,1,1,0,23,296.67022907285013,1,0,1.47405146701099,1.7254819028919337,1
1856,1,0,0,0,1,1,0,31,42.29863539194412,1,0,0.6751289328109128,0.6956479611228984,1
1857,0,0,1,0,0,1,0,30,124.55484359318903,1,3,1.1584537141474724,0.0,1
1858,0,1,1,0,1,1,1,27,103.81231845377226,1,2,0.8865480379974492,0.5233450951377545,1
1859,1,1,1,1,1,12,1,32,234.7402340909528,12,8,2.124864214950716,2.069892312242044,0
1860,1,1,1,0,0,1,1,28,240.65648191655495,1,10,4.545647850981245,4.649258551805566,0
1861,0,0,0,0,1,1,0,36,362.34552480864136,1,3,3.621083535772328,3.673441915125361,0
1862,1,1,0,0,1,12,1,34,81.29638291895674,12,7,3.0975199947603134,2.899263032194608,0
1863,0,1,1,1,1,12,1,30,108.45968208200908,9,1,2.478373353982685,2.4807497984845046,0
1864,1,1,1,1,1,6,0,31,176.28226516538703,6,2,3.378170791222003,3.639347253724072,0
1865,0,1,1,0,1,12,0,32,365.5585139934584,11,3,2.7373377258343914,2.7501103404461857,0
1866,1,1,0,0,1,1,1,33,23.100524134753066,1,4,1.2286272109810308,1.1016225965558428,0
1867,1,1,0,0,1,1,0,22,237.0794250204811,1,1,1.649045859583128,1.6420240547920972,1
1868,1,1,0,0,1,6,1,27,155.80568601012595,6,5,2.066077828727647,2.2329186127776977,0
1869,1,1,0,0,1,1,1,29,111.77468624640908,1,7,3.7351851671135776,3.699560327563866,0
1870,0,1,0,0,1,6,0,34,363.31889717407296,6,0,2.4399064863973434,2.4819149274651746,0
1871,0,1,1,1,1,12,0,24,255.24565308331623,12,2,0.7313773037489228,0.5818170821132385,0
1872,1,0,0,0,1,1,0,29,115.2125618090216,1,2,1.6815719140135392,1.64823984867432,0
1873,0,1,1,1,0,6,1,35,8.370904091316987,6,1,2.9637174786307967,2.977064441236976,0
1874,1,1,0,0,1,6,0,29,147.67471902038508,6,7,1.1090646430055424,1.0571001412375909,0
1875,0,0,0,0,1,1,0,29,87.26608911298666,1,1,0.9866715220159578,1.2017512170564708,1
1876,0,0,0,0,1,1,0,30,201.7914249864017,1,8,2.8658555589464143,2.8570253103008385,0
1877,0,0,0,0,1,1,1,26,159.68200907652113,1,6,1.052411655229352,1.2549389164318046,0
1878,1,1,0,1,1,6,1,36,261.0134978581957,6,3,2.6039103859149084,2.436987279693188,0
1879,0,1,1,0,1,1,0,24,100.72832397271372,1,7,0.372101281088709,0.4377703148535868,0
1880,0,1,0,0,0,1,0,32,171.0220523353429,1,0,1.2050052448753683,0.8308141735745809,1
1881,1,1,0,0,1,6,0,34,134.9377816085842,6,5,1.4686723929798855,1.5211482374336356,0
1882,1,0,1,0,1,1,0,25,193.8166902227869,1,2,1.524573557455149,0.6933340486383317,1
1883,1,1,1,0,1,12,1,30,158.65750092923764,9,7,0.9875525458282572,0.8747897213442297,0
1884,0,1,0,0,1,6,0,28,282.56430179063483,6,1,0.2996773526903256,0.1448262218277803,0
1885,0,1,1,0,1,1,0,27,55.88104650927875,1,1,3.441585090385072,3.42415728150728,0
1886,0,1,0,0,1,12,1,28,194.0276974319216,9,3,2.007951022876234,1.9438489674426065,0
1887,0,1,0,0,1,1,0,28,144.8470801998805,1,1,1.7928435053828895,1.6403265745627371,0
1888,1,1,0,0,1,1,0,32,105.95784559563214,1,3,3.0880675078606954,3.106312948381365,0
1889,0,1,0,0,1,6,1,32,294.6359713464845,6,5,1.8921689057862905,1.9953547610179128,0
1890,0,1,1,1,1,6,0,30,60.65532262598804,6,3,2.2407902660110595,2.3058995454608406,0
1891,0,1,1,1,1,1,0,26,74.66544748136194,1,0,0.4941317440900754,0.1310488508919216,1
1892,0,1,1,1,1,12,0,29,357.0122473307043,12,1,0.5600127486203852,0.6797587772385846,0
1893,0,1,1,1,1,12,0,30,229.4462393208751,12,1,1.3499904237311555,1.4547096225423586,0
1894,0,1,1,0,1,1,1,27,114.66854423543867,1,10,2.5367845904555097,2.67371653624226,0
1895,0,1,1,0,1,1,0,31,160.40590652075176,1,1,1.4324098373462235,1.4577457238844889,0
1896,1,1,0,1,1,1,1,31,0.4108930359215179,1,2,0.6862524039568608,0.5568948589543106,1
1897,0,0,0,0,1,6,1,24,156.19330113630468,6,5,2.3197179551441307,2.154909108974479,0
1898,0,1,0,0,1,1,1,32,287.04901689201364,1,7,2.532945510747993,2.645681069133856,0
1899,1,1,1,0,1,1,1,29,131.87025155435384,1,0,1.947057699387255,1.8331497443554503,0
1900,1,1,0,0,1,1,0,33,32.3413982098045,1,1,1.3280985295225396,1.0875745851347591,0
1901,0,1,0,0,1,1,0,30,246.3263024664701,1,0,0.5979959292312587,0.5702183991408263,0
1902,1,1,0,0,1,12,1,28,31.006722472183604,12,5,2.7066951827004693,2.524897983170403,0
1903,0,1,0,0,1,1,0,30,142.99677302200232,1,5,3.2431219344779616,3.2263818982613377,0
1904,0,1,1,1,1,12,1,30,195.56328020719613,12,4,1.830851570108096,2.0167376279264526,0
1905,1,1,0,0,1,1,0,29,124.16013788084508,1,2,2.40049882172738,2.3676474343397924,0
1906,0,1,0,0,1,1,1,31,346.9666468873719,1,1,1.1431085723896943,1.1381174511749617,0
1907,0,0,1,0,1,1,0,25,113.0569150585943,1,2,0.2737477452301256,0.0,1
1908,1,1,1,1,1,1,1,33,51.44303754857184,1,5,0.6870232604581843,0.7500340396078597,0
1909,0,1,0,0,1,6,1,24,173.2273602807216,6,2,4.56888321649385,4.586912878562509,0
1910,1,1,1,0,1,1,0,33,51.28456656235029,1,11,2.882010125375952,2.665559821909312,0
1911,1,1,0,0,0,1,0,28,101.82871690698676,1,0,1.8003277510690745,1.8712736997529693,1
1912,1,1,0,0,1,6,0,25,137.1395888495034,6,1,2.1605405496238186,1.6263467002844088,1
1913,0,1,0,0,1,1,1,31,160.36937586054438,1,5,1.3664514204277942,1.295816921799645,0
1914,1,1,0,0,1,1,1,25,158.87909048734542,1,1,1.043586346059204,0.939373354177082,1
1915,0,1,0,0,0,12,1,28,6.993190265074809,11,6,1.5526353166288558,1.5714655205498125,0
1916,0,1,1,1,1,12,0,34,361.29622816600425,12,2,2.744279502527706,2.6387022117790084,0
1917,1,1,0,0,1,1,1,35,32.16694848761271,1,7,2.3179195469281177,2.337857889834853,0
1918,1,1,0,0,1,1,0,33,115.32501021116953,1,0,2.8555257218036667,2.23333864784658,1
1919,0,1,1,1,1,12,1,32,123.57555168959428,12,1,2.378452760175456,2.0301085407577384,0
1920,0,1,0,0,1,6,0,25,258.4058234396275,6,1,1.46707729929533,0.3528751605271427,1
1921,1,0,0,0,1,1,1,27,49.90780454179699,1,5,2.9453397212309267,3.1323155065536463,0
1922,1,1,1,1,1,12,1,33,281.8683381834851,12,11,0.0088238849200099,0.02586443592658,0
1923,1,1,0,0,0,12,0,31,201.9429589966568,11,2,1.1855693309003654,1.1711309626950657,0
1924,1,1,0,0,1,1,0,34,41.01169353384233,1,7,0.7055444458401798,0.6082267339020121,0
1925,0,1,1,1,1,1,0,30,339.56885035097173,1,7,0.0,0.0,0
1926,0,1,0,0,1,6,0,35,72.6233475238299,6,1,0.9648728369644708,0.9587060543317912,0
1927,1,1,0,0,1,1,1,26,113.69594268606258,1,1,0.9560890916201892,0.7429828861532747,1
1928,1,1,1,1,1,6,1,32,110.83994341421322,6,1,2.656839025273788,2.6911756917197267,0
1929,0,0,0,0,0,1,0,29,141.50740588320127,1,1,0.0,0.0,1
1930,0,1,0,0,1,1,1,31,250.32118868398567,1,0,2.236675809616049,2.1107531690383263,1
1931,1,1,0,0,1,1,0,35,316.0417226702501,1,8,3.0382332922604096,3.0198529987826395,0
1932,0,1,1,0,1,1,0,26,91.19759898952351,1,3,0.9319233374666178,0.8892751885818962,0
1933,0,1,1,1,1,12,1,31,130.34791564661552,10,7,2.73037481812325,2.7645018567901265,0
1934,1,1,0,0,1,6,0,28,112.92375123596896,6,2,2.794152995612709,2.7955153832578032,0
1935,1,1,0,0,1,12,1,26,197.67022051750357,12,4,3.1602845707090963,3.2562584253566413,0
1936,1,1,0,0,1,6,1,36,134.7506345149773,6,5,2.994210455366142,2.949120339459846,0
1937,1,1,0,0,1,1,1,32,234.08485400597365,1,3,3.060086054511,2.9349929260552137,0
1938,0,1,1,1,1,12,0,33,158.7568919483687,10,2,0.7666615055646873,0.7889203872835535,0
1939,1,1,1,1,1,12,1,30,351.3561734114405,12,5,1.700645065775254,1.7436772763816597,0
1940,1,1,0,0,1,12,1,29,209.1380241203951,12,11,2.67149705158676,2.890702031205496,0
1941,1,1,1,1,1,1,0,28,207.694332748018,1,0,2.334654381184206,2.0405746652433856,1
1942,1,1,1,0,1,12,0,26,63.17050998979961,12,3,3.20900959682724,3.3484446249561115,0
1943,0,1,0,0,1,1,0,24,118.5077668005434,1,1,1.24968960840371,0.5691734808709239,1
1944,1,1,0,0,1,12,1,35,255.2321785638156,12,6,1.21201353341757,1.4969779800342768,0
1945,0,1,1,1,1,6,1,33,11.99348778243183,6,1,4.2100839868812185,4.293216446552065,0
1946,0,1,1,0,1,1,0,26,24.081862206046928,1,0,2.330229556827828,1.4405597944579336,1
1947,0,0,0,0,1,6,0,32,218.9318213308604,6,11,2.6140449852852248,2.687198751984821,0
1948,1,1,0,0,1,1,0,30,271.4860963537774,1,0,0.4565513256329548,0.0,1
1949,1,1,0,0,1,1,0,27,49.39287900705969,1,2,1.205260433295895,0.6945519955804805,1
1950,0,1,0,0,1,12,1,28,213.7632301179769,12,11,2.6664769706097613,2.6198916523063094,0
1951,0,1,0,0,1,1,0,32,45.04497771918898,1,2,0.90254431141853,0.8899928816241164,0
1952,0,1,1,0,1,1,0,33,161.66118116055085,1,4,2.7128073349072768,2.4797979468321896,1
1953,0,1,0,0,1,6,0,31,46.97199025182829,4,2,1.2545434905046309,1.3128055864662218,1
1954,0,1,1,1,1,12,0,31,259.26030778907244,11,1,0.849582346699125,0.8764143069610283,0
1955,1,1,0,0,1,6,0,30,126.52589320436871,6,5,3.6433396811302834,3.4933855433851564,0
1956,0,1,1,1,1,6,0,33,177.32579080327906,6,1,1.6514185182247647,1.741927362776722,0
1957,1,1,1,0,1,1,0,32,173.5833285523315,1,1,1.2722416700443877,0.6007550158425247,1
1958,0,0,1,0,1,1,0,35,47.746878947286966,1,1,1.4113716313553093,1.141037890011168,1
1959,0,0,1,0,0,1,1,26,424.07081667113033,1,4,3.3507512512932034,3.2593715781927948,0
1960,0,1,0,0,1,6,0,37,221.172794196716,6,4,2.637362102185503,2.6432708038068293,0
1961,1,0,1,0,1,1,0,33,144.9087805444967,1,5,2.204236439122884,2.097056181790607,0
1962,1,0,1,0,1,1,0,32,5.722479279666629,1,9,2.2653313384255207,2.278672591010105,0
1963,1,1,1,0,1,12,1,33,16.493166944934934,12,4,1.718790466569314,1.853020418358924,0
1964,0,0,0,0,1,1,0,30,8.986540629612024,1,9,0.7344022649214996,0.0,1
1965,0,1,0,0,1,12,1,32,246.4703822943856,11,4,1.5806008854337243,1.5221662195019487,0
1966,1,1,0,0,1,1,0,28,66.90334130077211,1,5,2.5206754208666364,2.549357146080732,0
1967,1,1,1,0,0,12,0,28,368.4949689946848,11,9,1.5545747178328393,1.503945720003508,0
1968,0,0,1,0,1,12,1,28,25.61943301718059,11,4,2.813003669062276,2.809436334953422,0
1969,0,1,1,1,1,12,0,29,60.475036766282514,12,2,1.1838069090926815,1.3473584508934386,0
1970,0,1,1,0,1,12,0,28,159.54438674955531,9,5,1.0638430430426946,1.107244941536728,0
1971,0,1,0,0,1,1,0,25,23.89402938192137,1,1,1.652452879366692,1.2368115598325096,1
1972,1,1,0,0,1,1,1,28,87.35241925398563,1,1,1.432621728361014,0.0,1
1973,0,0,1,0,1,1,1,26,87.21669806482393,1,0,0.8586514374793546,0.8215665437930622,1
1974,0,1,0,0,1,1,0,21,71.40408926819354,1,0,2.2553830251495874,1.1097293341505663,1
1975,1,1,0,0,1,1,1,30,69.47113804619805,1,9,2.198064449105268,2.149540611621696,0
1976,1,1,1,1,0,12,0,32,195.72590796365824,12,5,1.5616750527398455,1.6202179841678743,0
1977,0,1,0,0,1,12,1,33,179.28395899904496,10,5,1.6853433931526631,1.69533518943785,0
1978,0,1,1,1,1,12,1,33,271.6397946173294,12,1,3.46600541821244,3.3411190892776226,0
1979,1,1,1,1,1,6,1,31,70.61074398557135,6,1,0.5211562841027453,0.568742382668151,0
1980,0,1,1,1,1,12,0,31,145.04029809995288,10,7,1.9821694187854269,2.042311257169924,0
1981,0,1,1,1,1,1,0,32,114.32133794592444,1,4,0.0818335935114742,0.1908438760747323,0
1982,0,1,1,0,1,1,0,30,268.70920155123605,1,11,2.265575833105511,2.313351732755609,0
1983,0,0,1,0,1,1,0,21,61.50333009724754,1,1,0.6965846309485663,0.0,1
1984,0,1,1,0,1,6,0,34,148.68241588319478,6,2,0.0,0.0044478774945923,0
1985,1,1,1,0,0,1,1,27,101.45200235110045,1,0,2.260840010205191,0.8389879233324216,1
1986,1,1,1,1,1,1,0,31,82.58416176479749,1,8,2.053784181203536,1.9159621316439093,0
1987,0,1,1,0,1,12,1,29,109.3011786286408,12,0,2.8303898776306724,2.9862245108442496,0
1988,0,1,0,0,1,6,0,35,166.56820423947997,6,3,0.7141129514789537,0.7393247649246556,0
1989,1,0,1,1,1,1,0,30,11.871219441523971,1,5,2.0957350446680176,2.2415511610383314,0
1990,0,1,0,0,0,1,0,37,89.755916185696,1,1,2.229831617815486,1.6534704207274769,1
1991,0,1,0,0,1,1,0,27,205.8991357645636,1,1,1.225120548622038,1.0176358712400422,1
1992,0,1,1,1,1,6,1,25,49.84457773808377,6,0,2.386860462098351,2.5132877868720107,1
1993,1,0,1,0,1,1,1,24,147.63727902465442,1,1,1.6716511549396655,0.564171730720641,1
1994,1,0,1,0,1,6,0,29,10.114007287014338,2,7,1.8153275527546773,1.8889811299974888,0
1995,1,1,1,1,1,6,0,37,124.7367978807107,6,4,2.6173249783398336,2.663708076444263,0
1996,1,1,1,1,1,6,0,37,229.2968682028564,6,3,2.392331866970627,2.6236190428873347,0
1997,0,1,1,1,1,12,1,30,104.33377062295588,10,11,3.3207928414822963,3.3759619472478413,0
1998,1,1,1,1,1,1,0,30,334.37441971490705,1,1,1.642802548397995,1.5255570768933504,0
1999,0,1,1,1,1,1,0,29,134.99627329963988,1,4,2.0615769466352125,2.091823826673312,0
2000,1,1,1,0,1,6,0,26,206.82408327930852,6,0,1.3152973210208607,0.5634160270746279,1
2001,1,0,1,0,1,12,1,33,206.0613148899332,12,1,3.47535997653969,3.3459283230503387,0
2002,1,1,1,1,1,1,0,27,265.0530851562329,1,1,1.0068956297055318,0.0,1
2003,0,1,1,0,1,12,1,27,159.51678677088944,8,4,2.3926051616287136,2.432968300224703,0
2004,1,1,1,1,1,1,1,31,8.451491054816046,1,0,0.7897096380566991,0.2381226121202477,1
2005,0,1,0,0,1,1,1,31,167.97541919522024,1,0,2.5529647624690983,2.5075776291790266,0
2006,1,1,0,0,1,1,1,24,347.67228960508737,1,2,2.687242300451524,2.6315759594597985,0
2007,1,0,1,0,1,12,1,31,204.55235273420865,12,2,1.3169953221433133,1.3907016207149208,0
2008,1,1,0,0,1,1,0,28,93.15518358353972,1,1,1.603442961836968,1.3065889849138008,1
2009,1,0,1,0,1,1,0,29,38.91304582911368,1,1,0.4380969575507787,0.0,1
2010,0,0,1,0,1,12,0,26,135.2518881980506,12,5,0.0,0.0,0
2011,0,1,0,0,1,1,0,30,25.35211056853969,1,6,1.789534742536026,0.8454130188373666,1
2012,1,1,0,1,0,12,1,24,129.83334478773315,12,4,0.7250231017347564,0.7962141003758217,0
2013,0,0,0,0,1,1,0,27,5.06310536304926,1,1,2.0110365986658003,0.1542723998242934,1
2014,1,0,0,0,1,1,1,27,100.47890284802584,1,3,1.5765634942437765,1.312970857346401,1
2015,0,1,0,0,1,1,1,27,200.36637762785247,1,1,1.489931127451019,1.4165907973414484,0
2016,1,0,0,0,1,1,0,31,16.854517950254085,1,4,4.218271496229874,4.327700869403931,0
2017,1,1,0,0,1,1,1,30,234.7228768353965,1,9,1.9644696709855112,2.069929419038643,0
2018,1,1,0,0,1,12,1,25,243.12811272093663,12,4,1.0216011813551449,0.9353245120914668,0
2019,0,0,0,0,1,1,0,30,80.32928832575759,1,6,2.5752456387404288,2.7978826328771484,0
2020,0,1,1,1,0,12,0,27,280.4896165596497,12,5,2.4460419480922764,2.603395576563814,0
2021,1,1,1,1,1,12,1,31,103.9747066196222,12,0,2.0718660149477195,2.0768793795481097,0
2022,1,1,1,1,1,1,1,31,238.4235935974492,1,3,1.228675822975506,1.3751773330405428,0
2023,0,1,1,0,1,6,0,27,228.2471864593847,6,2,2.95771676599584,2.85634199615994,0
2024,0,1,1,0,1,6,0,29,51.7796980551268,6,0,2.4423050733424145,2.4621335480803745,1
2025,1,1,0,0,1,12,1,30,185.11083662502048,12,4,1.7075869115721718,1.5265653400998025,0
2026,1,1,1,0,1,12,0,27,257.9986652381029,12,7,1.4519272556046832,1.5348931863908648,0
2027,1,1,0,0,1,12,0,32,221.3088236809673,9,7,2.3224930737477774,2.175394003021592,0
2028,0,1,0,0,1,6,1,30,54.6292203599181,6,11,1.5332563066807168,1.4247641782483305,0
2029,1,1,0,0,0,6,0,34,249.45797478588685,6,5,2.5458161439885685,2.5485988564025046,0
2030,0,1,1,0,1,6,1,29,325.7809389570398,6,2,0.1774816668625289,0.3064547776715729,0
2031,0,0,1,0,1,12,1,32,281.190434108026,12,3,2.79698825221234,2.864824477340234,0
2032,1,0,1,0,1,6,0,29,37.1450463827162,6,5,2.4363154372482767,2.469653837704601,0
2033,1,1,1,1,1,1,0,27,58.747218643962185,1,2,1.0171205732509765,0.9756105715353138,1
2034,1,0,0,0,1,1,0,26,209.4848828578608,1,1,1.5672783020172083,1.2808399469647935,1
2035,0,1,0,0,1,6,1,22,153.16483565325044,6,3,2.0665844337370927,2.1167152930253192,0
2036,0,1,1,1,1,1,0,31,350.79781890521417,1,2,2.172428929849969,2.2355881405283315,0
2037,0,1,1,1,0,12,1,34,232.7044205182019,11,5,2.3786399465091725,2.637111487120662,0
2038,1,1,0,0,1,1,0,29,109.46831082481576,1,6,2.66837172880415,2.818220311714498,0
2039,1,1,1,1,1,1,0,34,153.9678076820654,1,1,4.016064950699229,3.846316286357459,0
2040,0,1,1,1,1,1,0,29,124.24274051037412,1,4,0.9887970739011078,0.7741508177351791,0
2041,0,0,0,0,1,6,0,26,137.53325645278665,6,5,1.0444296292157529,1.0839241100813004,0
2042,0,0,0,0,1,1,0,28,180.6152930841129,1,1,2.6348938043265164,2.630594235650781,0
2043,0,1,0,0,1,1,1,36,154.95164493947104,1,4,1.0387073678945664,1.092866874751345,0
2044,0,1,1,1,1,6,1,33,230.401346102602,5,1,1.819659306077752,1.7744579095158597,0
2045,1,1,0,0,1,6,0,33,329.80337897166413,6,1,0.3348898331592158,0.3236021314101453,0
2046,1,1,0,0,1,1,1,27,195.21587596139184,1,1,2.896994986599464,2.955235656334145,0
2047,0,1,0,0,1,1,0,31,34.69161624542308,1,5,0.6226837735623285,0.5241980495753478,0
2048,1,1,1,0,1,6,1,34,275.425982501504,6,1,1.916781950771849,1.9462852965463096,0
2049,1,1,0,0,1,1,0,29,223.6423094711912,1,7,2.91721181494394,2.9383370854129174,0
2050,0,1,1,1,1,12,1,30,102.7008072359821,12,9,0.0,0.0067906227103982,0
2051,1,1,0,1,1,12,0,35,105.32290199314808,12,2,3.196830959751129,3.1386523386449308,0
2052,1,1,0,0,1,1,1,35,373.9160065171904,1,0,1.0428812964162508,1.1419615874080804,0
2053,0,1,1,1,0,6,1,29,138.0179644638296,6,2,0.0,0.0,0
2054,0,1,1,1,1,6,0,30,257.1629899232398,6,2,3.27603509773708,3.2951691280286086,0
2055,0,0,0,0,1,1,0,29,11.57367528072838,1,1,1.5525545769827225,0.8316568422774107,1
2056,1,1,1,0,0,6,0,29,192.6375047181771,6,4,1.3606495415621835,1.2658362677871258,0
2057,0,0,1,0,1,6,0,28,173.6093595490136,6,1,0.7200974638663806,0.0615915036117126,1
2058,1,0,0,0,1,1,0,23,52.4402248776491,1,1,0.3210211735442185,0.0,1
2059,0,1,1,1,1,12,0,32,48.13170838768296,12,3,2.999601274699576,2.8801709774354416,0
2060,0,1,1,0,1,6,0,33,424.07081667113033,6,5,4.0052870531746265,4.119854924774223,0
2061,1,1,0,0,1,1,1,32,250.28125390642955,1,5,2.805795990050925,2.6114374921282426,0
2062,1,1,1,1,0,12,1,31,286.66697288143405,11,9,2.2254508362631737,2.0816977934402763,0
2063,1,1,1,0,1,1,1,34,170.2636937510836,1,4,3.7830560046903066,3.746069270377358,0
2064,0,1,1,0,1,12,0,32,424.07081667113033,12,2,1.073820590612076,1.0658854220697092,0
2065,0,1,1,0,1,6,1,25,89.20827799246409,6,10,1.4301228748249455,1.5148360022393754,0
2066,1,0,1,0,0,12,0,29,295.60378766339363,12,7,2.4310661944086904,2.5657402526983177,0
2067,0,1,1,1,1,6,0,30,302.1540280224865,4,1,2.5391062368903574,2.5657254097335698,0
2068,0,1,0,0,1,1,0,29,7.103332593320445,1,2,2.346186537695021,2.4272517368491022,0
2069,1,1,0,0,1,1,0,37,248.9485082542008,1,7,2.680702216546289,2.5387908415367515,0
2070,0,1,1,1,1,12,0,31,319.2921180656057,11,1,2.0741709812124767,2.0387089717048004,0
2071,0,1,0,0,1,1,0,26,179.04945436441864,1,2,1.9983390039991256,1.5058147537486208,1
2072,0,1,0,0,1,1,0,25,96.34172922756298,1,4,1.2627581856870105,0.8224682181057131,1
2073,0,1,1,0,1,6,0,28,289.8127998634638,6,3,3.032752182835732,3.146944105383516,0
2074,1,0,0,0,1,1,0,30,1.1049240231521438,1,3,1.995830136876389,1.8991316390666049,0
2075,1,1,1,1,1,6,1,28,31.32771462637393,6,4,3.9162401984700175,4.002908736949912,0
2076,0,1,1,0,1,1,1,25,70.92976572872263,1,1,1.3354207466363408,0.0645658511975184,1
2077,1,1,0,0,1,1,0,27,307.4093453841249,1,1,0.776799910266328,0.9467254717551752,1
2078,1,0,1,0,1,1,0,30,178.78232599904794,1,4,2.1787419224613847,2.125642812771538,0
2079,1,1,0,0,1,1,1,29,94.82542641645796,1,1,2.2514064588407146,2.341763356645451,0
2080,1,1,1,1,1,12,0,29,223.87910772488615,11,5,2.726861828208775,2.781323154412995,0
2081,0,1,1,1,1,1,1,29,180.5372192757769,1,11,1.1485568078539004,1.2246061201122251,0
2082,0,0,0,0,1,1,0,32,93.01420598572456,1,4,1.2490326892237495,1.0000305519446169,0
2083,0,0,1,0,1,1,0,24,26.70998808886806,1,0,1.7092100872787628,1.478772881116264,1
2084,1,1,0,0,1,6,1,29,228.68594044026,6,0,1.5591629704321377,1.60190952789039,0
2085,1,1,0,0,1,1,0,29,98.67198623526612,1,11,1.2420049184743465,1.1860022888760249,0
2086,1,1,1,0,1,12,0,27,236.63233924104577,12,0,2.9656816490228315,2.9715322859413886,0
2087,1,1,0,0,0,1,0,27,57.485910225070846,1,1,1.6041311906429283,1.0334012853501946,1
2088,1,1,1,1,1,12,0,24,311.3521954849955,11,11,3.018005793526477,2.9347054417581733,0
2089,0,0,0,0,1,12,0,26,208.131792308634,12,2,0.6258522454791888,0.0872781945500406,1
2090,0,1,0,0,1,1,1,32,124.3176105978982,1,2,1.6092122188899802,1.4681456349959432,0
2091,1,1,1,0,1,1,0,33,267.0834261514069,1,4,1.930005169123865,2.0442780416324533,0
2092,0,0,0,0,0,1,0,24,199.4616137320715,1,0,0.0,0.0,1
2093,1,1,0,0,1,1,1,33,29.741681326631262,1,1,2.40785985692727,1.575433318878048,1
2094,0,1,0,0,1,1,0,22,64.13694399723272,1,0,1.33951312243907,1.1166726789970132,1
2095,1,1,1,1,0,1,1,33,235.5635937032917,1,8,2.7821525577172608,2.7031861130291444,0
2096,0,1,0,0,0,12,1,35,131.79627904766463,8,11,4.56888321649385,4.729706079023747,0
2097,1,1,1,0,1,1,0,32,101.18797198883078,1,5,1.837829907580752,1.8043719718197009,0
2098,0,1,0,0,1,1,0,29,110.69864985346842,1,11,2.8015373951351124,2.6541362171195737,0
2099,1,1,1,0,1,12,0,27,230.0708812621233,10,3,0.1447331206082611,0.0533547632423859,0
2100,1,1,0,0,1,6,0,30,118.78244080895892,6,0,1.9319680852698176,2.085986801576813,0
2101,1,1,0,0,1,1,0,30,26.24817233015464,1,0,2.1354837829691395,1.8445647852104272,1
2102,1,1,0,0,1,1,0,27,35.229832876578804,1,1,2.8539735293779915,2.821569672180911,0
2103,0,1,1,1,1,1,0,32,248.84289215549708,1,3,3.1577909845105423,3.163908941582774,0
2104,0,1,1,1,0,12,0,31,378.6187926752971,10,5,3.0939984571527948,3.1686399303905137,0
2105,1,1,0,0,1,1,0,32,213.3224561475745,1,11,1.8342102800354083,1.7758646688090178,0
2106,0,1,0,0,1,1,0,34,58.40813616814825,1,4,2.3154284089836805,2.2142839133050933,0
2107,1,1,0,0,1,1,0,24,101.94383794052952,1,2,0.2927043199092649,0.0,1
2108,1,1,0,0,1,1,0,24,92.828875225227,1,1,1.5960615834113727,1.7980165484302613,1
2109,0,0,1,1,1,1,0,31,224.45691131368503,1,1,0.8870090757002529,0.7479674309620685,0
2110,1,1,0,0,1,6,0,28,22.1976115650466,6,2,1.2114290491831108,1.6600909446645886,1
2111,1,1,1,0,1,1,0,27,162.813871297363,1,2,1.040658011283356,0.736265158509497,1
2112,1,1,0,1,1,1,1,29,21.339687705005915,1,2,1.8189706622749409,1.3836628923401482,1
2113,0,1,0,0,1,12,1,35,165.99660787343774,11,6,2.4680441010027807,2.422942865337538,0
2114,0,1,0,0,1,1,0,27,50.04491032947175,1,0,2.73857909351254,2.7720051136689663,0
2115,1,1,1,1,1,12,1,26,72.54980035210987,12,9,1.6829171717958418,1.6396549635472413,0
2116,1,1,1,1,1,12,1,31,8.266698903426388,12,1,3.13932639068536,3.023193675113093,0
2117,1,0,0,0,1,1,0,29,125.67847456488693,1,1,1.4997785138952826,1.1982086551720117,1
2118,0,1,1,1,1,6,1,31,69.00141998143971,6,3,2.2048593528768823,2.2059074792820152,0
2119,1,1,0,0,1,1,0,32,55.95104603388661,1,3,0.8832474953933412,0.2153024047924675,1
2120,0,1,0,0,1,1,0,26,58.21169995052708,1,0,0.0,0.4045514491730148,1
2121,0,1,0,0,1,1,1,27,142.55073391255368,1,11,1.1639287079570262,1.2666478881028431,0
2122,0,1,1,1,1,1,0,27,215.15298316867413,1,1,3.410351242685861,3.418540443404144,0
2123,0,1,0,0,0,1,1,27,119.98887046029851,1,0,1.8721816478565425,1.9071964706189624,1
2124,0,1,1,0,1,1,1,28,47.45405074759345,1,2,0.7526287475394029,0.6604808089616234,1
2125,1,1,0,0,0,12,1,27,91.841060010592,12,1,2.162513055701025,2.1770300314335964,0
2126,0,0,1,0,0,1,0,29,20.34780049025437,1,6,1.8249217643576647,1.8313606746092823,0
2127,0,0,1,0,1,1,0,21,28.7346928564267,1,2,0.7232026365243692,0.0,1
2128,1,1,1,1,1,12,1,33,274.32697343979663,11,3,1.5971095122924703,1.5283354232787354,0
2129,0,1,1,1,1,6,1,31,255.1175433309209,6,3,2.6875752930879453,2.6381828414609143,0
2130,1,1,1,0,1,1,0,29,4.256390294472851,1,1,1.7378203727591648,0.316507104974594,1
2131,1,1,0,0,1,1,1,32,405.8441405796576,1,1,3.1782838929007053,3.2220571662814708,0
2132,1,1,1,0,0,1,0,30,105.18979344423644,1,3,1.7083030030814474,1.7409064631213425,0
2133,1,1,0,0,0,1,0,25,62.3064447312261,1,0,2.1315318202990845,2.10923635025396,1
2134,1,1,1,1,1,12,0,32,160.8226506598379,12,6,0.6618638278027431,0.6005272397726666,0
2135,0,1,1,1,1,12,1,33,213.21370162175808,12,11,1.912690416496751,1.6929233194536824,0
2136,1,0,0,0,1,1,0,28,165.688580075584,1,3,2.166936373843324,1.6488681102042793,1
2137,1,1,0,0,1,6,1,29,83.6579608158755,6,7,0.890786190468422,1.007506411583048,0
2138,1,1,0,0,1,1,1,29,98.0728031121458,1,1,1.1863641789077524,0.5391427822963605,1
2139,1,1,1,0,1,6,1,27,262.7623568881395,2,5,1.711690312808836,1.7363388071066563,0
2140,1,1,0,0,1,12,1,26,251.69534165157268,12,2,3.0320798911304867,3.01695127549859,0
2141,1,1,0,1,1,1,1,25,50.19541144228302,1,1,1.8114820869482573,0.9106553197926224,1
2142,0,1,0,0,1,1,0,30,320.4764546324312,1,5,1.7021857848817514,1.6570738758153565,0
2143,1,1,1,1,1,1,1,27,147.75864871399506,1,0,1.973240754387164,1.3864689647952604,1
2144,1,1,1,0,1,12,0,30,332.77645030996075,12,1,0.9153574366827985,0.8532823848631869,0
2145,1,1,1,0,1,1,0,28,351.60657255163767,1,5,0.6653238713473502,0.7819915095661535,0
2146,1,1,0,0,1,1,1,27,203.1344079344667,1,5,2.587600329584273,2.641097503184392,0
2147,1,1,0,1,1,1,0,31,123.63491565645748,1,4,2.538651837425068,2.689607505909977,0
2148,1,1,1,1,1,1,0,28,47.12814625534495,1,1,1.718573381648401,1.4632068077604037,1
2149,1,1,1,0,1,12,1,31,68.75684461024284,8,4,0.6615838477958784,0.5473950577661568,0
2150,1,1,1,0,1,6,1,28,25.22721716371293,4,10,1.903706146838536,1.7256752290183766,0
2151,1,0,1,0,1,1,1,30,168.61869638019078,1,1,0.8229654375545029,1.2724834562311482,1
2152,1,1,1,0,0,6,0,28,91.70317447452562,6,0,2.545585455155357,2.162581766912956,1
2153,1,1,1,1,1,12,0,32,242.04098701994232,11,0,3.1425185876015176,3.05746517729486,0
2154,0,1,1,0,1,12,0,32,265.5147660688039,12,8,2.9722694873698514,2.9815899375844066,0
2155,1,1,0,0,1,1,0,26,103.7244127518117,1,1,0.6840733621343973,0.0,1
2156,1,1,1,1,1,6,0,35,105.05721562274056,6,7,1.6680724599216847,1.6650727470438391,0
2157,0,1,0,0,0,1,0,27,10.78233283767714,1,0,2.0839846581792303,2.0781894848910434,0
2158,0,1,0,0,1,1,1,31,16.314205335654542,1,1,1.2881711586806182,1.0875966282689942,0
2159,1,1,1,0,1,6,1,29,94.68663209511934,5,2,2.8162235713290382,2.705200011730342,0
2160,1,0,1,0,1,1,0,26,75.80322779393867,1,1,1.45738990381119,1.5402689381573382,1
2161,0,1,0,0,0,1,1,33,50.26914188288075,1,1,1.1289120529026722,0.9997327886228244,0
2162,0,1,0,0,0,1,0,31,107.43784539966823,1,1,4.0311922323814615,3.950288905240032,0
2163,1,1,1,1,1,1,0,30,116.43402516871735,1,8,4.261914503806166,4.40213272989334,0
2164,0,1,0,0,1,1,0,30,192.6911041431129,1,2,0.6930152179383011,0.8165011713692303,0
2165,0,0,0,0,1,6,0,26,105.7916373034906,3,6,1.8915934961559016,2.013243810312465,0
2166,1,1,1,0,1,6,0,32,256.5522985282072,6,4,1.0924840559289388,1.1052167823144228,0
2167,1,1,1,0,1,1,1,30,106.69223346670636,1,1,1.6568648866615563,1.7141556222219705,0
2168,1,1,1,0,1,1,0,28,96.3704202230693,1,2,0.0780588715610042,0.0,1
2169,0,1,1,1,1,1,0,24,92.96148987100658,1,0,1.7237312901323645,0.5146101188146686,1
2170,0,1,0,0,0,1,0,25,5.076974492930519,1,0,1.4988993668738249,1.4812449815765942,1
2171,1,1,0,0,1,1,0,30,69.47434640294854,1,2,0.4492687701214628,0.3735096266089256,0
2172,0,1,0,0,1,1,1,28,203.7103787173457,1,0,1.476274360410963,1.48300023316845,1
2173,1,1,0,1,0,12,1,36,117.4459820275226,12,2,2.4398962994948548,2.3239583992673287,0
2174,1,0,1,0,1,1,0,29,31.69075005421304,1,3,2.7323762837124064,2.618269415594835,0
2175,1,1,0,0,0,1,1,32,76.83875499653651,1,0,1.750247887736792,1.3613347368668611,1
2176,1,1,0,0,1,1,1,35,177.9937141380842,1,1,2.0629546699892223,1.9828843694172549,0
2177,0,1,0,0,1,1,0,25,102.44735205826244,1,0,2.22580530965525,1.2689175007705018,1
2178,1,1,1,1,1,12,0,25,9.054828242223692,9,3,1.0600144242876604,1.0048360357612391,0
2179,0,1,1,1,1,6,1,29,113.6285804383454,6,2,4.56888321649385,4.831336242550881,0
2180,1,1,0,0,1,1,0,25,126.82386105896065,1,0,1.133005985396777,0.4324778064382148,1
2181,1,1,1,1,1,1,1,29,342.0612264991587,1,8,2.6183628382512456,2.505065472365221,0
2182,1,0,1,0,1,6,0,29,369.0595748295572,6,3,1.6810793257533827,1.6882940022820083,0
2183,1,1,1,0,1,6,0,29,231.4883615146809,5,5,1.6449605421355131,1.7752734316978918,0
2184,1,1,1,1,1,6,1,27,0.1482047884566242,6,0,0.2602008278592247,0.0,1
2185,0,1,0,0,1,1,1,30,82.487277219383,1,9,2.788254603076231,3.0049955493127034,0
2186,0,1,0,0,1,1,1,31,279.19318226962145,1,3,0.9403437660383548,0.8384499403967942,0
2187,1,1,1,1,1,6,0,29,161.44137270782485,6,0,0.6633718962055752,0.4465427243734493,0
2188,1,1,1,0,1,1,0,31,217.5776574811929,1,3,1.141421164245605,1.0829924094582828,0
2189,0,1,1,1,1,6,1,29,301.9074849970716,6,5,1.0250293339483851,1.1100483254963032,0
2190,1,1,0,0,0,12,1,35,214.4502620575753,12,11,0.5693924956327407,0.5747016895513426,0
2191,1,1,1,1,1,1,0,28,61.93894213192839,1,4,0.7084832021293583,0.0605090453089752,1
2192,1,1,0,0,1,1,1,21,155.59750612067876,1,0,2.150481316524738,1.864234974678805,1
2193,0,1,1,0,1,12,1,33,147.134116653729,12,7,0.9316603978334628,0.8160073955555031,0
2194,0,1,0,0,1,6,0,30,372.46011736602617,5,7,2.058566095066207,2.240843422795246,0
2195,1,1,0,0,1,12,0,34,244.0637353105674,8,3,2.5582206309965843,2.4648632787454985,0
2196,1,1,0,0,1,1,1,34,302.7173195878199,1,5,0.8100370610583821,0.7624665910407968,0
2197,0,0,0,0,1,1,0,36,58.63401423119765,1,2,1.974636615637201,2.043980764994937,0
2198,0,1,1,0,0,1,0,23,20.958724942870475,1,5,0.4945080889695563,0.2215673652124829,1
2199,0,0,0,0,1,1,0,29,190.73462529858227,1,3,1.1868923864148029,1.185675839750598,0
2200,0,1,1,1,1,1,0,28,86.64991796017773,1,1,2.027720990607293,1.3969897313577382,1
2201,0,1,1,0,0,12,1,29,138.9886525171069,12,1,1.7019689160391396,1.7039183289512432,1
2202,1,1,0,0,0,1,0,30,185.06434569265872,1,2,1.984152215070796,1.8785742163641352,0
2203,0,1,0,0,1,6,0,30,424.07081667113033,6,3,1.1918344426504042,1.2029614332411065,0
2204,1,1,1,1,0,1,0,26,122.18072738411362,1,8,1.8421814398490288,2.0159054222167407,0
2205,0,1,0,0,1,6,0,28,245.70844176962208,6,3,2.575718495572067,2.525402708108139,0
2206,1,1,1,1,1,6,0,29,66.48828540170206,6,2,0.0,0.0,0
2207,0,1,1,1,1,12,0,28,146.35732457091146,7,5,2.453571636927433,2.4020010964376457,0
2208,1,0,0,0,1,1,0,30,210.89903682435408,1,5,3.7203605116319967,3.6693221308590953,0
2209,0,1,1,1,1,12,1,31,82.88604280586168,11,10,2.95326014904751,3.11779961888063,0
2210,1,1,0,0,0,1,0,30,32.34499359541026,1,0,1.4279582047570156,1.0228328383171874,1
2211,0,1,1,1,1,1,1,33,21.03115772969608,1,3,4.005793199207384,4.0471064114306845,0
2212,0,1,0,0,1,6,0,27,264.7106939495053,6,5,1.8108787824175028,1.8940115162862785,0
2213,1,0,1,0,1,1,1,31,62.73571962833188,1,0,2.116186601150988,0.6167009772312961,1
2214,0,1,1,0,1,12,0,29,69.7507555190577,11,2,1.0919182233365603,1.0510779540525514,0
2215,1,1,0,0,1,6,1,27,167.55786118285133,6,1,4.082422664142303,4.156916164761683,0
2216,1,1,0,0,1,1,1,31,54.42850296110564,1,4,3.754112520144485,3.83482808616895,0
2217,0,1,0,0,1,1,0,30,177.75935275720082,1,2,1.994393125292218,1.5973286041353756,1
2218,0,1,0,0,1,1,1,24,31.941973792593245,1,3,1.6204183452344498,0.9304841412929992,1
2219,0,1,0,0,0,12,1,33,145.54998538793023,12,7,2.2011414777175093,2.190851470021204,0
2220,1,1,0,0,0,6,1,24,160.51620266408364,6,1,2.8722759350221656,2.998211161480333,0
2221,0,0,0,0,1,6,0,27,374.08906569435584,5,1,1.475159283640191,0.5718451928595425,1
2222,1,1,1,1,1,12,1,31,93.414233529603,10,3,0.7611205802072745,0.8013192304047614,0
2223,1,1,1,1,1,12,0,29,59.041552313092296,12,3,2.4825983855827296,2.4522088953730146,0
2224,0,1,0,0,1,1,1,33,323.5337154770976,1,5,2.9198935160745734,2.906842289142616,0
2225,1,1,1,0,1,12,1,30,7.994521114316613,12,11,1.4809925111976718,1.4180657000434622,0
2226,0,1,0,0,1,12,1,33,54.60054529476375,11,1,0.2131859029902065,0.099014798682708,0
2227,1,1,1,0,1,6,0,27,180.6767883563328,5,2,0.478517379707509,0.3352798872997794,0
2228,0,1,1,1,1,12,0,34,347.400806934985,12,5,2.923285204834804,2.8517544814776383,0
2229,1,1,0,0,1,6,1,30,121.52969134707294,6,4,3.1889360036605843,3.204417700761357,0
2230,1,0,1,0,1,6,0,28,103.87728375523098,6,2,1.7044447835423664,1.6703064291373633,0
2231,0,1,1,1,1,12,1,29,260.5074585068129,12,2,2.3481674580491805,2.3234546736896604,0
2232,1,1,1,1,1,12,1,28,106.45740341679766,12,4,3.631744078981241,3.788843395482121,0
2233,1,1,1,1,1,12,1,25,209.29430435946665,12,4,1.4451475193481005,1.5820033869381085,0
2234,1,1,0,0,1,1,0,31,211.728969646523,1,3,1.5852253258650293,1.5399951241261205,0
2235,0,1,1,1,0,6,0,25,45.73740307258264,6,1,2.4875240719999137,2.3095878299948542,0
2236,0,1,1,1,1,1,0,31,105.80815181542928,1,1,1.7779085689264047,1.3318184722194542,1
2237,1,1,0,0,1,6,1,34,121.35533494024828,6,6,2.8504764197310086,3.036212557515785,0
2238,0,1,1,1,1,12,1,26,245.34198649233485,12,5,3.342234209792254,3.302304160294593,0
2239,1,1,0,0,1,12,0,28,168.84318157011558,9,2,2.9824759358524666,2.8584777698249666,0
2240,0,1,1,1,0,12,1,33,363.0661185294892,12,10,2.1747669820786784,2.08371538578488,0
2241,0,1,0,0,0,1,0,25,123.66191598221953,1,5,1.912127923698311,2.028011326138176,0
2242,1,0,0,0,1,1,0,27,129.6907383642004,1,1,2.4219288629145708,1.8962307500012323,1
2243,0,1,1,1,1,6,0,29,239.7453019170008,5,6,0.6450785523511959,0.5299716493452348,0
2244,1,1,0,1,1,1,0,31,221.9995044432532,1,4,1.7986043352653247,1.9073774704022235,0
2245,1,0,1,1,1,6,0,35,284.7735524528685,6,10,3.7510050622575535,3.65941384354394,0
2246,0,0,0,0,1,1,0,25,134.76675368812678,1,1,1.3813696006334133,1.302034707711144,1
2247,0,0,0,0,1,1,0,25,126.94365736941688,1,1,1.4403424954966426,0.8073168613164665,1
2248,0,0,0,0,1,1,1,29,106.84640816465652,1,2,1.949131647851547,2.066672629757321,0
2249,0,1,0,0,1,6,0,33,374.407447340241,4,5,4.56888321649385,4.831336242550881,0
2250,1,1,0,1,1,1,0,28,81.32659285972805,1,5,2.626057464365389,2.646600086354012,0
2251,0,1,1,1,1,12,1,28,142.68216428149182,12,6,1.016788513605989,0.9284467027790844,0
2252,1,0,1,0,1,12,1,30,67.95028384439402,11,4,2.752367570418788,2.7779435496724143,0
2253,1,1,0,0,1,6,1,32,119.26316211418158,6,1,1.2811281544803288,1.5353464132516352,0
2254,0,1,1,1,0,12,1,30,364.45684641979767,11,5,3.5768395467561365,3.613823188068766,0
2255,0,1,0,0,1,1,1,30,147.60307940060216,1,4,2.0603537248403407,1.9320192438890629,0
2256,1,1,0,1,1,6,1,30,119.87912014377684,6,2,1.0721259534172431,1.1171436187531387,0
2257,0,1,0,0,1,6,1,28,142.90547871376933,6,11,0.5551935795543501,0.8964207455027551,0
2258,1,1,1,1,1,12,0,30,66.93638444791411,7,7,0.6673556282216262,0.6626425976773948,0
2259,0,1,1,1,1,12,1,31,132.18815741737754,12,9,3.007830165045843,3.1062156205664104,0
2260,0,1,0,0,1,6,1,32,277.4613229794776,6,6,1.523175501634136,1.6401265833515084,0
2261,0,0,1,0,1,1,0,23,324.45277540025984,1,3,3.432550435280139,3.3591596374806945,0
2262,1,1,1,1,1,12,1,32,265.40728973692063,12,5,1.469406130704777,1.5375547013929955,0
2263,0,1,1,1,1,1,1,25,304.4531774658175,1,8,2.565371054210268,2.5914232356235294,0
2264,0,1,0,0,1,1,0,29,136.8843512289118,1,3,1.0353993212652517,0.3283673048066917,1
2265,0,1,1,0,1,1,0,29,58.35847889588528,1,0,0.0,0.0,1
2266,1,1,1,0,1,1,0,29,273.76351945985,1,11,2.487606777051348,2.6222170126878988,0
2267,1,1,1,0,1,12,1,32,280.2610651567815,11,4,1.8300562333560664,1.7613581184942633,0
2268,1,1,1,0,1,12,0,25,424.07081667113033,12,7,0.0147099999751787,0.0379948301323616,0
2269,1,0,0,0,1,1,0,24,204.4445266602356,1,1,0.4962393509387981,0.0,1
2270,0,1,1,1,1,12,0,32,22.94699672855137,12,1,2.024992266592596,2.0601206997511223,0
2271,1,1,0,0,1,6,0,33,20.979360045511484,6,11,1.8210890825230617,1.8549366854021576,0
2272,1,1,1,1,1,1,1,26,156.9330595507916,1,4,1.0199277868244792,0.9124065584154208,0
2273,1,1,1,0,1,12,0,25,92.04709091794916,12,2,0.264835190348238,0.3628632588014079,0
2274,0,0,1,1,1,6,0,29,219.76091800688545,6,1,1.85813138731892,1.953873440084708,0
2275,0,1,1,1,1,6,1,26,203.5493329578112,6,6,4.56888321649385,4.714157780992903,0
2276,1,1,0,0,1,1,1,32,5.406180569254531,1,0,0.88035005470123,0.0,1
2277,0,1,1,0,1,12,0,29,424.07081667113033,12,8,3.6533273634898,3.539171260808088,0
2278,0,1,1,0,1,12,0,29,141.80584523448138,12,3,3.233590545308424,3.282858742163371,0
2279,0,0,0,0,0,1,0,31,278.50699454322734,1,4,1.6001440563811191,1.5540083211679998,0
2280,1,1,0,0,1,1,1,32,240.52713036453343,1,2,2.231345010183689,2.267857736643984,0
2281,1,1,0,0,1,1,0,29,153.50816808676635,1,2,2.6722109841789305,2.5924396937378487,0
2282,1,1,1,0,1,1,0,31,204.588644463828,1,2,1.565315070564777,1.5049967152972832,0
2283,0,1,0,0,1,1,1,30,42.25437246148199,1,2,1.639539273579957,1.7692226648456817,0
2284,1,1,0,0,1,12,1,37,242.3556849433538,11,2,1.5204261296401522,1.4110459508203117,0
2285,0,1,1,0,1,12,0,32,424.07081667113033,11,4,0.7845706889463031,0.7584080205112212,0
2286,1,1,0,0,1,1,0,24,99.41448252766834,1,2,1.3403120982709489,0.5707506088427259,1
2287,1,1,0,0,1,6,0,31,35.0451923272218,5,3,2.8235354481665182,2.796609274968707,0
2288,1,1,0,0,1,1,1,30,150.22203685612638,1,2,1.1886369604758575,1.2196893237399349,0
2289,0,1,0,0,1,6,1,30,41.64680053446854,5,2,1.9366673782395896,0.5581106102649069,1
2290,1,1,1,1,1,1,0,24,167.06597610290362,1,1,0.7299946371075423,0.6513531910667038,1
2291,1,1,1,0,1,6,0,29,357.73880278242723,6,3,2.7871263461710005,2.809694687875516,0
2292,1,1,1,1,0,12,1,33,172.11034804210288,11,2,2.018338433076561,2.12049680356916,0
2293,0,1,0,0,1,12,1,35,137.05158052055813,12,1,2.6499247270730244,2.4019705500746404,0
2294,1,1,0,0,0,6,1,37,172.2209599892664,6,3,2.0835602624735827,2.3006035122722377,0
2295,0,0,0,0,1,1,0,33,204.3207074444132,1,1,1.76887581994461,1.1889811146745726,1
2296,1,1,0,1,1,12,0,30,346.43272524838585,12,5,0.7493287093903747,0.7563593118118961,0
2297,0,1,0,0,1,1,1,29,98.34150224252453,1,1,2.8510584599227538,2.8437326779424765,0
2298,0,1,1,0,1,1,0,28,149.2184533415032,1,3,1.6280114619214,1.7495253972780365,0
2299,0,1,0,0,1,1,1,25,281.29663755530675,1,6,1.9005682404881536,1.9772074175601608,0
2300,1,1,0,0,1,6,1,27,152.59682254537788,6,4,1.028343687143304,0.968246226106625,0
2301,1,1,1,1,1,1,1,26,50.394566055059386,1,4,1.178913654589364,1.0813418390616734,0
2302,0,0,0,0,1,1,1,27,314.9495089872364,1,7,2.0927248885707623,2.1692770112666584,0
2303,1,1,0,0,1,1,1,27,133.4049762315199,1,1,2.7240688133329467,2.786146312528704,0
2304,1,0,0,0,1,1,0,30,257.4325776977206,1,1,2.1537655417121018,1.5136330852235196,1
2305,1,0,1,0,1,12,0,31,55.09299271380669,9,2,3.4040923278106474,3.4947763027132823,0
2306,0,1,0,1,1,6,1,28,119.20182414353596,6,1,1.7394254353915377,1.6337403177777752,0
2307,1,0,1,0,1,12,0,28,57.23835630942688,12,4,2.392317473010648,2.4636181043579763,0
2308,0,1,1,1,1,12,1,27,93.69977464125384,12,3,1.0363534152275804,0.9516060258683854,0
2309,1,1,0,0,1,1,0,21,124.82185421919164,1,1,1.6817786874712697,1.1958850538250454,1
2310,1,1,0,0,1,6,1,31,64.86068682974536,6,4,1.6558197786193414,1.6724775622154548,0
2311,1,0,0,0,1,1,0,26,55.95896229874315,1,5,1.6274488384787162,1.7524003690326826,0
2312,0,1,0,0,1,1,0,29,20.07629923959284,1,0,1.632646555901161,1.9886898484691995,1
2313,0,1,0,0,1,1,1,27,119.59960378658218,1,2,1.1313923669529595,1.1122760273159886,0
2314,0,1,0,0,1,12,1,30,424.07081667113033,10,1,3.5197164705847745,3.5489163042164584,0
2315,0,1,0,0,1,1,0,21,58.360607217218686,1,1,2.098279527989651,2.355221406724572,1
2316,1,1,1,1,0,6,1,30,101.52248116844336,3,3,1.7801676311169046,1.5532697607224,0
2317,1,1,0,0,1,1,0,31,132.06838275326817,1,8,2.8407955978874524,2.6832492580862004,0
2318,0,0,1,0,0,1,0,23,12.120455362055182,1,0,0.6734753705128015,0.6095998486054017,1
2319,0,1,0,0,1,1,1,28,106.87614357369942,1,1,0.5224080775499583,0.0,1
2320,1,0,1,0,0,12,0,31,323.4359895962682,10,1,1.9639220151036472,2.0929510999238228,0
2321,1,1,0,0,1,6,1,34,1.1849406914541731,6,5,3.4210987394676966,3.3654698428407537,0
2322,1,1,0,1,0,12,1,31,8.643677292019579,12,2,2.357873102659552,2.4476355201367426,0
2323,1,1,0,0,1,1,0,30,117.65141473156852,1,7,3.815563957005084,3.8539707315709695,0
2324,0,0,1,0,1,1,0,27,213.32877288331744,1,1,2.6299383678940003,2.5537110041009816,0
2325,0,1,0,0,1,1,1,28,144.16861114694694,1,1,1.8861275568575728,1.0627131073916891,1
2326,1,1,1,1,0,6,1,28,93.19541516821371,6,1,1.3676934674486831,0.1107117426095272,1
2327,1,0,0,0,1,1,0,28,36.82672507130644,1,1,1.161804644932482,0.8460935693141598,1
2328,1,1,0,0,1,1,1,28,0.7965952030563983,1,5,1.2469497503662392,1.2454049715888376,0
2329,1,1,0,0,1,12,1,31,132.8585077031733,12,3,0.6089382586132706,0.6219081108485115,0
2330,0,1,1,1,1,6,0,33,223.68510784190624,6,4,1.1551559836995366,1.2074647085167405,0
2331,0,1,0,0,1,1,1,26,62.41295556801904,1,2,3.5128152379517066,3.3120151929882176,0
2332,1,1,0,0,1,12,1,32,214.9450996095024,11,5,0.6997485810029433,0.6866204870695771,0
2333,0,1,1,1,1,1,1,30,205.960549680206,1,4,1.0039181181549126,1.085472971622322,0
2334,1,1,1,1,1,1,1,33,143.232451790641,1,2,3.6110216442325633,3.5781444319821345,0
2335,1,1,1,1,1,1,1,33,369.2343207761203,1,3,1.6748719502736362,1.593046781558149,0
2336,0,1,1,1,1,12,1,24,151.26465097780047,12,6,3.0076957722279145,2.9681973766757586,0
2337,0,0,1,0,1,6,0,32,327.20363369324286,6,1,1.3576472564486144,1.35183392109694,0
2338,0,1,0,0,1,1,0,29,142.92619557969357,1,6,1.9952549277786948,1.7343396330036307,0
2339,1,0,1,1,1,1,0,30,25.62840601013123,1,4,1.7633585962532767,1.7727544551163767,0
2340,0,1,0,0,1,1,0,25,193.38991274436935,1,0,1.5873152178466103,1.604880770662739,1
2341,0,1,1,1,1,1,0,29,39.04936013185943,1,5,1.0765830192775154,0.9679597183336288,0
2342,1,0,1,0,1,1,1,33,8.42870120146074,1,4,0.4085812083443148,0.2716640749581687,0
2343,1,1,0,0,1,1,1,32,424.07081667113033,1,1,1.8846850020767243,1.9692095350694496,0
2344,0,1,0,1,1,1,1,25,265.08021146369634,1,8,1.6396664983958291,1.5415323926463222,0
2345,1,1,1,1,1,12,0,30,221.2161905257676,12,9,0.0,0.0468699914533376,0
2346,0,1,0,0,1,6,1,29,230.591940947735,6,9,0.7507788789813128,0.7237109915521286,0
2347,0,1,0,0,1,1,1,33,73.66193879677195,1,2,1.018481210097514,1.1369360546260674,0
2348,1,0,1,0,1,6,0,25,224.6000164880552,3,2,1.7290020615749906,1.2039871889009115,1
2349,0,0,1,1,1,6,0,29,58.62395169196739,6,2,1.9729861269267253,1.938463937550111,0
2350,0,1,0,0,1,1,0,30,106.42966754220916,1,3,2.4272552352745285,1.909613227207779,1
2351,1,1,0,1,1,1,0,32,13.45485959850933,1,1,1.8996615564564328,1.9642966177177936,0
2352,0,1,0,0,1,1,0,33,7.142134855871774,1,8,0.6532717768290248,0.7560807735487152,0
2353,0,1,1,1,1,1,0,22,169.22259163210754,1,1,2.3149668841186086,1.4205762804713291,1
2354,1,1,0,0,1,1,0,26,113.06750354726616,1,11,1.1123148474819256,1.1514940378861709,0
2355,1,0,0,0,1,1,0,21,304.53564862950003,1,1,2.4841113992502826,2.573158715148882,0
2356,0,1,0,0,1,1,0,30,40.55941737577624,1,11,1.6630335970742496,1.7503012803414824,0
2357,0,1,0,0,1,1,0,28,96.7324967856962,1,1,2.168936074466965,2.2343834775824885,0
2358,0,1,1,1,0,12,1,25,226.3035456150317,12,2,2.052248208156814,2.033183112007376,0
2359,1,1,0,0,1,1,0,29,235.0321455341833,1,6,0.6184988711869441,0.7145955377138504,0
2360,1,0,1,0,1,1,1,27,123.77147845977082,1,1,0.3722011547988908,0.413586047284734,0
2361,1,1,0,0,1,1,0,29,87.13120561136442,1,0,0.0,0.0,1
2362,0,0,0,1,1,1,0,29,217.3584485145724,1,2,1.5974880421825777,1.6140123756160472,0
2363,0,1,1,1,0,1,0,28,180.2498283970189,1,5,2.7229914421909043,2.7164327380348907,0
2364,1,1,0,0,1,1,1,27,139.89310667228642,1,0,2.3221324554094744,1.8384355814978333,1
2365,0,1,0,0,1,1,0,29,311.18718681096647,1,1,1.9914064058362888,1.9840922221990407,0
2366,1,1,1,1,1,1,0,29,178.94153027261623,1,0,1.4307648829785773,0.3312512763671123,1
2367,1,1,1,0,1,1,0,31,192.0207867783857,1,6,1.2854267713450829,1.3388441144466376,0
2368,1,0,1,0,1,1,1,27,155.9748511285859,1,1,1.5487839183328125,1.622759210728364,0
2369,1,1,0,0,1,1,0,28,167.1402101114066,1,4,3.0466629807015084,3.0248399558863617,0
2370,1,1,1,1,0,6,0,27,274.0847632435824,6,8,1.895460755614688,1.7220147147728198,0
2371,0,1,0,0,1,6,1,34,44.793117931280285,6,4,1.1789816017168009,1.3244398771371195,0
2372,1,1,1,0,1,1,1,36,131.39313537431556,1,11,2.269303979553256,2.3556209177259664,0
2373,0,0,0,0,1,1,0,29,214.657805276616,1,1,0.0,0.0,1
2374,1,1,1,1,1,12,0,37,242.58524502451976,12,4,2.2884933206508635,2.41539771904735,0
2375,0,1,1,1,1,12,0,32,248.4249204680892,11,0,1.889913099340716,2.025784911199337,0
2376,1,1,1,1,1,1,1,34,396.3994509419098,1,1,2.237812407357339,2.157834969155669,0
2377,0,1,1,1,1,1,1,34,112.0859319091725,1,5,2.6695489515726187,2.717661872478008,0
2378,0,1,1,1,1,1,0,26,205.3853117608396,1,2,1.498636242673125,0.9747190455664247,1
2379,0,1,1,0,1,1,0,29,87.39621230185787,1,0,2.243814412671019,1.7921199685276663,1
2380,1,1,0,0,1,1,0,34,83.89979198324994,1,2,3.9094205665299366,3.829655833474553,0
2381,0,0,1,0,1,6,1,31,101.70673729717278,6,2,4.333893901846313,4.418045832637008,0
2382,0,1,1,1,1,1,0,23,77.02751560590595,1,0,3.1885021018530595,2.6448402432891167,1
2383,0,1,1,0,1,1,0,21,228.461171796184,1,0,1.2589217759452391,0.3140977349641405,1
2384,1,1,0,0,1,1,0,30,21.72879062721633,1,1,3.243459112804976,3.351649629086127,0
2385,0,1,0,0,1,1,1,33,69.20122993247116,1,3,0.9470354640926376,0.9800076644609188,0
2386,0,1,1,0,0,6,0,24,119.86606702293284,6,3,1.8793797227498183,1.8899837384269949,0
2387,1,1,0,0,1,1,0,28,101.03736842838022,1,1,2.656633669177034,2.8655425579805853,0
2388,1,1,1,1,1,6,0,32,160.3990954661268,6,6,3.0311522664470063,2.9972869152417863,0
2389,1,1,0,1,1,12,1,31,208.84627668209603,12,10,2.276956145316541,2.127820852922232,0
2390,1,1,0,0,1,1,1,32,217.86321780617925,1,2,1.5098400769541906,1.6168448145049104,0
2391,1,1,1,0,1,6,0,32,312.7413785615853,4,0,0.7691391393416229,0.7805777667454257,0
2392,0,1,0,0,1,1,1,28,112.22574598102614,1,3,2.3100619181275945,2.265327799279411,0
2393,0,1,0,1,1,1,1,31,181.1590905800317,1,0,2.07940950608012,1.7644813311075715,1
2394,1,1,0,0,0,12,0,31,137.11579612674203,12,1,2.377820952346689,2.4376951333382184,0
2395,0,0,0,0,1,6,1,32,424.07081667113033,6,4,0.0,0.0,0
2396,0,1,0,0,1,12,1,31,355.6267156345108,12,3,0.4035695190497093,0.3450606199296179,0
2397,0,1,1,1,1,12,0,32,315.1766363848413,10,10,2.0108637170020742,2.182067964786261,0
2398,1,0,1,0,1,1,0,29,74.52692755035756,1,2,2.444695186103208,2.415605364838678,0
2399,1,1,1,1,1,1,0,31,100.32815217438844,1,8,2.619506000081385,2.6689913363883067,0
2400,0,0,1,0,1,6,1,25,11.709011293631477,6,1,4.445953982980912,4.447589728960009,0
2401,0,1,0,0,0,6,0,29,70.89557498009673,6,11,1.7104361851449603,1.6893980785780187,0
2402,0,1,0,0,1,1,1,35,230.34167640380275,1,1,1.9779957022128245,1.8767006518336984,1
2403,1,1,1,0,0,12,1,32,15.708069790310423,12,11,1.426304569509186,1.2677013655319822,0
2404,1,0,1,0,1,12,1,31,5.428028898494363,12,4,2.911785628189885,2.7833316821433245,0
2405,1,1,0,0,1,1,0,31,207.9432170074668,1,2,1.2865539296203663,1.1204772477453988,0
2406,0,1,0,0,1,6,1,23,38.69528622292885,6,0,1.1146065065654898,0.5053215559749344,1
2407,0,1,1,1,1,6,0,31,241.9564406612141,6,11,0.1531390896610569,0.2258798841725367,0
2408,0,1,1,0,1,1,0,29,290.07498455432966,1,0,0.3489092964129055,0.0,1
2409,0,1,0,0,1,1,0,33,24.99111352392777,1,2,1.0838587399398252,1.1468189028553295,0
2410,1,1,1,0,1,1,1,29,134.6233461885722,1,3,1.8729521932062168,1.877287962847488,0
2411,1,1,1,1,1,12,1,37,331.6593794802281,12,2,2.2627428060462025,2.2029696502324883,0
2412,0,1,0,0,1,1,0,23,110.55511871656336,1,1,1.5918305178938348,1.3812790652682607,1
2413,1,1,1,1,1,1,1,37,2.5549672168390387,1,2,2.009047329217581,1.9415131754944928,0
2414,0,1,0,0,0,1,1,25,177.79633928480644,1,10,1.823102066658525,1.6722512996618015,0
2415,0,1,0,0,0,12,1,28,84.8133157636626,9,11,2.352768790285612,2.336942237472915,0
2416,1,1,0,0,0,1,0,28,5.299371787801134,1,3,3.3107259514616314,3.3192165652891235,0
2417,1,1,1,1,1,6,0,28,27.31787383327097,6,4,2.446000612151832,2.4630016702679858,0
2418,1,1,0,0,1,6,1,30,203.4054001670788,6,1,2.3135253886835816,2.3250360148898666,0
2419,0,1,1,0,1,12,0,27,260.3803118088839,12,1,1.4475220818902603,1.6760923273649122,0
2420,1,1,0,1,1,1,1,23,11.86112483289223,1,0,0.0,0.0,1
2421,0,1,1,0,1,1,0,32,146.88954406375964,1,3,3.3296561488519383,3.3265660806398625,0
2422,0,1,0,0,1,6,1,32,69.46089341690289,6,4,0.8934094568035096,0.7523537773883522,0
2423,1,0,1,0,0,1,0,36,241.48672664248053,1,1,0.8402223142701335,0.568063056407286,0
2424,1,1,1,1,1,6,0,31,75.48730754249237,6,11,2.51454555211078,2.5547178164073245,0
2425,1,1,0,0,1,1,0,29,355.33730361574584,1,6,2.7641812848647698,2.6817386592108376,0
2426,0,1,0,0,1,1,1,31,146.47100083447745,1,5,3.3360334395307603,3.36243932318288,0
2427,1,1,0,0,1,12,0,32,57.52396605957156,12,2,2.020413493568216,2.0516001147998466,0
2428,0,1,1,1,1,12,1,28,108.2271129661975,10,6,3.018430528474921,3.0645509467044296,0
2429,0,1,1,1,1,1,1,32,138.37891487490606,1,7,0.0,0.0617865004304534,0
2430,0,1,1,0,1,12,1,34,163.48228517502702,12,6,3.2662459950514338,3.2075370754328167,0
2431,1,1,0,0,1,1,1,34,99.29390382165892,1,3,2.870320259067685,2.9230646475121893,0
2432,0,0,0,0,1,1,0,30,119.94335712107292,1,2,0.0,0.0,1
2433,0,1,1,0,0,1,0,27,145.2766580276161,1,0,1.0169897073944023,0.7596884125808576,1
2434,0,0,1,1,1,12,1,25,52.62374805362929,11,1,2.5721863863420658,1.3264878726530678,1
2435,1,1,0,0,1,1,1,28,154.1628620751259,1,1,2.1528670980120967,1.7396069789887094,1
2436,1,1,1,1,1,1,0,27,8.900123835732902,1,10,2.10905667483338,2.1203975587837607,0
2437,1,1,0,0,1,1,0,29,208.75064645478545,1,5,0.751450087780051,0.812234965369667,0
2438,1,1,1,0,1,1,0,32,8.039850363747064,1,0,1.1831599043899843,0.0881250228465468,1
2439,1,1,0,0,1,1,1,29,148.02893499613717,1,3,0.390803845609806,0.3838922804590099,0
2440,1,1,1,0,1,1,0,28,3.124420547844493,1,2,2.3418299439122245,1.8364509859656897,1
2441,1,1,1,1,1,12,0,26,100.8707269457018,11,1,1.7635210044381748,0.9722874406227502,1
2442,1,1,0,0,1,1,1,31,159.9978718698846,1,2,1.0457249523692238,1.167138282480571,0
2443,1,1,0,0,1,12,0,27,232.65837638374623,6,2,0.9360818645750508,0.9939559985887207,0
2444,0,1,1,0,1,6,1,34,349.3616285887374,6,11,2.420768488192795,2.2344099488024503,0
2445,0,1,1,0,1,12,1,34,293.74145805886195,11,2,3.3813086519673456,3.2219311138003563,0
2446,0,1,1,0,1,1,0,31,51.68598807470203,1,4,3.582057212326806,3.391811402551886,0
2447,0,0,0,0,1,6,0,32,32.78245910897215,4,4,2.2268815105549664,2.2571864471273866,0
2448,0,1,1,0,1,1,1,29,165.48535492698997,1,1,0.7054675104189911,0.3871040130917129,1
2449,0,0,0,0,1,12,1,28,106.11009671508906,10,3,2.558573365962989,2.520852499161683,0
2450,0,1,0,0,1,1,1,24,8.393485751206569,1,0,0.7695123447429214,0.0,1
2451,0,1,0,0,1,1,0,27,128.4703008087325,1,2,1.308423329677963,0.6471284060466764,1
2452,1,1,0,0,1,6,0,24,85.4482243452192,6,1,1.272569770090738,0.6864815921183905,1
2453,0,1,0,0,1,1,1,25,19.578447813450524,1,3,0.4565235340875121,0.0,1
2454,1,1,1,0,1,12,0,24,225.72323283523232,12,2,2.078897501971153,2.0918845221145577,0
2455,0,1,0,0,1,1,1,31,2.769940565708368,1,1,1.2551046849886685,1.87931096874142,1
2456,1,1,1,1,1,12,1,30,241.42415501846864,12,11,3.1985974540585214,3.161645073170284,0
2457,1,1,0,0,1,1,0,25,4.395133813231396,1,2,0.9185248380898764,0.3256714518037325,1
2458,1,1,1,0,1,1,1,30,94.70146973990644,1,0,1.8837771033369075,1.2041432240819052,1
2459,0,1,1,0,1,1,0,34,59.79748282151309,1,5,2.9706148948085844,2.9491541151582013,0
2460,1,1,1,0,1,6,0,31,104.60419790404032,4,1,3.008667578102642,3.0157975444028766,0
2461,1,1,0,0,1,12,0,27,20.541996653457844,12,7,3.154637460362252,3.1131800049430605,0
2462,0,1,0,0,1,1,0,28,138.16400402591978,1,0,1.210868093004872,0.6058479526101321,1
2463,1,0,1,0,1,1,0,32,84.28256099823827,1,5,2.0367428442860533,2.2496591632462204,0
2464,0,1,1,1,1,12,0,26,22.57702960057564,11,3,3.091988460311585,3.0834796230069856,0
2465,0,1,1,1,1,1,1,28,315.1752672055362,1,11,2.624156861161451,2.4974966205629983,0
2466,0,1,1,1,1,12,1,28,5.932281946404352,11,4,1.1637260182583584,0.9715894547676742,0
2467,1,1,0,0,1,1,0,29,259.1072156999059,1,11,2.273820239675892,2.349721272021672,0
2468,0,1,0,0,1,1,0,29,165.91884044819486,1,1,2.47040869050412,2.495465482431805,0
2469,1,1,1,0,1,1,0,26,187.5348257256672,1,1,2.050436828669105,2.0021187400145184,1
2470,1,1,1,1,1,6,1,30,296.98248103004687,5,2,3.1055200987695275,3.2034853077998964,0
2471,0,1,0,0,0,12,1,33,122.33744410227776,9,0,2.783490878974208,2.806008817562486,0
2472,1,1,1,0,1,12,0,26,281.2992536735902,12,0,1.7469014699182002,1.0759021609012729,1
2473,1,1,1,0,1,12,0,33,76.9414589861043,9,0,2.313957632721181,1.8503077041381208,1
2474,0,1,0,0,1,6,0,25,34.16938286487617,6,1,1.7431857517591025,1.1598394884773469,1
2475,1,1,0,0,1,1,0,29,55.894549939531686,1,1,1.6051781324425043,0.6653339121933829,1
2476,0,1,1,1,1,12,1,35,145.19523644843426,11,3,2.7721715317820905,2.9194129052203945,0
2477,0,1,1,1,1,6,1,32,243.62234478063576,6,6,2.5060529681724413,2.5320395912975715,0
2478,1,1,0,0,0,1,1,25,233.76229445660144,1,0,0.8312252072502079,0.6865251731843901,1
2479,1,1,1,0,0,6,1,28,109.40660713575646,4,11,1.6569968589082995,1.5977662738498175,0
2480,0,1,1,0,1,1,0,27,148.12507855738804,1,0,1.7811199823429058,1.4935434619628545,1
2481,0,1,0,0,1,1,1,29,105.22628816365238,1,1,1.6165685232818778,1.7377727952211417,0
2482,0,1,1,0,1,12,0,26,86.0070080710672,12,3,2.4681910117701125,2.6474953173257787,0
2483,1,1,0,0,1,1,1,29,242.3549173333029,1,1,2.5914212289885312,2.624385893439791,0
2484,0,1,1,1,1,6,0,37,41.2876296389984,6,9,3.354540559457196,3.2076088521640966,0
2485,0,1,1,0,1,12,0,27,24.45936878591516,12,2,2.6633206166163275,2.6168078795251533,0
2486,0,1,1,1,1,1,0,32,266.4375257406123,1,0,2.5388240059208176,2.5392677637344865,0
2487,0,1,1,1,0,12,0,31,129.52119214752747,12,3,0.6117425555069929,0.5526378991699259,0
2488,1,1,0,0,1,1,0,28,50.23124659100566,1,1,3.021558074856105,3.241357273069468,1
2489,1,1,0,1,1,1,0,28,12.815002652885212,1,2,1.2227625552730954,0.6127626581461825,1
2490,1,1,1,1,1,12,1,26,199.5012360164297,12,5,0.0,0.0,0
2491,0,0,1,0,1,6,0,32,372.19697361610224,4,2,0.8341561644152471,0.9012052840620208,0
2492,0,1,0,0,1,1,0,33,339.39610325583686,1,7,1.957221588380751,2.0864960723806942,0
2493,0,1,0,0,1,1,0,27,20.95011283532236,1,2,0.5231167862848418,0.6162717254343959,0
2494,0,1,1,0,1,12,0,29,69.40725016502259,10,9,3.5298871881617586,3.5469058672573626,0
2495,0,1,1,1,1,1,0,27,106.46947543075945,1,2,1.8532964554815468,1.271541177872776,1
2496,1,1,0,0,1,1,1,27,115.6596518435546,1,1,0.5162010474100025,0.0,1
2497,1,1,0,0,0,1,1,32,11.533209503348804,1,11,2.2721227929114045,2.487435953402974,0
2498,0,1,0,0,1,1,0,27,79.58589030535262,1,8,2.8803168694610286,3.2572362439582654,0
2499,1,1,0,0,1,1,1,30,46.50796860327898,1,9,2.806037606824572,2.9446098837473054,0
2500,0,1,1,1,1,12,1,32,321.0391665322337,12,8,1.1727371864288254,1.1192968929917098,0
2501,1,1,1,1,1,1,1,25,224.78657481389345,1,11,2.852073611615561,2.87888296664441,0
2502,0,0,0,0,1,1,0,33,182.96051423116643,1,2,3.0335317621065867,3.249252966856845,0
2503,0,1,1,0,1,6,1,27,211.2575494668856,6,3,2.984066566588792,2.9718474721917034,0
2504,0,1,1,0,1,1,0,34,133.27351774221847,1,1,1.674653471332782,1.4594552529893714,1
2505,1,1,0,0,1,6,1,36,198.18937702749903,5,3,3.6974406775896727,3.8802651640543937,0
2506,0,1,0,0,1,1,0,31,192.32386288876413,1,0,1.9039035847669243,1.2858704774835434,1
2507,0,1,1,1,1,1,1,30,179.3404988837607,1,0,2.570381550716452,2.5766883454354708,0
2508,0,1,1,0,1,12,1,28,0.9932401239909652,12,2,0.5446315107332715,0.5325431536423598,0
2509,0,1,0,0,1,12,1,28,258.2415155487877,11,6,2.853807625198692,2.7501763204178733,0
2510,1,1,1,1,1,12,1,30,181.0028959878132,12,7,0.5610166253780329,0.565700506744143,0
2511,1,1,1,1,1,6,1,33,60.30236761650484,6,1,2.3813207201130115,2.5221891034388007,0
2512,1,1,0,1,1,1,1,26,210.4587478358126,1,5,2.4218357030784974,2.3364395309648884,0
2513,1,0,0,0,1,1,1,27,140.8167179017984,1,0,0.1587093511685948,0.0,1
2514,0,1,1,1,1,12,1,26,96.17802383494914,12,6,0.6393106201800414,0.5778588160475251,0
2515,1,0,0,0,1,1,0,25,120.89646493389186,1,0,0.5940693129532343,0.130168691592218,1
2516,1,1,1,0,1,1,0,33,296.04087220523564,1,4,3.0845683045948595,3.261775210131752,0
2517,0,1,0,0,1,1,0,27,69.23184480197112,1,4,1.5021470839538913,1.3611539648712807,0
2518,1,1,0,0,1,1,0,31,152.79447566083138,1,2,0.6050933831932901,0.3042651775212127,1
2519,1,1,0,0,1,12,0,34,67.57984992052961,12,3,0.9602677830923754,1.054448217992811,0
2520,0,1,1,0,1,1,0,27,148.95699151605342,1,2,0.4453329587082928,0.2336664486338364,1
2521,1,1,1,0,1,12,0,30,248.18591051225587,12,5,1.8721415859686168,1.8341133123347435,0
2522,0,1,1,1,1,12,1,30,377.0938276782949,6,5,0.2216884297624735,0.3627424457141967,0
2523,1,1,0,0,1,1,1,21,42.72150190839385,1,1,2.5076539063128984,2.8125033483305955,1
2524,1,1,0,0,1,6,1,33,156.47625016851896,6,3,2.8158724443765424,2.790480515738328,0
2525,0,1,1,1,1,1,0,31,35.14518806279321,1,7,0.4356712092020223,0.4246464401759717,0
2526,1,1,1,0,0,12,1,28,188.4038652705076,11,1,2.1932326135481857,1.3809423726367671,1
2527,0,0,0,0,1,1,0,29,59.20225945287297,1,1,2.0315369288933485,1.082313457928722,1
2528,0,0,1,0,1,12,0,25,213.6840244097123,12,2,0.6333229952253094,0.5416915426072071,0
2529,0,1,0,0,1,1,0,34,124.72820415611332,1,11,1.9610999531145707,2.013307652224265,0
2530,1,1,1,1,1,6,1,28,118.55952183035204,6,4,2.771893859067281,2.8557885018746973,0
2531,0,1,0,1,1,1,0,24,84.03725036498153,1,3,1.8924676174969133,1.9353552194528687,0
2532,1,1,1,0,1,6,0,32,217.37716862983777,6,5,1.3426445529957962,1.1197872573905914,0
2533,1,1,1,1,1,6,0,28,3.7009482570771297,6,2,2.3121649424439568,2.2793855734268345,0
2534,0,1,0,0,1,1,0,30,89.54119747824184,1,1,1.8559659385824911,0.3024842794329681,1
2535,0,1,1,0,1,1,0,26,170.53815392821326,1,1,1.5823087131825968,0.7038208530043021,1
2536,0,1,0,0,1,1,0,33,142.2185242654759,1,4,0.5905032262057002,0.8207392167011291,0
2537,0,1,1,0,1,12,0,27,98.68598584847004,12,8,0.5168929591086047,0.6149812911193042,0
2538,0,1,0,0,1,1,0,33,253.24270362689185,1,3,1.3067421385500493,1.4474074413771247,0
2539,1,1,0,0,1,1,1,28,20.49079384127424,1,1,2.737433338421468,2.1108609104613034,1
2540,1,1,1,0,0,12,0,28,6.100359409215372,11,1,0.0,0.0,0
2541,1,0,0,0,1,6,0,29,217.1662182200959,6,8,1.236885657032644,1.1329794328648437,0
2542,0,1,1,1,1,6,0,29,389.265458919842,5,5,1.6641545101217394,1.6563407245396995,0
2543,1,1,1,1,1,12,1,29,279.6858686683978,10,4,1.7890425354239992,1.7644842140815655,0
2544,1,1,0,1,1,1,1,32,28.98466900301688,1,0,1.0614892167110832,0.3277025070086424,1
2545,0,0,1,0,1,1,0,28,178.84582664927854,1,5,1.8163835731766167,1.912492146857262,0
2546,1,1,1,1,1,12,1,29,77.38762569669329,11,3,2.96409709431036,3.040982138507768,0
2547,1,1,1,0,1,12,0,29,157.72784296761373,11,11,2.0260863105342826,2.1207617367081006,0
2548,0,1,0,0,1,1,0,25,372.0599138682042,1,0,1.7776633209004231,1.117607470332343,1
2549,0,1,1,1,1,1,0,24,158.20895122566412,1,3,1.4994834188140012,1.3019226068468344,1
2550,0,0,1,0,1,1,0,31,78.79411914470398,1,2,2.505449106146983,2.5103759324687087,0
2551,0,1,0,0,1,1,0,32,326.5204608218621,1,5,0.5626409734850883,0.6323261046147313,0
2552,0,1,0,0,1,1,0,27,62.75503679447015,1,3,1.31094807227483,0.4460568063737522,1
2553,1,1,1,1,1,12,0,28,257.17638986147944,7,11,3.2831309094324945,3.210570790162089,0
2554,1,0,1,0,1,6,0,37,113.54725354679036,6,7,3.685728246099584,3.886263022830317,0
2555,0,1,0,0,0,1,0,29,54.507029938959725,1,3,1.832083153271096,1.2365771732635835,1
2556,0,1,0,0,1,1,0,29,289.06548717511725,1,3,2.9723807756128737,2.868042772432936,0
2557,0,1,0,0,0,6,1,35,70.98492632767153,2,1,2.673766860166121,2.750781289323585,0
2558,1,0,1,1,1,12,0,32,139.5405244493288,12,6,2.836168235923628,2.973266940904832,0
2559,1,1,0,0,1,12,1,25,48.15528210964485,10,0,1.689700066029594,1.6456443160225795,0
2560,1,0,1,0,1,6,1,23,58.50810039542412,6,1,2.2588138836270266,2.3468809753782454,0
2561,0,1,0,0,1,6,0,29,164.5550334294613,6,2,1.04738076530445,1.0536591869396104,0
2562,1,1,0,0,1,6,1,23,7.218641618811588,6,0,2.5881364232459703,2.340501795994716,1
2563,0,1,1,1,1,12,1,30,149.5027911942818,12,1,1.9562818253309449,2.1108444648442632,0
2564,0,1,1,0,1,1,0,30,149.78420846913696,1,4,1.931587643239236,1.730921512336502,0
2565,0,1,0,0,1,12,0,31,241.9689116367653,12,4,1.9680986329717969,1.7568197034771091,0
2566,0,1,1,1,1,6,0,35,196.44036068570875,6,3,0.6247043584771257,0.6496831911722812,0
2567,1,1,1,0,0,6,0,30,141.7583605448954,4,3,1.8932572924996205,1.8692797198747184,0
2568,1,0,1,0,1,12,1,28,338.4193944823344,10,7,1.6367048232551458,1.6306011238950158,0
2569,1,1,0,0,1,1,1,25,148.69051723231868,1,1,2.810619134733252,2.9118150695594136,0
2570,0,1,1,1,1,6,0,34,93.00243911739013,6,4,2.9219220350370136,2.9452736889957367,0
2571,0,1,1,1,0,1,0,32,357.3479755233605,1,10,0.2655978253277239,0.3378590368743586,0
2572,1,1,0,0,1,1,1,30,137.8353142916146,1,11,1.7877068726346428,1.8562817909497,0
2573,1,1,0,1,0,1,1,32,88.80894656248208,1,11,2.9670293699036963,3.066051825927328,0
2574,0,1,0,0,1,1,0,28,71.12360581122692,1,1,1.4617068709553205,0.0812102065805597,1
2575,0,1,1,0,1,12,1,35,1.66205764062245,11,6,1.0414759624250007,0.9818013941826074,0
2576,0,1,0,0,1,1,1,26,277.8824879257915,1,3,2.3803287204206227,2.5436716912810526,0
2577,0,1,1,1,1,1,1,25,4.597707235604858,1,2,1.545907750965588,0.7955673417742353,1
2578,0,0,0,0,1,1,0,26,117.85040173966614,1,1,1.5344962422573964,1.4746303212268663,0
2579,1,1,1,0,1,12,0,28,3.97779462752672,11,2,1.528125712194075,1.4345869795693136,0
2580,0,1,1,1,1,1,1,35,161.8729406297085,1,3,1.8966865203320653,1.7837558495300234,0
2581,1,1,1,1,1,1,0,30,123.29279270131656,1,9,3.2961836924925487,3.4317964899078226,0
2582,0,1,1,1,1,1,0,29,91.7206794362429,1,1,2.686537161361162,2.8021726436055507,0
2583,0,1,0,0,1,1,0,23,19.92174778614195,1,0,0.2849619971703978,0.033128608595573,1
2584,0,1,1,0,1,1,1,33,204.66780241890407,1,1,0.3876353173572311,0.4770120811605811,0
2585,1,1,1,1,1,6,1,28,117.22439003104677,6,9,2.5933524474849947,2.6422207738713253,0
2586,1,1,1,0,1,12,0,36,85.13967923949508,11,3,2.2358379541773514,2.11385066191204,0
2587,1,1,1,0,1,6,0,29,181.0796461235801,5,2,1.7962517825768114,1.6851709475933552,0
2588,0,1,1,0,1,12,0,31,249.7079933540165,11,4,3.351569213010152,3.2293184184014283,0
2589,0,1,0,0,1,1,0,33,131.7147704107877,1,4,1.3791971447432405,1.3570183363950292,0
2590,0,1,1,1,1,12,1,34,264.99028831330315,12,5,2.759221374869382,2.8084848403765363,0
2591,0,1,1,0,1,12,1,32,306.9244776190667,9,5,2.1270837709939268,2.065861075117763,0
2592,0,0,0,0,1,1,0,26,136.56712942810822,1,0,1.3482322036077874,0.7104000309649621,1
2593,1,0,1,1,1,6,1,25,135.4998502483,5,2,0.8568999932235337,1.0339394023380677,0
2594,0,1,0,0,1,12,0,32,113.71406901112162,9,8,2.964730763755429,2.911843065215052,0
2595,1,1,0,0,1,1,0,31,128.55666203765492,1,11,2.4909604343851988,2.3556226682079706,0
2596,1,1,0,1,1,12,1,24,114.3182356721258,12,6,1.2142128590842458,1.297126150345825,0
2597,1,1,1,1,1,1,1,25,135.39317576088317,1,1,1.4966562663706595,0.9923152655592384,1
2598,0,1,0,0,1,1,1,37,90.7907504820519,1,4,3.5478347291478936,3.576007676886675,0
2599,0,1,1,0,1,1,0,31,15.356372115950306,1,1,1.5436895950951626,1.544273134967151,0
2600,0,1,1,1,1,1,1,29,27.60340452938485,1,0,2.1324989096134503,2.3454723441124146,0
2601,0,1,1,0,1,6,1,29,0.5563518929473474,4,6,3.650142094875704,3.63342603358528,0
2602,0,1,0,0,1,1,0,28,80.89394773696569,1,2,0.5470463353446405,0.3182899026448061,1
2603,1,1,0,0,1,1,1,31,329.2944207267402,1,8,2.5603865598948383,2.406633235279746,0
2604,0,0,0,0,1,1,0,29,30.55209068937352,1,1,1.6676182055107758,1.8229881211337424,0
2605,0,0,1,0,1,1,0,33,11.437718334185805,1,1,2.0081293202606942,2.0324869101680942,0
2606,1,0,0,0,1,1,0,31,290.5944729755333,1,1,3.078770876774521,3.1513233129011486,0
2607,1,1,1,1,1,1,1,31,221.5578743317332,1,5,2.0989042604827177,2.0520605890349253,0
2608,1,1,0,0,1,1,1,28,7.614527692670634,1,2,1.9208193784292835,1.7372266619148518,1
2609,0,1,0,0,1,6,0,31,89.61179662687452,4,10,1.3549289786364325,1.3442484409388942,0
2610,1,1,0,0,1,1,0,32,20.323578042329626,1,0,2.243069509206527,2.1723606812731227,0
2611,0,1,1,0,1,6,0,26,7.9757579370968035,6,2,2.4678609718726365,2.4783020117172567,0
2612,0,1,0,0,1,1,0,27,191.5141190094729,1,2,2.1714747952715725,1.796149428063054,1
2613,1,1,0,0,0,6,1,33,134.02239198408793,6,10,2.0771991664420653,1.9976198172061084,0
2614,0,1,1,1,1,12,0,29,9.729374773487317,7,3,2.8639274174997804,2.976063046025542,0
2615,0,1,1,1,1,1,0,23,334.1403552836297,1,2,1.9049120673498487,1.859883301593376,1
2616,0,1,1,1,1,12,1,34,117.76351989578929,10,1,3.265158373867611,3.2634837996877883,0
2617,1,1,0,0,0,1,0,26,275.9489648075156,1,0,2.153834280427512,1.847636166035695,1
2618,1,1,0,0,1,1,1,21,248.6871815066128,1,0,0.9985046890393392,0.8369918668976692,0
2619,1,1,0,0,1,1,1,21,38.2828250929991,1,3,3.4172558501992603,3.429057951995418,0
2620,0,1,0,0,1,1,0,26,240.9808673396965,1,3,1.3179523934352946,1.3607883927495583,0
2621,0,1,1,0,1,1,0,24,93.01588489934367,1,0,1.768273989655074,1.2578659606346765,1
2622,1,1,1,0,1,6,1,27,258.0670737280116,6,4,2.492840642073462,2.5562673023930254,0
2623,0,1,0,0,1,12,0,34,71.73921724864654,12,4,2.8856345219904,2.8980311018216733,0
2624,1,1,0,1,1,1,1,35,116.27690669125472,1,0,3.66276324151672,3.7633807871987073,0
2625,1,1,1,0,0,12,0,35,229.6935202661616,11,2,0.5550920616883737,0.3432381213285066,0
2626,0,1,0,1,1,1,1,32,235.9099331162276,1,11,0.7645157300510685,0.8438262317157283,0
2627,0,1,0,0,1,1,1,26,107.58965540196073,1,3,2.8590568878435665,2.9375897560229824,0
2628,1,1,1,1,0,6,1,34,13.41430393330576,5,8,3.896427326183949,3.939824442627673,0
2629,0,0,0,0,1,6,1,28,224.97525103701943,6,1,3.0773027305741967,3.125543588115009,0
2630,1,1,0,0,1,12,1,29,223.1080855739229,12,1,1.2402606476350269,1.1470846502069976,1
2631,0,1,1,1,1,12,0,24,187.2240741304019,12,1,0.1351781197579269,0.1499791383632368,0
2632,0,1,1,1,1,12,0,29,395.79624496462935,12,6,1.4473083398554911,1.4748532819594276,0
2633,0,0,0,0,1,1,1,32,138.92092536156224,1,7,2.2722112992000487,2.098052958443245,0
2634,1,1,0,0,1,1,0,32,165.34432847633144,1,2,2.9714882086996632,3.0873052197051347,0
2635,1,0,0,0,0,6,0,27,231.38892985189565,6,4,2.043251663900741,2.284210938962564,0
2636,1,1,0,0,1,1,0,25,36.51434989442887,1,3,0.1434314226673767,0.6106613753262404,1
2637,1,1,1,1,0,12,1,31,172.85576574598258,11,3,1.4648491688912866,1.5025814599307132,0
2638,0,1,1,0,1,12,0,31,230.8388142491009,7,3,1.9016416171042043,1.9374999438491145,0
2639,0,1,1,0,1,1,0,28,112.04563860638063,1,2,0.5074111340310995,0.482976300587539,1
2640,1,1,0,0,1,1,1,27,48.58370100036889,1,11,1.6542877131176486,1.6067904785595797,0
2641,1,1,1,0,1,1,0,29,191.50704156458767,1,2,1.4077705761334716,0.6773486445410194,1
2642,1,1,0,0,1,6,0,24,126.42023328618386,6,2,2.7885331327614065,1.507730167742554,1
2643,1,1,0,0,1,1,1,28,40.23551403714026,1,1,2.263425842903577,1.6184727919542663,1
2644,1,1,0,0,1,1,1,30,158.12558665735364,1,0,1.6905300015873328,1.5329062296179083,1
2645,0,1,0,0,1,1,0,31,370.3376275824093,1,1,2.4224247431504446,2.5140961224326297,0
2646,1,1,1,1,1,1,0,27,85.17277942615604,1,1,1.1983445484877313,0.9361819016379016,1
2647,0,0,0,0,1,1,1,24,10.839809269140618,1,3,1.6092300142857294,0.823887249517451,1
2648,1,1,0,1,1,1,0,29,116.85253992357048,1,2,1.3677607936908798,0.6283530623200206,1
2649,0,1,1,0,1,1,1,27,424.07081667113033,1,11,2.6494888867100475,2.6289318059371145,0
2650,0,1,0,0,1,6,0,29,183.09465895082337,5,5,1.750356324942106,1.797684282341875,0
2651,1,1,0,0,1,1,0,28,250.30328733481792,1,0,0.8618983401104836,1.5243671651780049,1
2652,0,1,0,0,1,1,0,31,173.11764370772758,1,3,1.2994766794507775,1.305000270623128,0
2653,1,1,0,0,1,6,0,34,123.29510632715152,6,7,1.9769852236429324,2.1357781345929765,0
2654,1,1,1,1,1,1,1,27,219.1237269885666,1,6,1.6719523522103044,0.6533107873295556,1
2655,1,1,0,0,1,6,1,30,158.97434430184367,6,7,0.7715597882741071,0.7018295153216964,0
2656,1,0,0,0,1,6,0,32,67.1776697818153,6,4,3.68960906561964,3.7478317967817367,0
2657,1,1,0,1,0,1,0,33,67.76813679105629,1,8,2.7114635388240345,2.630317213879697,0
2658,0,1,0,0,1,1,1,26,3.326196494720108,1,0,2.220491052668451,2.0604251114953254,1
2659,0,1,0,0,1,1,0,33,278.20446137899864,1,6,2.277814725127687,2.4131352177889225,0
2660,0,1,0,0,1,1,0,28,120.4576306223407,1,8,1.062857580495265,1.1385938351069742,0
2661,0,1,1,1,1,6,1,32,130.71129949283198,6,1,1.2779972904992438,1.3281335130261702,0
2662,0,1,1,0,1,6,0,26,238.04876527562283,6,2,3.7964941622426736,3.8151899064645742,0
2663,1,1,0,1,1,6,1,29,3.3759530394664097,6,1,0.0,0.0,0
2664,1,1,0,0,1,6,0,25,37.17063738760106,4,0,1.9055921734371395,1.6086350613048033,1
2665,1,1,0,0,1,1,0,34,128.78766829544676,1,5,2.4723982005132243,2.5325231867518534,0
2666,1,1,1,0,1,12,1,35,179.96936388560718,6,1,2.6935684533574484,2.9214411279390533,0
2667,0,1,0,0,1,1,0,31,40.03494656254397,1,1,2.1820341586276046,1.8462842097108416,1
2668,1,1,0,0,1,12,0,34,249.732456103274,12,2,1.5322569341477714,1.6506103048187275,0
2669,0,1,1,1,1,12,1,32,300.32321176063294,12,10,0.9027279024601572,0.8156787179492951,0
2670,1,1,1,1,1,12,1,37,306.62240921050864,11,3,2.813840912570786,2.809066587847352,0
2671,0,0,1,0,1,1,1,27,41.04466457840515,1,1,0.6482575862651202,0.6737336992928014,1
2672,0,1,1,0,1,1,1,23,17.082320645286465,1,1,2.5232152216135475,2.5036533549801283,0
2673,0,1,0,0,1,12,1,30,332.36796744019506,12,1,2.8828332833219124,2.66094897340476,0
2674,1,1,1,1,1,12,1,25,218.38168485404896,12,1,1.376127291109154,1.3800446634007382,0
2675,1,1,1,1,1,6,1,25,235.71404499059545,6,2,2.3796638761734124,2.354596096272414,0
2676,0,1,1,0,1,12,0,27,288.3460000101255,12,2,1.0441910343805438,0.9631139213750914,0
2677,0,1,1,1,1,12,1,29,205.4051842311145,9,4,1.5416112910861484,1.6136824835457089,0
2678,1,1,0,0,1,1,0,22,107.71924985039053,1,0,2.44397009246488,1.041818862562328,1
2679,0,1,0,0,1,6,0,31,190.69782943671848,6,2,2.225611207636525,2.1228396442606714,0
2680,1,1,0,0,1,12,1,29,112.26262987441908,12,11,4.147937469034061,4.257202503005551,0
2681,0,0,1,0,1,6,0,33,181.0317045438541,5,4,2.447197442522662,2.6365020702614914,0
2682,1,0,0,0,1,1,1,28,69.49436914277292,1,3,1.9982161258346751,1.961709987609038,0
2683,0,1,0,0,1,6,0,30,59.33775336243094,6,6,2.025192048210294,1.9355575575089807,0
2684,1,1,0,0,1,1,1,28,55.52102746970382,1,2,3.613640805553075,3.504012859888493,0
2685,0,0,0,0,1,1,1,32,8.116398782689338,1,1,1.1966744829090747,1.315196859643638,0
2686,1,1,0,1,1,1,1,32,54.527760434967576,1,0,1.999754880169846,1.8965753409783823,1
2687,1,1,0,0,1,12,0,32,216.1171267345072,9,6,0.5391262288843861,0.5050898974743003,0
2688,0,1,1,0,1,1,0,27,189.0955333701748,1,3,0.3846112492210188,0.3397426566682587,0
2689,0,1,1,0,1,6,0,27,144.34446888911242,5,7,3.605939673651944,3.6155419808255367,0
2690,1,1,0,0,1,1,1,21,161.93891207661312,1,2,2.564775199703332,2.434941356904589,0
2691,0,0,1,0,1,6,0,31,98.02298138762418,6,6,0.999705221464259,1.0522023984553877,0
2692,1,1,1,0,1,12,0,31,217.68358620341743,11,3,2.487323151539996,2.5860622916360505,0
2693,1,1,1,0,1,12,0,24,218.59121783115015,12,5,2.6107180461737816,2.5248237958931194,0
2694,1,1,0,0,0,1,1,32,102.43189432678837,1,3,3.8270793763589626,3.702821226170257,0
2695,0,1,0,0,1,6,0,32,309.66531955712645,6,3,2.729040901416456,2.7026098105007392,0
2696,1,1,1,1,1,6,1,30,160.52171726498838,3,8,1.180913334900349,1.1456392935105548,0
2697,1,1,0,1,1,12,1,31,261.6182690087565,12,10,0.5987090588143884,0.6292887010246135,0
2698,0,1,0,0,1,6,1,28,19.83116327317348,6,2,4.4859344314293015,4.314892918806276,0
2699,1,0,0,0,0,1,0,29,166.15462540761283,1,2,1.2134069170691375,1.3208387857640675,0
2700,0,1,1,0,0,6,0,34,48.94862603827736,6,11,2.1579015904360546,2.047149467775729,0
2701,1,1,1,0,0,6,0,25,47.47909110057165,6,0,1.7719231742900754,1.2879436773573734,1
2702,1,0,0,0,1,1,0,29,72.35824341992172,1,0,0.3229381773273985,0.0,1
2703,1,1,1,0,1,6,1,31,56.34564881375108,6,3,0.0,0.0,0
2704,0,1,0,0,1,1,0,30,158.0414565860001,1,1,1.255341105871736,0.3625323569179657,1
2705,1,1,0,0,1,6,1,26,202.99423198714769,6,10,2.917559569114436,3.0839805165617493,0
2706,0,1,1,0,1,6,1,32,85.52846086147285,6,4,0.0,0.0,0
2707,1,1,0,1,0,6,0,30,280.2335373973516,6,4,2.9071203971123016,2.827611191117754,0
2708,1,1,0,0,1,1,1,24,27.5384845014262,1,1,1.8327981401885367,1.1455670180154751,1
2709,1,1,1,1,1,1,1,30,140.69942160549994,1,1,2.397639361301368,2.0254520203810853,1
2710,1,0,0,1,1,1,0,24,81.86222227958594,1,1,2.066461671250305,1.7459287916500985,1
2711,0,1,1,0,1,1,0,22,28.96428571356256,1,1,1.081582038428924,0.0,1
2712,1,1,1,1,1,1,1,34,198.826487678054,1,4,2.2474142331951934,2.3064178344361257,0
2713,1,1,1,0,1,1,0,24,246.21683671920533,1,1,0.1757184524909434,0.0,1
2714,0,1,1,1,1,1,0,33,210.8922783522487,1,2,3.0398275476590686,3.040982107671543,0
2715,1,1,0,0,1,12,1,31,236.14121522372147,12,2,2.8461681853911545,2.749323514039276,0
2716,0,1,0,0,1,1,1,27,117.35485373808272,1,3,2.767131650532296,2.8951744839950453,0
2717,0,1,0,0,0,1,1,32,224.69864149299468,1,1,2.2014874415327776,2.1536761965093074,0
2718,1,1,1,1,0,6,1,31,2.77011783812084,6,10,1.7051004516831036,1.6360305313087278,0
2719,1,1,1,0,0,12,0,29,59.52092825670328,12,1,1.472778971827282,1.6224140660748798,0
2720,0,0,0,0,1,1,1,21,131.97896965443752,1,1,0.1692542855493948,0.0243414415886965,1
2721,0,1,0,1,1,6,0,31,249.97248026007296,6,9,0.8355776777602246,0.7804255954435827,0
2722,1,1,0,0,1,1,1,24,111.86047720148235,1,1,1.1711245947349191,1.1582765639463355,1
2723,1,1,1,0,1,1,0,23,14.605922960010858,1,2,1.7742001053859298,0.4254654399616928,1
2724,0,1,0,0,1,6,0,25,308.17095999603083,6,7,3.8199049853531193,3.71713424254228,0
2725,0,1,0,0,1,1,1,32,56.58841729124304,1,7,1.005577773274202,1.027102611361807,0
2726,0,1,1,1,1,12,1,30,26.225388527307164,12,5,2.64246508515714,2.659097159136216,0
2727,0,0,1,1,1,1,0,28,173.7852431868274,1,2,3.6583223607992847,3.7032229174383895,0
2728,1,1,0,1,1,6,0,35,254.19000844449937,4,10,2.3834444086024646,2.34665265171142,0
2729,1,1,0,0,1,1,0,24,160.13418692065505,1,1,0.799421892770217,0.0,1
2730,1,0,1,0,1,1,0,25,51.43173375652784,1,4,0.8543212443005197,0.3287919542826542,1
2731,0,1,1,1,1,6,0,23,158.9932057701319,3,1,4.259118107002283,4.273456886174982,0
2732,1,1,0,0,1,1,0,27,48.8979085448351,1,5,2.0114027449002863,1.9918238382353008,0
2733,1,1,0,0,1,12,1,27,208.14077536264543,11,7,2.323107537427972,2.3965616192436583,0
2734,1,1,0,0,1,12,1,31,292.3328044005783,7,4,2.0994727791374346,2.1001224331599366,0
2735,1,1,0,0,1,6,0,28,212.2993461584876,6,10,2.1484184543459808,2.2486775033807977,0
2736,1,1,0,0,1,1,1,37,168.85097474664548,1,5,2.2589269723823824,2.285683987689957,0
2737,0,0,1,1,1,1,0,34,56.9541718209822,1,4,0.5260150498597678,0.5904759585718831,0
2738,0,1,0,0,1,1,0,28,95.8220157416242,1,0,2.0005564030268217,1.4615814669472167,1
2739,0,1,0,1,1,1,1,28,198.874966873562,1,2,1.464451755415364,0.8288741322383135,1
2740,0,1,1,1,1,1,1,26,12.840916157244234,1,1,1.242356730708697,1.0278485212019066,1
2741,1,1,0,0,1,1,0,30,274.6404867663301,1,11,0.3887821521953409,0.5098011951845342,0
2742,1,1,1,1,1,6,1,29,66.82697875595073,5,1,1.1681595049721631,0.0,1
2743,0,1,0,1,1,1,1,31,198.1039376158958,1,2,2.4875120970871665,2.4509720406868434,0
2744,1,1,0,1,1,1,0,28,158.88473786549162,1,1,2.0648075224151747,1.6156470236317668,1
2745,1,1,0,0,1,1,1,26,373.6256187921264,1,4,2.401238269849137,2.3165104607655227,0
2746,0,1,1,1,1,1,0,27,136.22135439241526,1,11,0.8342440334563248,0.7150776037869102,0
2747,0,1,1,1,1,12,1,28,304.0311989602488,12,4,3.7770301421743695,3.774651271119165,0
2748,1,1,1,1,1,6,1,25,231.74602542950268,6,3,0.0,0.087308602477657,0
2749,1,1,0,0,1,1,0,29,174.0560021915527,1,0,1.3566860602151547,0.934886460550286,1
2750,1,1,1,1,1,12,0,31,58.06564374274417,11,4,1.3033603513992125,1.4389234768756551,0
2751,0,1,0,0,1,1,0,28,141.0080452563725,1,1,0.5970330043989607,0.6851033277209169,0
2752,0,1,1,0,1,6,0,33,240.4188522533857,6,2,1.6502718932878664,1.5920250521774064,0
2753,0,1,0,0,1,1,1,27,279.79201536969447,1,1,0.9715502449483578,0.7126960671313297,1
2754,1,1,0,0,1,1,0,27,178.69571798069782,1,2,1.4265983165078988,1.3778934251566108,0
2755,1,1,0,0,1,1,1,32,150.54036599715607,1,1,3.007039539254788,2.8018640769193484,0
2756,1,1,1,0,1,12,0,34,175.83230610899625,12,6,3.9056931861189614,3.9239652331454513,0
2757,1,1,1,1,1,6,0,32,73.40649274920372,4,6,1.3025348367415432,1.261329518721175,0
2758,1,1,1,0,1,1,1,23,21.3937703139718,1,0,1.3592153079957283,0.7289732420770785,1
2759,1,1,1,0,1,6,0,27,151.97167138942248,6,4,2.0621162523800667,1.9984980740756564,0
2760,0,1,0,0,1,6,1,31,170.96960427802037,6,1,2.6548370357051514,2.5774364302780275,0
2761,0,1,0,0,1,1,0,31,137.7564659176192,1,3,2.845112875954141,2.559921564097639,1
2762,1,1,0,0,1,1,0,29,258.19163297882005,1,2,2.639119613937328,2.6556505443154106,1
2763,1,1,0,0,1,1,0,30,88.66670263139963,1,1,2.1506711298256262,2.045647790622245,1
2764,1,1,0,0,1,1,0,26,48.856369880486966,1,1,0.4058209846874219,0.0,1
2765,1,1,0,0,1,1,0,31,178.86372149319652,1,9,1.2319305676501937,1.1377114859383024,0
2766,1,1,0,0,0,1,0,23,7.42637111461984,1,1,1.3712552069235409,1.2442643098013004,1
2767,1,0,0,0,1,6,1,31,142.38257777303758,6,11,2.455801673388532,2.4577391010458016,0
2768,0,1,0,0,1,12,1,29,80.33245613899226,12,7,2.4800402128168857,2.396395613358065,0
2769,0,1,0,0,1,1,0,28,59.6226190232108,1,1,2.339075411966511,2.207435894482805,0
2770,1,1,0,1,1,12,1,25,30.72661058116261,10,4,2.006400244234832,2.14154603196782,0
2771,0,1,0,0,1,6,0,30,227.5300092686816,5,11,2.897095348592164,2.915392259509181,0
2772,1,1,0,0,1,6,0,28,50.95514856673935,6,1,1.3508761896350476,0.9105203653770508,1
2773,0,1,1,1,1,12,1,36,332.4981531636322,11,2,0.373781347716535,0.5242026906126515,0
2774,0,1,0,0,1,1,0,26,52.703593503270426,1,0,1.6097709753855185,1.7194407497907582,0
2775,1,0,0,0,1,1,0,21,215.3844215616853,1,2,0.4184396226939871,0.4000427152065681,0
2776,0,1,0,0,1,1,1,31,147.6679623946565,1,3,3.115190750596935,3.07588602110671,0
2777,1,1,1,0,1,1,0,21,168.74393427071962,1,1,0.6039786669107805,0.0,1
2778,0,1,0,0,1,6,1,24,239.07098743899127,6,6,2.1435119914237744,2.2064955204950456,0
2779,1,1,1,1,1,1,0,30,114.44443932615911,1,3,1.5788652089866424,1.7792208124491984,0
2780,1,1,0,0,1,6,1,28,159.36695638393272,6,3,1.1686775939257494,1.1969789477408976,0
2781,1,0,0,0,1,12,1,30,40.55296107684012,9,1,0.7253744759485192,0.7448029215421187,0
2782,1,1,0,0,1,1,1,30,185.70169946432804,1,1,2.150959383882256,2.1730606545025286,0
2783,1,1,0,0,1,1,1,29,237.17325497964688,1,1,2.427721049735414,1.5810796999913483,1
2784,0,1,1,0,1,6,0,34,204.5852098911256,5,2,1.8050956253164128,1.8488154052501928,0
2785,0,1,1,1,1,6,0,30,63.71971092561957,5,3,0.0362620972576015,0.0,0
2786,1,1,1,1,1,12,0,27,132.15725701185391,11,3,2.371041637915124,2.3858473361616364,0
2787,1,1,0,0,1,1,1,34,148.67049799741258,1,11,2.330513504494064,2.3286037520681537,0
2788,1,1,1,0,1,6,0,27,43.03495126924565,6,4,2.5663971804221988,2.584210462010508,0
2789,0,1,1,1,1,6,0,23,77.79550569458979,6,0,1.7950151225788495,1.4874494490793062,1
2790,0,1,0,0,1,1,0,29,109.29331302970898,1,6,2.705851174702796,2.6080572218474325,0
2791,1,1,1,1,0,6,1,32,255.6229777756164,6,11,3.0307242172135966,3.029313101038883,0
2792,0,1,1,0,1,1,0,25,273.5541217139201,1,2,2.3477594291338493,2.1739556557444053,0
2793,0,1,0,1,1,1,0,26,8.610059664342316,1,3,2.5478860685221467,2.594622598829035,0
2794,1,1,0,0,1,1,0,31,330.1422587753009,1,1,1.7377445165258494,1.0695714831650032,1
2795,0,0,1,0,1,1,0,34,167.21559159197744,1,4,1.3601723443064433,1.3688659589534449,0
2796,0,1,1,0,1,6,1,34,79.5952892287131,4,0,2.323206076885296,1.7782999592143882,1
2797,1,1,1,1,1,6,1,31,173.08672983966133,4,3,1.6988821610426648,1.903653861940284,0
2798,0,0,0,0,1,1,1,31,116.5883428699504,1,2,1.2875079290067504,1.2329172366495975,0
2799,1,1,1,1,1,1,0,27,101.32567680479788,1,0,1.4449649016731383,1.7282734956782662,1
2800,0,1,0,0,0,1,0,31,107.40921787455044,1,4,0.9947673283005094,0.9374403916122964,0
2801,0,1,0,0,1,1,0,32,233.4713204910621,1,2,1.4390249220552362,1.076682888586772,1
2802,0,1,1,0,1,1,1,37,223.87660572937145,1,1,2.355655948993151,2.4512231733631142,0
2803,1,1,0,0,1,1,1,36,241.9611721445289,1,3,3.1642734844554536,3.0945095679498,0
2804,0,1,0,0,1,1,1,31,123.36155454828057,1,3,0.9172427960985972,0.8858597310526942,0
2805,1,1,0,0,1,1,0,31,133.52513741804805,1,5,2.157311134051058,2.041093467793384,0
2806,1,1,0,0,1,1,1,27,265.3401455495381,1,6,0.0,0.0,0
2807,1,0,1,0,1,1,1,25,227.23940787284212,1,3,3.0603499974645887,3.1189225286282025,0
2808,1,1,1,1,1,1,0,28,152.25655389025889,1,7,0.5473369917628537,0.6688969022791985,0
2809,0,1,1,0,1,6,0,27,12.548074683569912,5,6,0.7281436947222093,0.6536416088870497,0
2810,0,1,0,0,1,1,0,27,24.017573176233448,1,0,0.3042413690339436,0.0,1
2811,1,1,1,1,1,12,1,29,335.53914942457385,12,11,2.61374505935837,2.5116030830368685,0
2812,0,1,1,0,1,1,0,30,38.4787738726932,1,1,1.9918882765891777,1.0590204025019951,1
2813,1,1,0,1,1,1,0,26,307.97404364982515,1,1,1.7700079809206744,1.1803313499927204,1
2814,0,1,0,0,0,6,1,29,190.0156842420792,5,4,2.2321537721958538,2.2114151502062915,0
2815,0,1,1,1,1,12,1,34,35.8935319500566,12,6,2.6575643999195995,2.5592492118725554,0
2816,0,1,1,0,1,12,0,29,199.7576411377575,7,7,0.9672616273116824,1.0254582122070257,0
2817,1,1,1,1,1,1,1,21,128.68126490028448,1,2,1.1480280894606354,1.1071433469381573,0
2818,1,1,1,1,1,1,0,28,220.8034185531359,1,10,2.9965073231634056,3.1112447609277543,0
2819,0,1,1,1,1,6,1,27,70.13059664985929,6,1,0.0,0.0660738776186351,0
2820,1,0,1,0,1,1,0,32,32.502052197854525,1,0,1.3298825858689758,1.4358567909228546,1
2821,0,1,0,0,1,1,0,36,176.9748180218882,1,4,4.178499282857394,4.081358526307836,0
2822,0,1,1,0,1,6,0,33,271.1148067576713,6,1,3.355148723059921,3.415382625987061,0
2823,0,1,0,1,1,1,0,28,208.50283445331056,1,0,2.305536926555755,1.9237763178351936,1
2824,1,0,1,0,1,1,0,25,18.99341165133789,1,1,3.8981840120227145,3.855509117049857,0
2825,0,1,0,0,1,1,1,28,87.85369161957806,1,1,2.5877175523541824,1.3325728207092888,1
2826,1,0,1,0,1,1,0,27,37.40169008933799,1,3,2.1080838915081506,1.0920136084223722,1
2827,0,1,1,0,0,1,1,29,30.34285928795836,1,11,2.29948503068666,2.31845743383634,0
2828,1,1,1,0,1,12,1,35,315.31739757978283,12,11,2.5980113933758635,2.5840815963076884,0
2829,0,1,1,1,1,12,0,24,167.0188449881344,12,2,1.7530408092695575,1.893308297856498,0
2830,1,1,0,0,1,6,1,33,110.24388440018008,6,10,0.3337462066232382,0.4208940801311587,0
2831,1,0,0,0,1,1,0,26,198.0721882565985,1,1,0.3531858429664167,0.0,1
2832,1,0,1,0,0,1,0,29,14.38391483216456,1,1,2.388683138643953,2.552139812394824,0
2833,1,1,0,0,0,1,0,26,115.487560895544,1,0,0.9153570976646976,0.0,1
2834,0,1,0,0,1,1,1,29,5.711843027548937,1,2,0.6676969360402809,0.5640664116076958,0
2835,0,0,0,0,1,1,0,29,110.3699174808332,1,1,3.142447910235652,2.356268151445732,1
2836,1,1,1,1,1,12,1,22,155.0997383491998,10,4,4.141085070078551,4.165957064975716,0
2837,1,0,0,0,1,1,0,25,90.99553463120589,1,2,1.931874466208037,1.068449214606536,1
2838,0,1,1,1,1,6,0,29,7.934120034915836,6,7,1.3056572352881743,1.4169205435149772,0
2839,0,1,0,0,1,1,0,28,222.0325888204388,1,0,0.0523359969447463,0.1372734201579882,1
2840,0,1,1,0,1,12,1,31,27.04348862011929,9,8,1.9138202342867645,1.8132600692159315,0
2841,1,0,0,0,1,1,0,24,303.0573360815322,1,0,1.501877662908253,1.7759007277741397,1
2842,0,0,1,0,1,1,0,23,8.739125272969844,1,0,1.8603847601496248,1.215460917307438,1
2843,0,1,1,0,1,1,0,30,99.81528914306357,1,1,2.0254732319523594,1.4165291867086058,1
2844,1,1,1,0,1,12,1,26,307.7990623680968,9,3,0.7157228781551468,0.6306235549365838,0
2845,1,1,1,1,1,6,1,30,34.826206682915235,6,4,1.9894563753995669,2.0643553063729403,0
2846,0,0,1,1,0,6,0,32,279.3358720343191,6,1,2.8640920218045163,2.8484248968636305,0
2847,0,1,0,0,1,12,1,33,57.11340672159839,12,6,3.217989470105955,3.396166370382829,0
2848,0,1,0,0,1,1,0,26,9.83869613464556,1,0,2.2789030628606444,1.9291818715173168,1
2849,1,1,1,1,1,1,0,36,121.26306804648075,1,3,2.7741287655007083,2.819556292904715,0
2850,0,1,0,0,1,1,0,24,146.96691493937217,1,1,2.5238326274006297,1.775902276499448,1
2851,0,1,1,1,1,12,1,34,206.8119374947697,11,1,3.4350359971674984,3.471500305723534,0
2852,1,1,1,1,1,12,1,31,167.10063665917255,12,5,3.1355122345798017,3.197255691915708,0
2853,1,0,0,0,1,1,0,30,126.77598249446464,1,0,1.3863439600369705,0.912796430822212,1
2854,1,1,0,1,1,1,0,28,129.97039965362546,1,4,1.1078473467142689,1.1133519348360676,0
2855,1,0,1,0,1,1,0,28,144.79489261614418,1,4,1.3390107135053195,1.5138331006033363,0
2856,0,1,1,1,1,1,0,27,260.702427160756,1,0,0.1345718688606987,0.0,1
2857,0,1,0,0,1,12,1,32,13.595078592070678,11,1,0.222342972025704,0.1025605423802833,0
2858,1,0,0,0,1,1,1,31,122.7914482464438,1,7,1.3153215876350228,1.3607084427586418,0
2859,1,1,1,1,1,6,0,26,241.8859556613729,4,3,1.4770872026449675,1.5527034327247948,0
2860,0,1,0,0,1,1,1,34,240.6166553362173,1,7,2.7489752680906303,2.8087194957498776,0
2861,0,1,1,0,1,6,0,30,88.03503648567629,6,4,0.0,0.1494293638641428,0
2862,1,1,0,0,1,12,0,22,218.0931563503743,11,0,2.4001972709830888,2.2700682282454694,1
2863,0,0,1,0,1,1,0,33,170.0214594738767,1,2,0.980200228421543,0.99680124551006,0
2864,0,1,1,1,1,12,0,30,247.42657171142963,12,7,2.80145411361499,2.7122024934927498,0
2865,1,1,1,1,1,1,1,26,262.87834495800905,1,1,2.265957751283078,2.8037866416792645,1
2866,0,1,0,0,1,1,0,26,188.61850092413863,1,1,2.1410604374250948,2.376792560880216,0
2867,1,1,0,0,1,6,0,30,277.82567507145774,6,2,1.7891181856966452,1.8388108454692056,0
2868,0,1,0,0,1,6,1,31,18.078239174568257,6,1,4.033527467684214,3.953155016921954,0
2869,1,0,0,0,1,1,1,29,184.91921532760315,1,1,2.366217391379541,2.3766400339605007,1
2870,1,0,0,0,1,1,0,31,139.9297179285242,1,6,1.3282929877842111,1.425285861547558,0
2871,1,1,0,0,1,12,0,30,134.1235135821064,10,4,2.7529734511083044,2.7223486095780984,0
2872,1,1,1,1,1,12,0,28,285.23044958643976,10,4,2.3497913413384057,2.108745189508713,0
2873,0,1,0,1,1,1,0,22,130.02521405490518,1,1,2.024739960851188,1.4732958246184875,1
2874,1,1,0,0,1,1,0,29,183.71504950845627,1,11,1.7502078744794929,1.6082727078349122,0
2875,0,1,0,1,1,1,0,32,62.9376390793888,1,3,0.8886788409130411,0.935009276804042,0
2876,0,1,0,1,1,6,0,28,194.82739601118357,6,1,1.4264087702460069,1.2430452607922835,0
2877,0,1,1,0,1,6,0,32,206.9091881483805,6,11,2.112186290827434,2.2605163919001408,0
2878,1,0,1,0,1,12,0,33,28.44684923649926,12,4,1.5991383747866652,1.3264908922217666,0
2879,1,1,0,1,1,1,0,30,150.74344480217658,1,6,2.3606037615349496,2.3150635265748494,0
2880,0,1,0,0,1,12,1,32,201.4476502333832,9,0,2.4223121991171945,2.4743736167200643,0
2881,0,1,1,0,1,6,0,32,171.7221486826372,6,3,2.9061164573785105,2.888740317523944,0
2882,0,1,1,1,1,12,1,28,290.7814041757377,12,3,2.3700435033947578,2.364435862318316,0
2883,0,1,0,0,1,1,1,32,74.86938620242537,1,1,2.9701606945597794,2.931548519155269,0
2884,0,1,1,1,1,12,0,32,197.56983602315896,11,3,2.529799682625092,2.56292689629366,0
2885,0,1,1,0,1,1,0,28,112.91717208461571,1,8,1.4758894362531831,1.5264275134765652,0
2886,0,0,0,0,1,1,0,27,24.268931465502103,1,0,1.5614193930518714,1.4658904977753184,1
2887,1,1,1,1,1,6,0,32,165.1602782842069,6,5,0.7559602962155565,0.5633126938853633,0
2888,0,1,1,0,1,1,0,31,162.12885340705895,1,7,4.4971863714462685,4.504537406590861,0
2889,1,1,1,1,1,1,1,26,129.28011808301358,1,4,1.6937778873346951,1.6219729131162908,0
2890,1,0,0,0,1,1,0,34,277.1702746017535,1,8,2.153152053279188,2.0849301912337346,0
2891,1,1,0,0,1,1,0,26,26.89758355405753,1,2,1.03865439872696,0.4802683675875156,1
2892,1,1,0,0,1,1,1,34,9.680631843912751,1,7,0.5592885407455543,0.5619250374372532,0
2893,0,1,1,0,1,12,0,27,389.7929058498655,7,2,3.75180146086212,3.822225540894817,0
2894,0,1,0,0,1,1,0,30,209.9387230814729,1,7,1.412045146088999,1.5074101467145429,0
2895,0,1,0,0,0,1,0,26,94.789885067726,1,0,1.2933657471833104,1.6123943681127622,1
2896,1,1,1,0,1,1,1,29,23.769982831898872,1,7,1.0935464068937604,1.0937198497824143,0
2897,0,1,0,0,1,1,0,31,100.75285254823277,1,2,2.0999255012455222,1.9706055084154668,0
2898,1,1,1,1,1,12,1,31,16.43913770132474,3,9,2.4816780953988737,2.4436227769982897,0
2899,0,0,0,0,1,1,0,27,49.935941993144034,1,1,2.3333788535941924,1.775802466221296,1
2900,0,1,1,1,1,12,0,34,93.3765321347363,10,6,0.7384465611044129,0.862778111116755,0
2901,0,1,1,1,1,1,0,26,145.0417653735306,1,1,1.0471702838043504,0.4742694259459032,1
2902,0,1,0,0,0,1,1,31,29.95309380341395,1,4,2.5758461420270167,2.5680855235499616,0
2903,0,1,1,0,1,6,0,32,228.04239686398623,6,5,2.5407242057220776,2.677687367075664,0
2904,0,0,0,0,1,1,0,30,18.16488197869712,1,7,3.5990998383812927,3.722410561471018,0
2905,1,1,0,0,1,1,0,31,207.216463566505,1,6,1.7251140802175733,1.6162784800834211,0
2906,0,1,0,0,1,1,0,28,37.99053639617708,1,1,0.5180807254678963,0.0,1
2907,0,0,0,0,0,1,1,27,99.43365098066374,1,0,1.5446703755413205,0.8174697151311059,1
2908,0,0,0,0,1,1,0,21,130.74054179983764,1,0,1.486515289808124,0.4350669816881054,1
2909,0,1,0,0,1,1,0,33,21.12653762739542,1,4,1.507906438789949,1.5423667509238634,0
2910,1,1,0,0,0,1,0,31,60.29206364289506,1,0,1.2439811153249718,1.2695882828241414,0
2911,0,1,0,0,1,1,0,27,95.55927192608178,1,0,0.7347486728803223,0.1091643292590546,1
2912,1,1,0,0,1,1,0,28,243.861884775908,1,0,2.8992438258601085,3.1672475298017715,1
2913,0,1,1,1,1,6,1,32,179.48690141417907,6,9,2.172296546454215,2.1665731038786853,0
2914,1,1,1,1,1,12,1,33,184.72717135891992,11,2,1.7661290497729902,1.6828959132275374,0
2915,0,0,1,0,1,1,1,33,6.382038200240418,1,3,3.451586163097084,3.350907071052677,0
2916,1,1,0,0,1,1,1,31,79.96507462212523,1,1,2.1098132911267675,1.5183744006541495,1
2917,1,0,0,0,1,1,0,24,139.2335525107305,1,1,0.2852135446646817,0.0,1
2918,0,1,1,1,1,12,0,32,75.51286727167692,12,2,1.009726796536461,1.224365486330978,0
2919,1,1,0,0,1,1,1,26,156.5547580147368,1,3,0.5873171843877231,0.6528764776021001,0
2920,0,1,1,1,1,1,1,23,1.3281813800655016,1,1,1.828624949382148,0.7039933413885933,1
2921,1,1,0,0,1,12,0,32,92.71593053767378,12,5,1.9755587056689736,2.007758985126228,0
2922,0,1,1,1,1,1,0,31,76.61709105317719,1,4,1.2224605970141025,1.3999399472588925,0
2923,0,1,0,1,1,12,1,30,127.45347084896396,8,5,3.812186724203983,3.8211593108777264,0
2924,0,1,1,0,1,12,0,32,246.9625218431024,8,7,2.721305031340461,2.8670342208564623,0
2925,0,1,1,0,0,1,0,30,222.0735007409053,1,9,2.8250549607621003,2.7080247219727216,0
2926,1,1,1,1,1,12,1,35,125.86379771015476,12,4,0.0643430221319385,0.1278576368803539,0
2927,1,1,0,0,1,1,1,23,25.97245754284589,1,0,1.8493714672003465,1.2659801325395457,1
2928,0,1,1,1,1,12,1,30,214.48618177888545,11,7,1.3370089637519202,1.5174740253364705,0
2929,0,1,0,0,1,1,0,28,39.43250887853906,1,1,0.808909643580749,1.3727198925239932,1
2930,1,1,0,0,1,12,1,29,132.57744760548442,12,11,1.1080649786405965,1.2486849248115364,0
2931,1,0,0,0,1,12,0,36,320.3768583495745,12,1,3.0013649083055403,3.087981737835504,0
2932,0,0,0,0,1,6,0,26,112.34830405864278,6,7,3.0172172024629207,2.9145358231758927,0
2933,0,1,0,0,1,12,1,28,165.6262155111939,11,3,0.97720960878814,1.095347855752134,0
2934,0,1,1,0,0,1,0,31,75.69890227944586,1,11,0.0,0.1776911900887659,0
2935,0,1,0,0,1,12,0,29,219.14467340030103,12,4,0.0,0.1810118539277536,0
2936,0,1,0,1,1,1,1,34,227.76602037109288,1,5,2.67488724060442,2.66454002168563,0
2937,0,0,0,0,1,1,1,31,14.262319449634536,1,0,2.0295303593238936,1.1738594740176571,1
2938,0,1,1,1,1,6,1,29,118.1559167680384,6,4,1.3315014991819438,1.2241860776838291,0
2939,1,1,0,0,0,1,0,23,199.15539548949928,1,0,2.9472248489642245,2.701548187848575,1
2940,0,1,0,0,1,1,0,30,286.49500835040755,1,0,2.3798359492575214,1.1151234358981394,1
2941,1,1,0,0,1,6,0,36,189.46771357238063,6,1,3.1178695933388534,3.0066542147269124,0
2942,1,1,0,0,0,6,0,28,118.32968107258046,4,1,2.1639031482986297,2.9395487539229537,1
2943,1,0,1,0,0,1,1,26,118.23210903570038,1,2,2.3405182038972625,1.3362330050487825,1
2944,0,1,1,0,1,12,0,33,109.4521263526332,12,1,3.528447438673835,3.359519672241344,0
2945,0,1,1,0,1,1,0,26,30.90982994419485,1,2,2.124126808735649,1.754216714316772,1
2946,1,1,0,0,1,6,0,27,299.47307162060235,6,2,0.6776828675875836,0.0,1
2947,1,1,1,1,1,1,1,24,219.5607362864421,1,1,1.9661185818512712,1.7588776967431383,1
2948,1,0,0,0,1,6,1,27,321.2818349235064,6,1,0.6041047450429267,0.6363597858768626,0
2949,1,1,1,0,1,12,0,26,209.68439322462447,9,3,1.86206284754405,1.890520848451926,0
2950,0,1,0,0,1,1,0,24,86.12772482686218,1,1,2.1375841358535537,1.9972076570393424,1
2951,1,1,0,0,1,1,1,26,67.2610716788711,1,3,2.473733259821696,2.4970392202159504,0
2952,1,1,0,0,1,6,0,28,228.0120473573101,6,2,2.9739304380210583,2.938204049794717,0
2953,1,1,1,0,1,1,0,34,40.73025742343452,1,0,0.8031133159201572,0.5284458159631622,1
2954,0,1,1,0,1,1,1,30,335.3537158611245,1,9,1.6916553227608944,1.6465270117944033,0
2955,0,1,0,0,0,1,0,26,24.29140309654039,1,1,2.203477883485935,1.905486810807972,1
2956,1,0,1,0,0,1,0,29,24.67079196226975,1,4,1.2094335082065015,1.1903523285040576,0
2957,1,1,1,0,1,1,1,31,50.433753530000345,1,5,1.7234256998529665,0.9802349880377248,1
2958,1,1,0,0,1,6,0,30,10.919044681072592,5,7,2.62280704293201,2.743787090821331,0
2959,1,1,1,1,1,12,0,28,32.976387724547976,12,9,3.3668656195376414,3.3231712050248103,0
2960,0,1,0,0,1,1,0,32,243.71337145740844,1,2,1.2486599121276067,1.3836141929119172,0
2961,1,1,0,0,1,1,1,28,170.79842607265127,1,5,3.20646323865866,2.992855449312976,0
2962,0,1,1,0,1,12,1,35,302.00443083954355,9,5,2.057562281927153,2.0588813215754893,0
2963,0,1,0,1,1,6,1,29,303.5104433244452,4,11,1.5301653695300663,1.4566682426552742,0
2964,0,1,0,0,1,1,1,31,82.59996590249273,1,3,1.2293997444518407,1.0968882694001256,0
2965,1,1,0,0,1,6,1,29,342.98703244810014,5,3,3.161689560416385,3.3272394755560684,0
2966,1,1,0,1,1,6,1,27,24.91618310265821,6,8,2.917957570613896,3.0186452459556885,0
2967,0,1,1,1,1,1,0,30,127.8591562494898,1,1,0.5175031953715836,0.5227021667656518,0
2968,1,0,1,0,1,1,0,32,57.51539242101114,1,1,1.545023201204892,1.5415316753619943,1
2969,1,1,0,0,1,6,0,31,144.8415367648187,4,3,3.5040564439742035,3.671042835216887,0
2970,1,1,0,0,1,1,0,29,213.94692758823544,1,7,2.39891789575082,2.286560336486166,0
2971,0,1,0,0,1,12,0,35,360.61857555630274,11,2,2.643701927372472,2.550357107695372,0
2972,1,1,0,0,1,12,0,31,65.67592732009587,12,2,2.2971717990113154,2.280748212992729,0
2973,0,1,0,0,1,1,0,26,15.328376117378795,1,2,1.5709400489676049,0.1839543015998426,1
2974,0,1,0,1,1,12,1,28,51.97827267892687,12,2,3.190995855113293,3.1947568781358933,0
2975,0,1,0,0,1,1,1,30,11.843242868032291,1,11,3.001517689003662,3.045319378852468,0
2976,0,0,1,0,1,6,0,27,318.75691167898066,6,10,2.7783699757481344,2.6688396076725764,0
2977,0,1,0,1,1,12,0,25,234.9427905395784,12,4,2.2335456382203587,2.126234954738386,0
2978,0,0,1,0,1,6,0,26,47.00423744234995,3,3,2.126987870648143,2.0236129206304936,0
2979,0,1,1,1,1,12,1,31,287.29705709291824,12,3,2.6093185797824856,2.6776102827751376,0
2980,1,1,0,0,1,1,1,29,271.6048832197254,1,0,0.1469769617318819,0.0,1
2981,1,1,1,0,1,12,0,28,232.83945736615232,12,11,2.9014902666667144,2.8858032683763883,0
2982,0,1,1,1,1,1,1,31,219.1225448999157,1,4,2.1760592147894133,2.144918565515635,0
2983,0,1,0,0,1,1,1,30,90.10934112285372,1,1,0.0,0.0826449533998637,0
2984,1,1,0,0,1,1,0,29,75.53808544327066,1,0,1.700321479327499,1.2830605143438842,1
2985,1,0,1,0,1,1,1,29,248.60649147095185,1,4,1.2594770027024644,1.1065280010264191,0
2986,0,1,0,0,1,1,1,28,106.45553374546051,1,0,1.4127876349786803,0.5363761689640519,1
2987,0,1,0,0,1,6,0,25,389.03571295000967,3,4,0.6690805433938638,0.5736956516627787,0
2988,0,1,0,0,0,6,0,29,55.53736379957958,6,3,2.7667922231097104,2.8587384759302448,0
2989,0,1,0,1,1,1,0,34,263.30273043547453,1,2,0.6520822563667821,0.7935765995051889,0
2990,1,1,0,0,0,1,0,30,275.2715374760006,1,4,1.6537893323181767,1.738444147473586,0
2991,1,1,1,0,1,1,0,24,102.06242652162936,1,9,1.5483700295640566,1.47315854436562,0
2992,0,1,0,0,0,12,0,31,158.27343319983322,12,1,1.064900573481954,1.1644034008760034,0
2993,0,1,1,1,1,1,1,27,365.0275181922429,1,3,4.531968586141148,4.779962522578057,0
2994,0,0,0,0,1,1,0,37,197.86792062059345,1,2,1.7407017428366132,1.8605076689911373,0
2995,1,1,1,1,1,6,0,28,185.49846613594747,6,2,1.8281437802757083,1.881833884130616,0
2996,0,1,0,0,1,12,0,34,11.127883866898316,6,1,3.0187887001611724,2.848793627149133,0
2997,0,1,1,1,1,12,1,34,184.37104259041985,7,5,1.0667989058999077,0.9929790123488432,0
2998,0,0,0,0,1,1,0,26,230.69206910404728,1,2,1.613750897621373,0.1607547152319364,1
2999,0,1,1,1,1,6,0,29,40.95220335597335,6,3,1.3626682569142912,1.3712004458181608,0
3000,0,1,0,0,1,1,0,32,81.83716704678288,1,6,1.8350450746674647,1.7593622570736998,0
3001,1,1,1,0,1,12,0,33,68.76541578068772,12,1,1.3354582948103042,1.0005606453850913,0
3002,0,1,0,0,1,1,1,32,37.75138113180947,1,2,2.517847813654228,2.401309724015624,0
3003,1,1,1,0,1,12,0,34,4.0243778615295485,6,0,0.8012346421122876,0.7574482000580905,0
3004,0,1,0,0,1,1,1,25,41.55150809284235,1,0,1.1785338886269203,0.8577300245771109,1
3005,1,1,1,1,0,12,1,27,263.7628811556541,2,7,2.25628915194518,2.1704371356825254,0
3006,0,0,0,0,1,1,1,28,74.19020519936521,1,1,1.7561936930184183,0.8006968428953503,1
3007,0,1,0,0,0,1,0,30,79.08044426272299,1,2,1.9232870949050949,1.5693742995484323,1
3008,0,1,1,0,1,1,1,21,118.70068784010328,1,2,2.09419494658196,1.9134550177283485,1
3009,0,1,1,0,1,1,1,33,1.4015965984940737,1,3,0.0,0.0,0
3010,0,1,1,1,1,12,0,28,107.01030208279708,8,7,0.5793014640533949,0.4646388704642063,0
3011,1,0,1,0,1,6,0,27,341.8389895686342,6,5,4.2395087592841465,4.375651098840076,0
3012,0,0,1,0,1,1,0,29,46.92935853025304,1,3,1.777540912625848,1.7730448190019337,0
3013,1,1,1,0,1,12,0,34,109.73111012988728,12,7,1.5885355118624245,1.400532901079376,0
3014,1,1,1,1,0,12,0,28,194.68809991755768,11,2,2.461659887016696,2.3923146852267267,0
3015,1,1,1,0,1,1,0,25,170.77453290536926,1,0,3.0702638556744297,2.5568760181835737,1
3016,1,0,1,0,1,1,1,27,69.98605552202432,1,0,0.1019402712748764,0.0,1
3017,1,1,1,0,1,12,0,28,304.9223802169996,12,11,1.0785943305307817,1.0228579387236485,0
3018,1,1,1,1,1,12,1,32,167.51519404044606,6,10,2.2714257026829614,2.3366909079386784,0
3019,0,1,0,0,1,1,0,29,48.33151158684328,1,1,0.8529244953358965,0.9337157179242088,1
3020,1,1,1,1,0,12,0,28,157.8220441266011,12,4,1.086075915752564,1.253318522042333,0
3021,0,1,0,0,1,1,0,30,20.711405156931438,1,0,0.6838390284251635,0.0,1
3022,0,0,1,1,1,6,1,25,207.0797105977189,5,4,2.250576643849098,2.085150385145292,0
3023,0,1,1,1,1,12,1,29,110.83724469718616,11,4,2.8930403363543413,3.0335580386100034,0
3024,0,1,1,1,1,6,0,26,20.20220747963628,6,4,2.3378510378845245,2.2611273930899203,0
3025,0,1,1,1,1,12,0,26,255.89667111060075,12,2,1.2551927018533422,1.307742186709433,0
3026,0,1,1,1,1,1,1,27,61.347168714423006,1,1,1.2305960640926763,0.8056381757914822,1
3027,0,1,1,0,1,6,0,29,282.9571186587658,6,2,1.2851196067645088,1.2466946118271272,1
3028,1,1,0,0,1,1,0,26,164.31977519485247,1,3,3.811453386488936,3.855104316170756,0
3029,1,1,0,0,1,1,0,28,100.94944166830606,1,1,1.757806928204996,2.008081037988393,1
3030,0,0,1,0,1,12,0,33,193.7102762972168,11,4,2.1027136414897063,2.1373641022781587,0
3031,0,1,0,0,1,1,0,32,119.15671783570694,1,10,2.1230045362844483,2.211259201168209,0
3032,1,1,0,0,1,1,1,28,87.74023097996998,1,1,2.4710174618725325,1.7088610549323846,1
3033,1,1,0,1,1,6,1,29,330.41903319446817,6,11,2.3465620975316908,2.4157778635020217,0
3034,0,1,1,1,1,1,1,24,56.041705200587046,1,3,1.7688321897669717,1.7289046284246896,0
3035,1,1,0,0,1,1,0,29,129.49261462636082,1,11,2.8839537634701955,2.9664957159473424,0
3036,1,1,1,0,1,1,0,28,244.311934554486,1,3,1.2853237503530353,1.3746693465060844,0
3037,0,1,1,1,1,6,0,31,54.86981361656167,6,5,1.9660738069975296,1.9967549593235687,0
3038,0,1,0,0,1,1,0,31,131.4962448565968,1,1,0.8483976414668439,0.8283888843149403,0
3039,0,1,0,0,1,1,0,30,311.91508755962815,1,3,1.5766648388508335,1.6266433381767924,0
3040,1,1,1,0,1,1,0,31,58.46380010975628,1,2,2.454358693552328,2.5714694022821134,0
3041,0,1,0,0,1,12,0,32,131.11467305265785,12,3,1.0958384007009785,1.02450473310303,0
3042,0,1,0,0,0,1,0,30,5.812304034204723,1,11,1.2709982110577314,1.3001899570191455,0
3043,0,1,1,0,1,6,0,26,203.73174254453625,6,7,2.312436147164484,2.3574536684527803,0
3044,0,1,1,1,1,12,1,26,13.118461837388894,11,2,1.1659779420175749,1.1217262236579628,0
3045,1,1,0,0,0,1,1,26,159.1069811146641,1,6,0.9112070701981334,0.9168720923252698,0
3046,1,1,0,1,0,1,1,24,102.12504841432,1,0,1.8353327758250464,0.828505465034751,1
3047,1,1,0,0,1,1,0,25,181.03799733978872,1,2,1.021323456591839,0.4707775351926594,1
3048,1,1,1,0,1,12,1,31,136.8422948896924,11,1,2.4238062192716647,2.4121050770188845,0
3049,1,0,1,0,0,1,0,23,12.659007334288065,1,1,1.4332996210546594,1.0876347603616514,1
3050,0,1,0,0,1,6,1,33,84.25148707866411,6,0,0.0,0.090098925664486,0
3051,0,0,0,0,1,1,0,30,189.26715903136585,1,0,3.367690725681194,3.3406078063075286,0
3052,0,1,1,1,1,12,1,30,161.48621609467546,12,6,1.6479222255816235,1.6443270557758438,0
3053,0,1,0,0,1,1,0,35,191.5712425281676,1,3,2.0923758171881413,2.180422469671733,0
3054,0,1,0,0,1,1,1,33,213.8178606705759,1,3,2.4815364985544246,2.549402323969137,0
3055,0,1,0,0,1,1,0,35,187.67315476530644,1,11,1.3767877461772469,1.277897510363195,0
3056,0,1,0,0,1,1,1,31,174.65845497131664,1,11,2.8980209720916563,2.876062849269407,0
3057,1,0,1,0,1,12,0,24,154.15849307645098,12,11,2.6755275243507017,2.595592912432444,0
3058,0,1,0,0,1,1,0,24,201.1207115268237,1,1,1.6809498012223292,0.6470040291310597,1
3059,0,0,1,1,1,1,0,32,179.41162001706192,1,11,1.4224077675859146,1.2620809691742854,0
3060,0,0,0,0,1,1,0,32,18.63154455385973,1,3,2.001350573736436,2.003537294315316,0
3061,0,1,0,0,1,1,0,32,91.41121349054517,1,2,2.5358429209538818,2.634988825925287,0
3062,1,1,1,1,0,6,0,32,262.9470604935144,5,3,2.2839664497237053,2.3491412098099964,0
3063,0,1,0,1,1,1,0,24,149.50789165573804,1,1,0.4294325860216429,0.0,1
3064,1,0,1,1,1,6,0,29,174.3838597533118,6,11,3.448108192918532,3.3921254298717542,0
3065,1,1,0,0,1,1,1,28,181.5174007598576,1,4,4.56888321649385,4.531758262221424,0
3066,0,1,1,1,1,1,1,32,21.162212944293515,1,2,2.3059104129628007,2.3937657569506685,0
3067,1,1,1,1,0,6,0,29,36.66202082032622,6,3,2.44580696392114,2.4339054515016967,0
3068,0,1,0,0,1,1,0,28,273.354891564687,1,3,1.0670657595052655,0.6739241671364238,1
3069,1,1,1,1,1,12,0,31,182.2049023463532,12,2,1.0832609212612068,1.3079204934159698,0
3070,1,1,1,1,0,12,0,27,3.520302781065176,11,7,2.4534152757294314,2.38017681359078,0
3071,1,1,1,1,1,6,1,35,77.62421208652017,6,1,3.048558500178389,3.1528474222575547,0
3072,0,1,0,0,1,1,1,33,222.1319914903352,1,2,3.794330646884864,3.734832995924741,0
3073,0,1,1,1,1,12,0,24,89.5958730783227,12,4,0.7459558016659444,0.7945356663509349,0
3074,1,0,0,0,1,1,0,31,113.58614408602143,1,0,1.03826762600034,0.7997747565570568,1
3075,0,1,1,0,1,12,1,28,205.06994601138769,8,4,0.43321160071029,0.3881188372041103,0
3076,0,1,1,1,1,1,0,28,211.26641555297545,1,4,1.6093200125702198,1.7994518898806444,0
3077,1,1,0,0,1,12,1,29,128.22334310102252,11,4,4.214829182094901,4.1291822055756455,0
3078,0,0,0,0,1,12,1,37,23.840704416354484,11,10,2.53711470168197,2.4385498857206667,0
3079,0,1,0,0,1,1,1,28,22.166231877426867,1,1,2.808648618396582,2.8586028809329456,0
3080,1,1,0,0,0,1,0,31,298.4186539392812,1,3,2.5812990091178007,2.441502512992124,0
3081,1,1,1,1,1,12,1,26,56.94788281980632,11,7,2.5191723964421286,2.743306595845327,0
3082,0,0,1,0,1,1,0,21,187.73540086270768,1,0,0.6769335226959159,0.4250572122463775,1
3083,1,1,0,0,1,1,0,28,297.399090279333,1,3,2.29437986858155,2.3021136009765955,0
3084,0,1,0,0,1,1,0,22,63.21932575138136,1,3,0.6263692614152713,0.0,1
3085,1,0,1,0,1,6,0,32,87.07834164829247,6,8,3.942865677711897,3.821841276135775,0
3086,1,1,1,1,1,1,0,24,106.70194493786944,1,1,0.9469969784090512,0.1104691438981916,1
3087,0,1,0,0,1,12,1,23,183.97524473445085,12,7,0.6940414958852863,0.8702807068800078,0
3088,0,1,1,0,1,6,0,29,270.9020689116469,6,8,4.06408421580188,4.0274488624393445,0
3089,1,1,1,0,1,12,0,27,337.58808581146087,12,3,3.917562527940764,3.860355976140087,0
3090,0,1,1,0,1,1,0,28,72.72120644384663,1,6,3.076859209839192,3.052676908076664,0
3091,0,0,0,0,1,1,0,28,141.2200859346874,1,0,1.6544104899203067,1.3958267498699617,1
3092,0,0,0,0,1,1,0,24,51.25209019504592,1,2,1.4960600117612737,0.7112467078543989,1
3093,1,1,1,0,1,12,1,33,26.23323994795761,9,3,4.1974529402168255,4.411932027301369,0
3094,1,1,0,0,1,1,0,32,143.08480517811242,1,1,3.320476569719035,3.3081016127255203,0
3095,1,1,0,0,1,1,0,21,258.05757766327525,1,0,1.3670803623864016,1.200516395870169,1
3096,0,0,0,0,0,12,1,28,334.4485301610483,12,6,0.9786381496553472,0.9815165191941008,0
3097,0,1,0,0,1,1,0,31,133.2095788837479,1,3,0.0,0.0,1
3098,0,0,1,0,1,1,1,34,304.79502874757463,1,3,2.7490033061541057,2.7656484451269816,0
3099,1,1,0,0,1,1,1,23,164.1463859895106,1,0,1.3935991558611398,0.7846505167002737,1
3100,0,1,1,1,1,1,1,33,165.8791623233464,1,5,1.1660276281568869,1.1709388734929371,0
3101,1,1,1,1,1,1,0,26,237.1777479544465,1,1,0.1207135123383675,0.0,1
3102,1,0,1,0,1,6,0,29,209.8051088998516,6,8,4.56888321649385,4.831336242550881,0
3103,1,1,0,0,1,1,1,29,270.4350936701486,1,5,2.2745042361946948,2.2091626688997463,0
3104,1,1,1,0,1,1,0,28,15.664603547391536,1,1,1.2411900266820872,0.3437079687587969,1
3105,1,1,0,0,1,6,1,23,114.31646043553545,4,2,2.1887994657092604,2.1333377203870487,0
3106,0,1,0,0,1,1,1,35,298.19883729584814,1,9,1.6760780502037798,1.739380571784153,0
3107,1,1,0,0,1,1,1,28,185.0321307883902,1,0,3.030928430234243,1.3785186811915755,1
3108,0,1,1,1,1,6,0,33,300.78620691934844,6,10,0.5293070565804079,0.6972114735519419,0
3109,1,1,0,0,1,1,0,23,202.25881226356023,1,0,1.4679653944802329,1.2098590420926685,1
3110,0,1,0,0,1,12,0,32,212.38102366570573,11,1,3.905591239469163,3.955652489583868,0
3111,1,1,0,0,1,1,0,29,101.9893548456263,1,9,1.5827747286246705,1.6322397184862998,0
3112,1,1,0,0,0,1,1,30,201.4511377530918,1,4,4.1832816081322886,4.160929970890051,0
3113,0,0,0,0,1,1,0,25,124.02767683973974,1,2,0.8885601036901057,0.8634375000955845,1
3114,0,1,1,1,1,12,1,29,267.6488899712516,12,10,2.3572937550286137,2.3872771676614626,0
3115,1,1,0,0,1,12,1,27,68.80976188437782,5,5,3.735156466994324,3.7214447654985423,0
3116,0,1,1,1,1,12,0,29,10.071896219120957,12,6,1.9429455212131064,2.0301926045336787,0
3117,1,0,0,0,1,1,0,28,147.90686107582158,1,1,1.6399750217650992,0.9710201634830952,1
3118,1,1,0,1,1,6,1,30,140.5278325658633,6,6,2.341299549062497,2.242707159516061,0
3119,1,1,1,1,1,6,0,32,190.1434900025581,6,1,1.937417871594744,1.782190711691944,0
3120,1,0,1,0,1,6,0,30,168.47356814199424,6,1,0.2494684778476932,0.3616455376999138,0
3121,0,0,1,0,1,1,1,23,286.2619089801683,1,1,1.846948207996394,1.6722353681133648,1
3122,0,0,1,0,1,12,0,31,185.92254569312504,12,1,1.5402761802553482,1.5837430692213113,0
3123,1,1,0,0,1,12,0,33,205.2390266739363,12,1,3.3421823472303096,3.266822216515134,0
3124,1,1,0,0,1,1,0,31,128.91794496752766,1,10,1.2452836677972592,1.4004299708863042,0
3125,1,1,1,1,1,6,1,28,168.1653575817181,6,4,2.21553982281005,2.1060491928938707,0
3126,1,1,1,0,1,12,1,30,238.3626062455386,12,1,2.6050380789808902,2.625267914805991,0
3127,0,1,0,0,0,6,1,29,54.00444376263541,6,4,2.0488005702020247,2.069028956214664,0
3128,0,1,0,0,1,1,1,24,14.70776355941858,1,2,0.9709439113945356,1.0160618249461206,1
3129,1,1,0,0,1,1,0,24,114.67628726390149,1,2,2.5773590383674505,2.4916078003158884,0
3130,0,1,0,0,1,1,1,27,34.54852970227054,1,1,1.8486259260085365,2.334089270363126,1
3131,1,1,0,1,1,12,0,29,0.2516057215197094,12,7,1.3041489297360576,1.2260577350828206,0
3132,1,0,1,0,1,6,0,32,50.70322709879865,6,2,2.172535199821279,2.0811092205447967,0
3133,0,1,0,0,1,1,1,34,113.50853406945402,1,1,3.3791745537350004,3.2864551063194383,0
3134,1,1,0,0,1,1,0,22,8.986968460309654,1,2,1.264489887514212,0.3034955548234187,1
3135,0,0,1,0,1,12,1,31,88.95602605095844,12,3,3.409635455051572,3.355526130940332,0
3136,1,1,0,0,1,6,0,34,180.9639804439948,6,2,1.6237682350994829,1.7240637953471758,0
3137,0,1,1,0,1,12,1,29,29.08594763238379,12,6,2.6106602157332133,2.692600842830851,0
3138,0,1,0,0,1,1,1,25,136.3851303811885,1,2,2.129486222321632,1.6276333021436291,1
3139,0,0,1,0,1,1,0,24,33.95706944251225,1,0,2.186045323149556,1.6227287369455516,1
3140,0,1,1,0,1,6,0,28,141.35829747011712,3,1,1.4353589273493368,1.2085476271173046,0
3141,0,1,0,0,1,1,0,27,183.18661573480875,1,0,1.1450885600182206,0.1459716440989145,1
3142,1,1,1,1,1,6,0,24,18.20439970774214,5,0,0.0,0.0,1
3143,0,0,1,0,1,12,0,21,12.668363278842364,12,1,1.8226031153569429,2.0467844084807574,1
3144,0,1,0,0,1,12,1,30,125.7781189271654,8,8,4.065696139396842,4.124446543856648,0
3145,1,1,0,0,1,6,0,33,107.47692285698145,6,1,2.6254948016477404,2.7113235560322986,0
3146,1,1,0,0,1,1,0,34,296.5848256970058,1,2,2.5702237964945582,2.6796305748491003,0
3147,0,1,1,0,1,6,1,28,135.92394807638442,6,4,1.1560132749584389,1.1337600345380738,0
3148,1,1,1,1,1,12,1,26,81.02467690501004,12,1,0.3515172388753547,0.0,1
3149,0,1,0,0,1,6,0,26,276.9727239403987,6,2,1.3023459634866936,1.3543365765481112,0
3150,1,1,1,0,0,12,0,36,121.40472330921487,12,3,2.156024554868964,2.200048430980333,0
3151,1,1,0,0,1,1,0,26,13.818039425637489,1,4,2.6173725901139058,2.609531405387138,0
3152,1,1,1,1,1,12,1,31,259.52812173263027,10,1,3.6034326513223975,3.84691542793278,0
3153,0,1,1,0,1,1,0,28,17.900822157981374,1,3,0.8535080115328393,0.8162671952117867,0
3154,0,1,0,0,1,12,0,32,182.6722908335252,12,2,3.329786791601202,3.2184141214522737,0
3155,1,1,0,0,1,1,0,29,47.2771036272527,1,4,2.0115817544542534,1.998764651157465,0
3156,1,0,0,0,1,1,0,27,169.4381176716474,1,2,0.4848650493285653,0.2193944717218964,1
3157,0,0,0,0,1,6,1,34,36.45223616227229,6,0,2.499141655403609,2.511934881139163,0
3158,0,1,1,0,1,6,1,33,40.37335229335008,6,8,1.460942166269109,1.3737401997506398,0
3159,1,1,0,0,1,12,1,31,165.97620034542945,12,11,3.630721114113904,3.706808205559376,0
3160,0,1,0,0,1,1,0,30,74.34431129853206,1,4,1.255768996315928,0.3928425088367262,1
3161,1,1,0,0,1,1,1,37,11.378760075966325,1,4,3.4440015046160184,3.3994105266453416,0
3162,1,1,1,1,1,1,0,35,282.39843646056687,1,3,2.276138868636856,2.2097276678951694,0
3163,0,1,1,0,1,1,1,31,160.61505908560832,1,2,3.435170555370037,3.3176872934923747,0
3164,1,1,1,0,1,1,0,28,269.9964578377976,1,1,1.1408086941189457,0.3919918740774016,1
3165,0,1,1,1,0,12,1,34,68.27358904357806,12,3,2.8859360034305674,2.9173792788783124,0
3166,1,1,0,0,0,1,1,29,25.030533597565352,1,2,3.002852688755725,2.5251593248291786,1
3167,0,1,0,0,1,6,1,26,286.759012206373,4,5,0.5454678532193036,0.6084150946337078,0
3168,1,0,1,0,1,6,0,30,297.1898155902279,5,4,1.778190214401583,1.7748998879529598,0
3169,1,1,1,0,1,12,1,28,335.11655099091126,11,3,2.320505375080529,2.4631894728913286,0
3170,1,1,0,0,0,1,0,28,107.85798354841472,1,10,1.3462173891357712,1.3132338234726102,0
3171,0,1,0,0,1,1,1,26,172.2210791668222,1,8,0.0,0.0128250159706654,0
3172,1,1,1,0,1,1,0,34,8.698360222169057,1,1,1.7771020154364574,1.6718439555730482,0
3173,1,0,1,1,1,1,0,30,291.72271633686483,1,1,1.7750563850994858,2.066395315525369,1
3174,0,1,0,0,1,12,1,24,44.03701821599165,11,5,3.4286725288375903,3.4697106635427546,0
3175,1,1,0,0,1,1,0,31,69.47306472683435,1,1,0.5674667060743143,0.0,1
3176,1,1,1,1,1,12,0,29,167.5114834764292,11,9,1.7666883339583568,1.7898822321053554,0
3177,1,1,1,0,1,12,0,29,242.37439212044157,10,11,1.7832842733038636,2.0007454680233474,0
3178,1,1,1,1,1,6,0,21,134.68930940013954,6,1,1.9821387109158253,2.72003469892956,1
3179,0,1,0,1,1,1,0,31,195.2690628447768,1,5,1.7403048091716382,1.834633042760124,0
3180,0,1,0,0,1,1,1,28,188.10770206662025,1,1,1.2859396372840657,0.6055698160883477,1
3181,0,1,1,0,1,6,0,31,246.42337210346105,6,3,2.124553281906617,2.0966082840459257,0
3182,1,1,0,0,1,1,0,31,256.05854198409713,1,0,3.3635034879946684,3.282305419172081,0
3183,0,1,0,0,1,1,1,31,57.73976157375759,1,1,0.9526132981972594,1.305268599482742,1
3184,1,1,0,1,1,1,1,30,66.3113215725881,1,1,2.5031443865374103,2.426164178576767,0
3185,0,1,1,1,1,6,0,35,77.83612466614166,6,2,3.0419484451691337,3.1962754254304206,0
3186,0,1,0,0,1,1,0,25,125.38205632830216,1,0,1.2262020012853865,0.1267186623781677,1
3187,1,1,0,0,1,1,0,25,108.82961742873856,1,0,0.3574285446053513,0.0105157083168308,1
3188,0,1,0,0,1,1,0,32,143.670704592324,1,5,2.623186665009201,2.67276060154316,0
3189,0,1,0,0,1,6,1,30,201.62261459747648,6,11,0.8620829618188512,0.7676862757622225,0
3190,1,1,0,1,1,1,0,27,246.69367492221429,1,1,2.7619983585702976,2.7857307350955485,0
3191,1,1,0,0,1,1,1,30,40.61909553530333,1,2,3.6581749937017625,3.757525032812716,0
3192,1,0,1,0,1,1,0,25,44.18723785316519,1,4,3.000335960920413,3.059641515682655,0
3193,0,1,1,1,0,1,0,29,347.4766244291207,1,3,0.0,0.0735318270008015,0
3194,1,1,0,0,0,1,0,28,37.133889861926185,1,4,0.6446670965069963,0.5630175891024572,0
3195,1,1,0,0,1,1,0,27,373.69665012264016,1,3,2.66375416288722,2.617758568436808,0
3196,0,1,1,1,0,6,0,25,221.0165363585588,5,11,4.189935757338596,4.112302107310101,0
3197,0,1,0,0,1,6,1,30,115.76395675061,6,1,3.238065120191944,3.340597972134382,0
3198,0,1,0,0,1,6,1,36,184.7275893696425,6,4,2.77318654848778,2.88072822166314,0
3199,1,1,0,1,1,12,0,32,96.8778279807333,11,0,1.6355156702923832,1.7566272038702082,0
3200,0,1,1,0,1,12,0,32,155.69039514242868,11,1,2.0666053460326594,2.1299908747433114,0
3201,0,1,0,0,1,1,1,26,46.8816463551746,1,1,1.33058660471976,2.30162877543228,1
3202,0,1,1,0,1,12,0,23,112.06578405969204,12,4,2.029896654954061,1.884602977188074,0
3203,0,0,1,0,1,1,0,28,182.8335865538585,1,3,1.0887888021305865,0.1431245785353502,1
3204,1,1,0,0,1,12,1,33,220.2483412893764,10,3,2.168651413431625,2.4284554241319705,0
3205,1,1,0,0,1,1,0,34,254.1477487038254,1,2,1.2837492625792253,1.1469424561045078,0
3206,1,1,0,0,1,1,0,23,87.04726534641478,1,0,2.0476690233459185,1.111466017240918,1
3207,1,0,1,0,0,1,0,33,181.72106467836244,1,5,2.079161150839295,2.1177217408984563,0
3208,1,1,0,1,1,1,0,25,226.61709089768232,1,0,0.1530703206985866,0.0,1
3209,1,1,1,1,1,12,0,26,218.2067708828048,9,11,1.9264750389365468,1.98287189003692,0
3210,1,0,1,0,1,12,0,27,65.96071362808406,11,2,1.1204629901243106,1.2086633962353188,0
3211,1,1,0,0,1,1,0,26,42.631634858158186,1,1,1.7571677625838733,1.4396342734983572,1
3212,0,1,1,0,1,6,0,29,50.5206112942493,5,11,0.239958274833147,0.3340948201491426,0
3213,1,1,1,0,1,1,0,25,209.0099382833044,1,1,3.438155551591577,3.4625618237236946,0
3214,1,1,1,1,1,6,1,30,110.60719017196251,6,4,2.0607868626479475,1.8991976801617951,0
3215,0,1,1,1,1,12,1,35,231.25148642944697,12,1,2.3198399988122973,2.4362903782742955,0
3216,0,1,1,0,0,12,1,29,154.66267019173418,12,2,3.02367160490216,2.910868042092424,0
3217,0,1,1,1,1,1,1,29,23.59773876820916,1,11,2.2833086964080693,2.1676221695692584,0
3218,0,1,0,0,1,12,1,26,129.75202384914837,12,11,0.1951293570736805,0.2572943556886992,0
3219,1,1,1,0,1,6,1,31,66.25946303488044,5,7,3.3589803105560714,3.3466497902066736,0
3220,0,1,0,1,1,1,0,25,248.09034500920583,1,4,0.5640620567643199,0.482753308310815,0
3221,1,0,1,0,1,1,1,27,72.6199236434882,1,2,0.5189579659381715,0.8399439917517977,1
3222,0,1,0,0,0,1,0,34,88.65325999456734,1,5,0.0,0.1503259643365075,0
3223,1,1,1,1,1,6,1,31,30.383699633993345,6,6,1.0649592496649438,1.0526618021952892,0
3224,0,1,0,0,1,6,1,28,87.07362077534418,6,3,1.6929201164505736,1.634766448303734,0
3225,0,1,1,1,1,6,0,36,165.19709726665874,6,2,2.747704377246359,2.9186271701432496,0
3226,0,1,1,1,1,6,0,31,225.14273861142945,5,4,1.9410500368754389,2.087174850392847,0
3227,0,1,1,1,0,12,1,27,215.2804569557356,12,1,2.20401426368777,2.3121743339643706,0
3228,1,1,1,0,0,1,0,32,49.11450659978436,1,2,2.159024385591522,2.1206197660012607,0
3229,0,1,1,0,1,1,1,26,24.39244683257388,1,1,1.3990845761747974,0.8543280030357805,1
3230,1,1,1,1,0,12,1,28,100.40590664803464,10,3,1.1508199184372914,1.154683076817441,0
3231,0,1,1,1,1,12,1,31,268.09749330459226,12,3,2.256585929475788,2.3037060305863823,0
3232,1,1,0,0,1,1,0,33,148.41227395490984,1,4,3.680794076109901,3.673219145922413,0
3233,0,1,0,0,1,6,0,33,44.28587572770049,6,8,2.6660281500067984,2.6540282043127053,0
3234,0,1,0,0,1,1,0,29,172.76532280713425,1,1,1.4323521890577144,0.8004160547605503,1
3235,1,0,0,0,1,1,0,31,59.989137053215245,1,2,1.2824074797425435,1.3343472917297117,0
3236,0,1,1,1,1,12,1,32,189.54338123925373,12,9,2.3925060220162937,2.465889002479801,0
3237,1,1,0,0,1,1,1,28,36.21724356957984,1,0,1.84970410354444,0.95170539838541,1
3238,0,0,0,0,1,1,0,27,180.3748297782473,1,0,0.9449279602181327,0.4213374387340162,1
3239,0,1,0,0,1,1,1,25,137.02392226061514,1,6,2.249212003633437,2.189967452779776,0
3240,0,1,1,1,1,6,0,31,190.4271570692275,6,4,1.2044397887331515,1.0730368229104952,0
3241,0,1,0,0,1,1,1,37,310.4635781432829,1,1,0.3242601293222539,0.420895460438815,0
3242,0,1,0,0,1,1,0,34,121.21693882663963,1,1,1.7235899189898445,1.6592956754227424,0
3243,1,1,1,1,1,12,0,27,341.5808309351034,12,4,1.8409579981473607,1.7907373815086425,0
3244,1,1,0,0,1,1,1,26,258.0972448369472,1,8,3.730467378892389,3.9074178734298814,0
3245,0,1,1,0,0,1,0,25,252.73277124561287,1,0,1.0161343283796844,0.4759805878479966,1
3246,1,1,0,0,1,1,0,27,3.6504302587599895,1,11,3.310754157262393,3.44112864107444,0
3247,1,1,0,0,1,1,0,31,62.4533939267514,1,2,3.3715424834875254,3.3456332634764854,0
3248,0,1,0,0,0,1,1,26,143.57029669280752,1,0,1.5065101032772192,0.0846105945482915,1
3249,0,1,1,1,1,12,0,30,166.68704205761716,12,1,3.512903455899858,3.389524731204468,0
3250,1,1,0,0,1,1,1,34,5.268790190660567,1,6,2.8887437588432365,2.8968013174624936,0
3251,1,1,0,1,1,1,0,27,92.62511215974644,1,0,1.858157612405908,1.4989929329547749,1
3252,1,1,1,1,1,6,0,26,172.1971526989524,6,2,1.7540920553644008,1.8525380093722907,0
3253,1,1,1,1,1,6,0,27,15.562016131770058,4,11,2.7781831148351754,2.7111698144648724,0
3254,0,1,0,0,1,1,1,28,56.97521475622914,1,0,0.7760247088729789,0.7173857597664269,1
3255,1,1,1,0,1,12,0,26,273.9253400681991,12,3,3.4805223813425625,3.5252907917531315,0
3256,1,1,0,0,1,6,0,31,188.4395472220621,5,6,3.07261033240532,3.1154169432785817,0
3257,1,1,1,1,1,1,0,25,6.287999824087121,1,1,0.7402368605987536,0.0,1
3258,1,1,1,0,1,1,0,29,42.40819239136575,1,2,2.9894692521111965,3.0383922500118103,0
3259,1,1,0,0,1,1,0,31,115.36582155789505,1,3,1.82345937792294,0.4556341767301499,1
3260,0,1,0,0,1,12,0,30,202.1802489362198,12,0,0.4671584929561241,0.5040700504587242,0
3261,1,1,0,0,1,1,1,22,118.58462167428392,1,0,0.4590279056791822,0.0,1
3262,1,1,1,0,1,1,0,21,68.02117463480758,1,2,0.0469529682346874,0.0,1
3263,0,1,0,0,0,1,0,27,130.14413074375966,1,2,3.174318421099369,3.141712252548033,1
3264,1,1,1,1,1,6,0,30,13.316414272332622,6,3,3.012054113805096,2.9967575106186155,0
3265,1,1,1,1,0,12,1,34,232.14844844138844,10,9,1.3305890334210364,1.2735031547492248,0
3266,1,1,1,1,1,1,1,25,162.04167998313062,1,7,2.633648243990044,2.5619359297853017,0
3267,0,1,0,0,1,1,0,32,66.04857749347896,1,6,2.838850091594303,2.75479103031462,0
3268,0,1,0,0,1,1,1,35,7.171343803001987,1,1,2.559017583109141,2.5653102485054333,0
3269,1,1,0,0,1,1,0,25,307.8122987223972,1,4,0.0,0.0,0
3270,0,1,0,1,1,1,0,26,346.16789816492826,1,3,2.104624801251718,2.205214412326248,0
3271,0,1,1,1,1,1,1,26,273.7341957735027,1,1,1.6991017412432492,1.6889794567956946,0
3272,0,1,1,0,1,1,1,34,199.442285370315,1,1,1.6580149214761757,1.6276002392949969,0
3273,0,1,1,0,1,1,1,30,110.01161938103448,1,0,2.5355267584297527,1.5935527922339343,1
3274,1,1,1,0,1,12,1,31,146.71140559519063,2,4,2.2528044814223445,2.1968272534729163,0
3275,1,1,1,1,1,6,0,32,238.04946940539685,6,2,3.2786314691401075,3.2690604434298094,0
3276,1,1,1,1,0,6,0,32,98.248562365834,4,5,1.1967084190043162,1.0582067905205892,0
3277,1,1,1,1,1,6,1,29,13.002485159134856,6,1,1.905048554106028,2.0559669454509115,0
3278,0,1,1,0,1,1,1,30,143.50758350328223,1,10,2.58020388741059,2.709470776479584,0
3279,1,0,0,0,1,1,0,25,71.90100353172024,1,0,1.1708605981058025,1.0577532652128194,1
3280,1,0,1,1,1,1,0,28,127.44944128162447,1,4,3.2995616856257293,3.414495569364993,0
3281,0,1,1,0,1,6,1,27,142.46902480588966,6,2,0.1926804475986676,0.2478140627459753,0
3282,1,0,1,0,0,1,1,28,123.89754770683788,1,1,2.123418925380758,0.7848033733801705,1
3283,0,1,0,0,1,1,1,26,100.81848711775189,1,1,1.5309830282798842,0.9869394298291632,1
3284,0,1,1,1,1,12,1,26,307.5685844636217,12,10,3.84631858913878,3.8262171633439146,0
3285,1,0,0,0,1,1,1,27,124.99985427954188,1,0,0.8090367016539627,0.2232532007753008,1
3286,1,1,0,0,1,1,0,26,114.0927681430486,1,9,2.276565566017116,2.3231461597668166,0
3287,0,1,1,1,1,1,0,29,2.6650163404915763,1,0,2.2687324676547984,1.7197078704289772,1
3288,1,0,1,0,1,1,0,32,113.90339025497951,1,8,1.7452073386082303,1.824691546179716,0
3289,1,1,0,0,1,1,1,27,6.554918566615387,1,10,1.7791889414933866,1.8231687651596384,0
3290,0,1,0,0,1,1,0,24,60.596993124363614,1,0,2.9879033631356577,3.3220645728630824,1
3291,1,1,0,0,1,6,1,28,267.03600917109134,4,3,2.8414083871044338,2.934511466405718,0
3292,1,1,1,0,1,6,0,30,120.90735264778463,6,2,2.31693270246424,2.410116949817476,0
3293,1,1,0,0,1,1,0,27,185.243723591028,1,2,0.8445412515907837,0.8773672511127086,0
3294,1,1,0,0,1,1,1,31,225.7449060662791,1,4,1.5629637245455736,1.5242190499965802,0
3295,0,0,1,0,1,6,0,29,30.3795082573767,6,4,1.0231843274933976,0.0,1
3296,1,1,1,0,1,1,0,27,40.30836106481822,1,3,2.107137717545262,2.208086862928945,1
3297,0,1,1,1,1,1,1,29,7.0591509968107164,1,2,1.0017995697585227,0.5651355212186919,1
3298,1,1,0,0,1,6,1,32,104.2373481992864,5,3,1.3270926894790716,1.2364931067214884,0
3299,0,0,0,0,1,6,0,34,198.18346640524564,6,3,1.1262790181816609,1.1943878008807656,0
3300,1,1,0,0,1,12,0,29,132.67143635191144,10,2,1.0774892545087078,0.5251957831822072,1
3301,0,1,1,0,1,12,1,27,186.7879654181632,11,4,2.280254714215564,2.2940904710260983,0
3302,0,0,0,0,1,6,1,25,85.09113250711852,6,4,0.1252556142883123,0.2300224684208174,0
3303,1,1,1,1,1,12,0,32,143.58510674439742,8,5,0.6298955435295455,0.6828156840086611,0
3304,1,1,1,1,0,1,0,32,212.0862907157141,1,4,3.261428609088285,3.1481483670179737,0
3305,1,1,0,0,1,1,0,27,58.172630349640464,1,4,2.4130913378637784,2.016248012108139,1
3306,1,1,1,1,1,1,0,25,33.755315551102115,1,1,1.6183080212203431,0.912536042059152,1
3307,0,1,0,0,1,6,1,28,203.3673296285548,6,7,1.839799348421429,1.8078607463380512,0
3308,0,1,0,1,1,1,1,33,3.2148185811108902,1,4,1.5579564446894372,1.4707549103530095,0
3309,0,1,1,0,1,1,0,29,136.03896688236952,1,0,0.8059002238706074,0.5464700034171489,1
3310,1,1,0,1,1,12,1,31,375.0253723789861,9,3,2.52137948187804,2.5348162352708274,0
3311,0,1,1,0,1,6,0,31,390.4789972116687,5,2,2.337963865469673,2.342146254712799,0
3312,1,0,1,0,1,1,0,25,83.72782796356975,1,0,1.9638356207675185,1.4698993967685086,1
3313,0,1,1,0,0,1,1,28,120.5557484704165,1,6,0.0,0.0816928572893722,0
3314,0,1,0,1,1,1,0,28,15.9084452100198,1,11,2.641536593606756,2.7171699953801367,0
3315,0,0,0,0,1,1,0,26,38.570304657773136,1,0,2.899156753915592,2.9317328556105906,1
3316,0,1,1,1,1,1,1,26,135.86012804775902,1,6,1.6752933213856924,1.6975264754789787,0
3317,1,1,0,0,1,1,0,28,210.80193370872416,1,0,2.015696184720379,1.3724036392719663,1
3318,1,0,1,0,1,1,0,28,111.83871553555902,1,0,0.4514914492510309,1.0425029017759238,1
3319,1,1,1,1,1,6,1,29,155.22243890370223,6,5,0.8270466859676726,0.8094086150556441,0
3320,1,1,1,0,1,1,0,32,185.0104266193616,1,7,2.9952962075829963,2.946472147191382,0
3321,0,1,0,0,0,6,1,31,4.217935926648899,6,2,1.2695217935805585,1.2823667866674804,0
3322,0,1,1,0,1,1,1,32,287.648668488374,1,11,2.441094488906416,2.471258874584691,0
3323,0,1,1,0,1,12,1,27,211.99260920072075,12,2,1.231332875494672,1.3367003857315158,0
3324,0,1,1,0,1,1,1,33,163.08027577848438,1,1,2.558119156960964,2.487682569633184,0
3325,1,1,1,1,1,12,1,27,150.7021033522296,12,7,3.5012957939731537,3.3724308750945164,0
3326,1,1,1,0,1,1,0,36,198.06693056705555,1,1,1.2387244508756692,1.155294808117406,0
3327,1,1,0,0,1,12,0,32,88.49456197528093,12,2,2.4264440652125665,2.20155755754562,0
3328,1,1,1,0,1,6,0,26,275.50736963508893,6,1,1.6996487881960969,2.030535369557453,1
3329,0,1,1,1,1,1,1,33,243.298215066616,1,3,3.504920151660724,3.7124451192194265,0
3330,1,1,0,0,1,1,0,32,0.4282334090256086,1,1,1.362646852839032,1.3539117300400694,0
3331,1,1,0,0,1,6,1,27,246.8557585922902,6,8,3.047970231398285,2.984593142415571,0
3332,0,1,1,1,1,1,1,31,176.58953059304963,1,4,1.4181843810054595,1.3634704173950232,0
3333,0,1,1,0,1,6,0,31,54.852256817826174,6,5,0.8838849508432116,0.7768106429509067,0
3334,1,1,1,1,1,12,0,36,22.64425341485696,8,5,2.4058338648471844,2.3761825313916973,0
3335,1,1,0,0,1,1,0,29,194.9826873671593,1,5,1.546642155699396,1.5342271402081549,0
3336,0,1,0,0,1,1,0,27,335.6303985514,1,11,1.5107740411010897,1.6562588450835578,0
3337,0,1,0,0,1,1,0,23,73.41221917867527,1,2,0.67579339363361,0.0,1
3338,1,0,1,0,1,1,0,32,193.57900020588832,1,0,1.4885809475136256,0.0283909088114464,1
3339,0,0,0,0,1,1,1,30,204.7574636532971,1,4,1.4245164858782708,1.4749560330325313,0
3340,0,1,0,0,1,1,1,29,141.86703467254625,1,3,1.075681108920587,1.978229560828564,1
3341,1,1,0,0,1,1,1,26,236.8140910571664,1,6,0.0,0.0427397248009584,0
3342,0,1,1,1,0,12,0,32,243.3534972443376,12,10,2.8821176445838383,2.9240539363476947,0
3343,1,1,0,0,0,12,0,29,237.6850904619768,12,2,0.6314767601918481,0.7461046681123169,0
3344,0,1,0,0,1,12,0,31,118.77789887648458,12,3,2.481081491031315,2.4204269412097594,0
3345,0,1,0,0,1,1,0,27,288.8725997477844,1,5,0.5745326362620655,0.6853954603352846,0
3346,1,1,0,1,1,6,1,30,218.94456220801743,5,2,1.0784089637178391,1.130023128922575,0
3347,1,1,0,1,1,1,0,24,35.66412536179639,1,0,1.5516215165763534,1.0113285145592674,1
3348,1,1,1,0,1,6,1,24,115.68574786177572,6,1,2.6117967075323465,1.276030434732089,1
3349,1,1,1,1,1,12,1,33,259.638019714763,12,11,1.240926944636831,1.3103414946046257,0
3350,0,0,0,0,1,6,0,29,47.929064091849135,6,2,2.3792760123666734,2.3356595329810306,0
3351,0,1,1,0,1,6,0,28,137.7438004137748,6,2,1.2404708567509557,1.383923919976496,0
3352,0,1,0,0,1,1,0,26,64.70358542783357,1,0,1.188054552851192,0.7607069268358035,1
3353,1,0,0,0,1,6,0,30,143.36784063009162,6,0,2.8561486273258803,1.4452977498546418,1
3354,0,1,0,0,1,12,0,28,141.3321509716341,12,1,2.473969961681881,2.3616034056271307,0
3355,1,0,1,0,1,1,0,33,178.1731909740142,1,4,1.6028255043466897,0.6218115255976981,1
3356,0,1,0,0,1,12,0,37,133.45041101567122,12,3,2.1309398561494546,2.010454925722684,0
3357,0,1,1,1,1,6,0,30,108.16332437405552,6,2,2.57286431356819,2.481223519236996,0
3358,0,1,1,0,1,1,0,31,69.8344739789672,1,3,1.6493494393148371,1.7452663173975431,0
3359,1,1,1,0,1,1,0,23,19.266492939346648,1,1,2.046636828745169,2.134821242214366,1
3360,0,1,0,0,1,1,0,25,236.03754369714963,1,2,1.7089358249262578,0.5434710136936494,1
3361,1,1,0,0,1,1,0,31,65.95244824122642,1,11,1.252653183016243,1.4319938733759936,0
3362,0,1,0,0,1,12,0,29,311.4574001283469,12,3,1.717238717134955,1.582191304590865,0
3363,0,1,1,1,1,1,1,34,2.951719940857416,1,9,1.7628836976131177,1.6600968197367982,0
3364,0,1,0,0,1,1,0,33,232.4031191229841,1,2,1.977567055836596,2.083380274853058,0
3365,0,1,1,0,1,1,1,23,89.93051523925722,1,0,1.4099682903199164,0.0,1
3366,1,1,0,0,1,1,0,27,174.7884567929443,1,0,0.468664907032627,0.9019194955469896,1
3367,1,1,0,0,1,1,0,33,93.44335951780768,1,8,3.1253346199675045,3.0975166133316643,0
3368,0,1,0,0,1,1,1,24,146.7121195928856,1,2,1.490598762179412,1.5783633994017967,0
3369,1,0,1,0,1,1,0,28,58.43024172095284,1,1,1.1511474472147392,0.5685077862135623,1
3370,0,1,1,1,1,1,1,30,255.5788386785009,1,4,2.791101531991614,2.908721008080278,0
3371,1,1,1,0,1,6,1,25,164.24367665550034,6,2,1.53561255462174,1.1413730780077826,1
3372,0,0,0,0,1,1,0,23,7.0622286088252375,1,0,0.3509691211307613,0.0,1
3373,1,0,1,0,1,6,0,25,248.11716900894316,6,4,3.057644065941053,3.0610645515028216,0
3374,0,1,1,1,1,12,1,27,40.23451781946129,9,1,2.2080492556957734,2.2537431701670942,0
3375,0,1,1,0,1,6,0,26,99.49386114292288,6,5,2.0687464816178243,2.110392884810362,0
3376,1,1,1,0,1,12,0,28,59.89388941502892,9,2,1.7922419344695546,1.6006014818394934,0
3377,1,1,0,0,1,12,1,35,258.9316986053413,9,6,0.8612831752058276,0.930059353079884,0
3378,0,1,1,1,1,1,0,23,100.54378373291355,1,1,0.6140874389230958,0.0,1
3379,1,1,0,0,0,1,1,32,179.23802621793618,1,10,2.873329347917424,2.9131508556106414,0
3380,1,1,1,1,1,1,0,27,43.835414249498406,1,3,0.0,0.0,1
3381,1,1,0,0,1,1,1,29,185.2706583223064,1,0,1.2926176834048015,0.5557374193388269,1
3382,1,1,1,0,1,6,0,28,118.46592730317823,6,3,0.7675081975348375,0.7616981376965185,0
3383,1,0,0,0,1,1,0,26,85.33765337773094,1,1,0.8602368275166494,0.3024923783916896,1
3384,1,1,0,0,1,1,1,25,130.7144617614835,1,1,1.59197619388162,1.1284200532483466,1
3385,0,1,1,1,0,1,0,27,199.4748605928537,1,4,1.9742953643847176,1.825289116698446,0
3386,1,1,0,0,1,1,0,26,291.61280375942795,1,1,1.9020146044438868,1.78948748747592,0
3387,0,1,1,1,1,12,1,31,326.5696819835918,12,5,1.5719276241856668,1.4900082873492149,0
3388,0,1,1,0,1,12,0,27,26.34554387446528,12,1,0.2326541264545681,0.0,1
3389,0,1,0,1,1,6,1,35,93.14151398417673,6,2,1.7008302636006725,1.701676192176332,0
3390,1,1,1,1,1,6,1,26,227.348222221007,5,3,0.9128026905974116,0.9552564210887644,0
3391,1,0,1,0,1,1,0,33,4.324223933376885,1,2,1.3250719984868502,1.5777862858387048,0
3392,0,0,1,0,1,6,1,28,156.69939152300017,6,2,0.3824615892726099,0.2608326563990797,0
3393,1,1,0,0,1,1,1,34,9.434824742919432,1,3,2.417473164896601,2.3667183445610407,0
3394,0,1,1,1,1,1,1,31,114.13888879061358,1,0,1.1789856640167085,0.3725672474641737,1
3395,1,1,1,0,1,1,0,32,110.04989358103408,1,1,2.3228655233069504,2.2223646692270647,0
3396,1,1,0,0,1,1,0,30,145.56568743891032,1,3,3.695294321848481,3.731734126796203,0
3397,1,1,1,1,1,1,1,29,75.0194233824964,1,6,1.6450203300198882,1.7619010846790908,0
3398,0,1,0,1,1,6,0,27,48.365475960806144,6,2,2.5058346599759203,2.506827698604854,0
3399,1,1,0,0,1,12,0,26,95.87428670651316,12,4,2.3017665957437057,2.43159151501258,0
3400,0,1,1,0,0,12,1,31,227.15949987016108,12,3,2.1480710958432234,2.2072184139539623,0
3401,1,1,1,1,0,6,0,27,106.2823307103199,6,5,2.6140652862780867,2.667067807718234,0
3402,0,1,0,0,1,6,1,29,33.003530312096586,6,7,2.375283213783732,2.4488824328539143,0
3403,1,1,0,0,0,12,1,28,212.61918748435485,10,2,3.7760112929013374,3.9067775219059664,0
3404,1,1,1,1,1,12,0,31,48.27545976087409,11,6,1.894392479361603,1.901030183605696,0
3405,0,1,1,1,1,12,1,32,115.11798288717328,11,2,2.006230277252712,2.0023039565494005,0
3406,1,1,1,1,1,1,0,30,85.80615454575144,1,4,3.9845240135561832,3.9680414876507775,0
3407,1,1,1,0,1,6,1,36,3.660820075068422,6,0,0.3926700907948466,0.2635134661196863,0
3408,1,1,1,0,1,1,0,29,112.9129041854795,1,0,1.4650931943829095,0.7841092556288665,1
3409,0,1,1,1,1,1,0,26,233.0714229877116,1,0,1.8919959914054016,2.0020464502092894,1
3410,1,1,0,0,1,1,0,27,67.2799060717944,1,0,0.5834034732033667,0.4814418821159169,1
3411,0,1,0,0,1,1,0,27,81.7526432402334,1,2,2.7455867180213858,2.832093151030008,0
3412,1,1,0,0,1,1,0,25,93.096462399476,1,0,0.8192036911187058,0.6345661634397981,1
3413,0,1,0,0,1,1,0,32,268.72203839121147,1,11,3.1216702395435663,3.2331557392776964,0
3414,1,1,1,0,1,1,0,29,190.66151249758968,1,2,0.0,0.0,0
3415,0,1,1,0,1,12,0,26,70.78964995588231,10,1,3.086527721751001,3.0738273745566587,0
3416,0,1,0,0,1,12,1,26,93.29053472113128,11,9,1.5032912269141914,1.5051581887272527,0
3417,1,0,1,0,1,1,0,32,219.79528635127315,1,7,1.063803022005765,0.9817436559962224,0
3418,0,1,1,0,1,1,1,25,128.12125852690212,1,2,1.743255984237666,0.1415983373233573,1
3419,0,1,0,0,1,1,1,33,101.8978342737989,1,3,2.5463971965547465,2.408648799174446,0
3420,1,1,1,1,1,1,0,25,230.087841266948,1,5,2.384749025319435,2.4169031585287133,0
3421,1,1,0,0,1,1,0,29,139.9608370226238,1,3,3.3922983721994178,3.376264564692121,0
3422,1,1,0,1,1,12,1,28,88.11947654975313,12,2,1.168488565561974,0.99820593877802,0
3423,0,1,1,1,1,1,0,28,45.142002091511536,1,4,2.5122437104562167,2.480858249066074,0
3424,0,1,0,1,0,1,1,26,46.943630122129285,1,2,1.0694584301126082,1.1473350309093338,0
3425,0,1,0,0,0,1,0,31,129.13879709536866,1,8,1.752018945255259,1.7532100037005165,0
3426,1,1,1,0,1,1,0,31,192.4615711639765,1,6,1.1016564882855309,1.3082723338782396,0
3427,0,1,1,0,1,12,1,27,78.07185485190341,12,1,1.565409984506784,0.5592151674421768,1
3428,0,1,1,0,1,12,0,26,400.43884834720114,12,3,3.858927954692432,3.840771504926,0
3429,1,1,0,0,1,12,1,33,34.792435075811184,10,3,1.6859179799184982,1.7977537805711523,0
3430,1,1,0,1,1,6,1,24,113.0339868554672,6,4,2.096529851471265,2.074319800705892,0
3431,0,1,0,0,1,1,0,31,144.42131721600623,1,2,3.2135388864211625,3.1820410054288613,0
3432,1,1,0,0,1,1,0,23,76.85218126873633,1,4,2.3976125075767403,2.4460443874031883,0
3433,0,1,0,0,1,1,0,26,109.54929949295008,1,0,1.6341415694703183,0.5508812143905537,1
3434,1,1,0,0,1,1,0,30,0.7104878214237758,1,7,1.7113989185451672,1.501684161441657,0
3435,1,1,0,0,1,6,0,28,230.8400715171606,6,1,1.3015214000619886,1.3874287091506992,1
3436,0,0,0,0,1,1,0,30,71.58556747195655,1,0,1.3930371855089476,1.1477316932260018,1
3437,0,0,0,0,1,6,0,34,326.20459816502995,5,2,1.0993344706164518,1.0518724778250166,0
3438,1,1,1,1,1,12,1,32,4.556640835426336,10,3,1.9853687014444616,1.9304893675839387,0
3439,0,1,1,1,1,6,0,28,205.4508731502361,6,5,3.2540833615336666,3.3725382040138623,0
3440,1,1,0,0,1,1,1,25,169.90350642022682,1,0,1.6269556517694572,0.6607276673466229,1
3441,0,1,1,0,1,12,1,28,84.36994493585499,12,11,1.4156640515774617,1.258385611818789,0
3442,1,1,1,1,1,12,1,27,41.251090505436,8,6,3.5677548089991915,3.4396949328317987,0
3443,0,1,1,1,1,12,1,26,23.6208839813812,12,10,2.9097120674155814,2.906149639471661,0
3444,0,1,1,0,1,6,0,28,243.7431203041013,6,3,2.3874341022600967,2.4100415272706903,0
3445,0,1,1,1,1,6,0,33,38.57255026556389,5,7,2.347369730423229,2.34354176795779,0
3446,0,1,0,0,1,1,0,26,301.7198067817875,1,6,1.7308035507351094,1.6649309746720111,0
3447,0,1,0,1,1,1,0,28,238.06974640878047,1,2,0.5348005650482998,0.3265163412120638,1
3448,0,1,1,1,1,1,0,30,175.8782923350662,1,3,1.797137811459333,1.9311835857316544,0
3449,0,1,0,0,0,1,1,33,148.780016159952,1,2,0.832677841871025,0.762919844798111,0
3450,1,0,0,0,1,1,0,26,223.8734713126895,1,0,0.5310486915253299,0.7161513850250709,1
3451,1,0,0,0,1,12,0,30,101.75224666446428,12,10,3.601064607357013,3.6469869238531727,0
3452,0,1,1,1,1,12,1,37,156.3350137496791,12,2,2.5664005923167377,2.493103689225733,0
3453,1,1,1,1,1,6,1,35,102.60437485894474,5,3,3.499892734560293,3.4735201002897726,0
3454,1,0,0,0,1,1,0,28,144.23969634550622,1,1,1.1389631530193327,0.5248508529918438,1
3455,1,1,0,0,1,12,1,34,22.8011007435276,10,2,3.39132006822728,3.316116302577311,0
3456,1,1,1,1,1,12,0,27,64.34271519256386,10,9,3.030821003112287,2.982682581422784,0
3457,0,1,1,1,1,1,1,26,116.74854033740615,1,4,1.581822062663076,1.4230329946315674,1
3458,1,1,0,0,1,1,1,28,251.2707317394076,1,5,1.5484297773842055,1.4328988483026543,0
3459,0,0,0,0,1,12,0,28,252.16047567052505,12,5,1.9563127995180816,2.1192385633974467,0
3460,1,1,0,0,1,1,1,26,245.59306685967832,1,0,1.2168230482027846,0.3507632621682959,1
3461,1,1,0,0,1,1,1,34,52.501627170534455,1,5,2.9203839318681566,2.957190888064944,0
3462,1,1,0,0,1,1,0,33,66.41949985098354,1,1,2.7393337909380744,2.6703741022207104,0
3463,1,1,1,0,1,6,1,27,76.12314728408052,4,1,1.19671286641968,0.0028723624189406,1
3464,0,1,0,0,1,1,0,33,14.852518792656936,1,3,0.0551404285029448,0.0,1
3465,1,1,0,0,1,1,0,26,332.0022124310275,1,3,2.0888837467375345,2.158351290003765,0
3466,1,1,1,0,1,12,0,35,131.56031275299006,6,1,0.6358527683592032,0.7680487468149093,0
3467,0,1,1,1,1,12,1,34,61.51320007459724,12,1,1.4994226624935532,1.3122544297199763,0
3468,1,1,0,0,1,1,1,30,124.2086846189467,1,3,0.8339262596072149,0.9569513697852146,0
3469,1,1,0,0,1,1,0,26,132.66190458720527,1,1,2.5838294744140065,1.8790555784911225,1
3470,0,1,0,0,1,6,0,31,5.145095773335584,6,6,1.937719589827107,2.0098993921041584,0
3471,1,1,0,0,1,1,1,29,168.21924094287272,1,11,1.8779240609260583,1.6495661685763852,0
3472,1,1,0,1,0,6,1,31,193.28415434833232,6,3,1.5985453539053227,1.6618963654661998,0
3473,1,0,0,0,1,1,1,27,23.36614092782209,1,11,2.453018620372532,2.4219328173369905,0
3474,0,1,1,1,1,12,1,28,275.22864223369066,12,1,1.4931349317483649,1.5897253382115355,0
3475,1,1,0,1,1,1,0,30,291.3340189498217,1,8,3.246638269407108,3.246596209470681,0
3476,1,1,0,0,1,1,1,32,130.01666547332806,1,1,1.3918739519586527,0.8523504532247912,1
3477,1,1,1,0,1,1,0,26,25.958454698284,1,1,2.316723597976981,1.7425936400599973,1
3478,0,1,1,0,1,1,0,31,182.6968988826672,1,3,0.8496868762200176,1.0037935536279234,0
3479,1,1,0,0,1,1,1,33,130.40772885490796,1,2,2.364295545767346,2.1667699346558003,0
3480,0,1,1,1,1,1,0,31,107.68806143265994,1,1,1.9527462673811888,1.9044084086136253,0
3481,1,1,0,0,1,1,1,32,181.4995063999707,1,5,3.1325753519032595,3.1898986887021588,0
3482,0,1,0,0,1,1,1,30,44.41910072373985,1,0,1.6929239852595812,1.613738293694151,0
3483,0,1,0,0,1,1,0,27,104.74033499350674,1,0,2.370923262145201,1.3816195721925952,1
3484,0,0,0,0,1,1,0,32,91.21212358791036,1,2,3.824878187652304,4.029924727580919,0
3485,1,0,0,0,1,1,0,31,180.52488863182109,1,11,1.7983632412464947,1.8237447786550047,0
3486,0,1,1,1,1,1,1,31,221.62849769007968,1,4,1.6992356242462334,1.7710712769077266,0
3487,0,1,1,0,1,12,1,31,49.6844057020624,12,7,2.741201823968641,2.758926154267792,0
3488,0,1,1,1,1,12,0,31,137.05436725689816,11,6,1.3142919657329677,1.0895125058654846,0
3489,0,0,0,0,1,1,0,26,48.80268360502068,1,0,2.2342488023347182,2.2136828436173994,1
3490,1,1,0,0,1,1,1,29,139.8258951345035,1,1,2.4120626778219822,1.9799804405454715,1
3491,0,1,0,0,1,1,0,25,149.19671609727283,1,0,2.152637102708426,1.8523792485175063,1
3492,0,0,0,0,1,6,0,27,137.37091691557916,6,11,0.9189199220762704,1.0934139492034824,0
3493,1,1,1,0,1,6,1,26,241.918825608546,6,2,0.6729692288156,0.6412307167894612,0
3494,1,1,1,1,1,1,0,22,21.79064250262105,1,1,2.2631153250940024,1.8455822038996768,1
3495,0,1,0,0,1,1,1,29,0.1718623034294992,1,1,2.000837716261708,1.831821776271643,0
3496,0,1,1,0,1,1,0,31,364.3269276491144,1,11,1.8713027269317728,2.0039798357962666,0
3497,0,0,1,0,1,1,0,32,189.89533965342935,1,1,1.1081531639722475,0.7905515487566976,1
3498,0,1,1,1,1,1,0,32,272.63696380286115,1,0,1.3741279720387147,1.202066155844694,1
3499,0,1,0,0,1,1,0,28,86.63247139214626,1,9,1.2589490063429936,1.2806707643381228,0
3500,0,1,1,0,1,12,0,33,196.45705348308653,12,1,2.00117982556292,1.9838974230845807,0
3501,0,1,0,0,1,1,0,25,272.6140067922244,1,0,2.641713651526679,3.5402705155533987,1
3502,1,1,0,0,1,12,1,30,214.33856838928415,11,9,3.2642035872036503,3.4310935375066243,0
3503,0,1,1,0,1,1,0,26,145.74608331878989,1,1,1.2833634714199469,0.0593731516476707,1
3504,1,1,1,0,1,12,0,30,254.82849262293405,12,5,2.690441755722505,2.6535911546001048,0
3505,0,0,0,0,1,6,1,28,81.25268538945234,6,5,2.7391385615139736,2.8037654585009486,0
3506,0,0,0,1,1,1,0,29,158.7159346742398,1,1,0.161426087268393,0.0545399901999855,0
3507,0,0,1,0,1,6,0,31,94.58675014860032,6,10,0.7470136721101739,0.7287449615819882,0
3508,0,1,1,1,1,12,0,24,6.5451616830701695,12,11,1.5566197814206562,1.8025935939505544,0
3509,1,1,1,0,0,1,0,26,73.23603737436741,1,0,2.3738930315870514,1.1151324319417424,1
3510,0,0,1,0,0,6,1,30,275.30259428714623,6,2,2.2239406471677152,2.287088287553673,0
3511,0,1,1,0,1,12,0,29,72.36459657046926,8,1,1.5923425869434022,1.4874781065219569,0
3512,0,1,0,0,1,6,0,30,7.486945086137368,6,1,3.357113943035752,3.3428928237285653,0
3513,0,1,0,0,1,12,1,28,76.4486670719802,11,3,3.5353536767590765,3.618916124598656,0
3514,1,1,1,0,1,1,0,27,174.32656563608052,1,5,1.1879220938540913,1.146473397854574,0
3515,0,1,1,1,1,1,1,31,44.84510463133125,1,6,2.4745512582805294,2.433921249539251,0
3516,0,1,0,0,1,1,0,27,187.04106455970123,1,4,2.147103919683206,2.2993644684981223,0
3517,0,0,1,0,1,1,0,31,88.03828816689257,1,0,1.8976000699282,1.3363973026593745,1
3518,1,1,1,0,1,12,1,29,94.24309175315376,11,3,1.675794711286125,1.7336956550231362,0
3519,1,1,1,0,1,6,0,29,121.25680016620794,5,11,2.3362537319476617,2.3839726440577502,0
3520,0,1,1,0,0,12,0,31,183.3536158030836,10,1,1.3175935411282935,1.2409109271247032,0
3521,1,1,1,0,1,6,1,34,377.9153828441298,6,6,1.8091574402471933,1.7581458857532226,0
3522,1,1,1,0,1,1,1,28,68.62921760832799,1,5,3.197159774404195,3.218273516393621,0
3523,1,1,0,0,1,1,0,28,73.62710006316908,1,3,2.3806683998082177,2.297674985214248,0
3524,1,1,1,0,1,1,1,22,132.17375574088027,1,1,0.9068350228231672,0.5221129821719297,1
3525,0,1,0,0,1,1,1,24,92.86968095309427,1,8,2.1576999735348497,2.13132101648987,0
3526,0,1,1,0,0,6,1,31,282.9298669479633,6,2,0.7603708211612714,0.7737985348951207,0
3527,0,1,1,0,1,1,1,30,96.31384393914696,1,7,1.1071535083693274,1.1374305275296124,0
3528,0,1,1,1,1,12,1,31,281.24777661591804,12,3,1.1055366228966068,0.9504763708915374,0
3529,1,1,0,1,1,6,1,32,126.9223463469219,6,4,2.205504714067562,2.0398918755636304,0
3530,0,1,1,1,1,12,1,28,91.17066524147828,5,7,1.5585070498897315,1.6104472710457884,0
3531,1,1,0,0,1,1,1,29,273.39595955174707,1,11,1.4926604504448,1.522410191075401,0
3532,0,1,1,1,1,1,0,33,54.6795574094411,1,7,2.543522735459584,2.5431871793731977,0
3533,0,1,1,1,1,12,1,25,226.0659439084184,10,1,1.6712997039052522,1.857458761824112,0
3534,1,1,0,0,1,1,0,25,72.2544252646657,1,0,1.9578577729249127,1.238477421945946,1
3535,1,1,1,1,1,12,0,29,196.9238975023973,11,4,0.9702756896652472,1.0897250023024552,0
3536,0,0,0,0,1,6,0,28,246.0712380733781,5,0,1.8478899177608623,0.6441342404976969,1
3537,0,1,1,0,1,1,0,21,33.70273308521405,1,1,0.7174439733373604,0.5861962844048629,1
3538,0,1,0,0,1,1,0,34,203.1766727852991,1,1,1.1447063312002408,1.0047797472896842,1
3539,1,1,0,1,0,1,0,30,31.32666952824742,1,0,2.746110707008106,3.0892249426811813,1
3540,0,1,1,1,1,12,1,33,68.09962226373958,9,6,3.056874146443885,2.9927488987147863,0
3541,0,1,1,1,1,1,0,33,212.25739535798863,1,2,2.615358659785421,2.5474802970429926,0
3542,0,1,0,0,1,1,0,28,424.07081667113033,1,4,3.207605544519142,3.1548181720413093,0
3543,1,1,1,0,1,6,0,30,242.81979251942025,6,1,2.0676583378631035,2.107738571214292,0
3544,1,0,0,0,1,1,0,26,91.58342634080348,1,0,2.2924980551049123,1.1140086222230423,1
3545,1,1,0,0,1,12,0,33,117.82371712828676,12,7,2.4708849465999463,2.452512718360849,0
3546,1,0,1,0,1,1,0,31,105.154055397862,1,1,3.495218131608715,3.529604276877873,0
3547,1,1,1,1,1,1,1,29,215.21915065207256,1,4,2.766035656818244,2.70542884506722,0
3548,0,1,1,1,1,12,1,33,271.0027759305035,11,9,2.6201166321880645,2.68435510603412,0
3549,1,1,1,1,1,6,1,28,186.334133904902,6,0,0.135004531273543,0.0054923781012502,1
3550,0,1,1,1,1,12,1,29,329.9340576066378,12,4,4.5573367693937765,4.53428153247774,0
3551,1,1,0,0,1,1,1,28,246.2115526588095,1,1,0.822002981118028,0.0,1
3552,0,1,0,0,1,1,1,36,151.82323311956424,1,2,1.3855325488034214,1.4804635793898124,0
3553,0,1,1,1,1,12,1,34,16.607012176344,12,8,2.009079501180669,1.92601437451522,0
3554,0,1,0,1,1,12,1,23,271.5255793571036,11,11,1.4102150595858292,1.3598170473530673,0
3555,1,1,1,1,1,1,0,29,9.469088632041164,1,2,3.1063441625944552,3.1675868332173227,0
3556,1,1,1,1,1,12,0,32,63.86604632561038,11,1,0.9935538650228256,1.0686589852786652,0
3557,0,1,1,0,1,1,1,30,272.3779354391009,1,1,0.1523211344309256,0.2778830947946932,0
3558,0,1,1,0,1,12,1,25,143.51199532894674,12,4,2.2284626316837275,2.194672720839156,0
3559,0,1,1,1,1,12,0,25,113.05840079725728,12,3,1.9576020679657773,2.0099718567421627,0
3560,0,1,0,1,1,1,1,25,195.14038909556544,1,5,2.3520295886638616,2.2961454190686608,0
3561,0,1,0,0,1,12,1,29,363.8613944195943,12,5,3.363988476096073,3.5258272761480867,0
3562,1,1,1,1,1,6,1,31,129.42183999189794,6,4,0.3686787041142554,0.1226018825357128,0
3563,1,0,1,0,1,6,0,26,66.80376627406797,6,3,1.9696053274104013,1.9944149348529403,0
3564,1,1,1,0,1,6,1,33,218.3977131575265,5,6,0.7473763237789615,0.6792346358903024,0
3565,1,0,1,0,1,1,0,28,210.2992128271653,1,1,1.6647270205365254,2.0745086545363054,1
3566,1,0,1,1,1,1,0,23,161.9033426402166,1,2,0.4718166126636071,0.3753181953350964,0
3567,0,1,0,0,1,6,0,25,313.46882085109405,6,1,3.1960798185516266,3.2849455083851216,0
3568,0,1,0,0,1,1,0,32,159.2267255415881,1,1,1.8103722345098847,1.643288981017922,1
3569,1,1,0,0,1,12,0,26,6.3730215689676015,12,1,1.5568761481864166,1.51356408726487,0
3570,1,0,1,0,1,6,0,30,185.558238630902,6,3,1.306739906471441,1.4808532233399152,0
3571,0,1,1,1,1,6,0,26,6.038435983615643,6,1,1.587778933673738,1.6556469741686128,0
3572,1,1,1,0,0,12,1,35,174.65439975952597,11,3,3.4715040444941785,3.456041313007745,0
3573,0,1,1,1,1,1,0,29,207.4647181165249,1,4,2.021520139856976,1.7685758936136682,0
3574,1,1,0,0,0,12,0,26,297.1624047907999,12,6,2.4878892140665982,2.4278359797086413,0
3575,0,1,1,0,1,1,0,25,26.806748054953715,1,2,2.745407311123201,2.8747495814814914,1
3576,0,1,1,1,1,6,0,31,34.68236412494068,6,3,0.9528395133662062,1.0217457930695992,0
3577,0,1,1,1,1,1,0,29,83.05682856664495,1,7,2.1780485617507126,2.122485397072014,0
3578,0,1,1,0,1,6,0,31,96.99148304935557,6,6,1.5510092951007255,1.4870263571041136,0
3579,0,1,1,0,1,6,1,29,1.81774167510946,6,0,0.9791882210196776,0.5405791481881189,1
3580,1,0,0,0,1,1,0,24,109.9659433743197,1,0,0.3139051591565622,0.0,1
3581,1,1,0,0,1,1,0,30,51.50590559598789,1,0,1.794575014018564,1.1370219629696914,1
3582,1,1,0,0,1,1,0,33,105.16118599716911,1,1,0.5282483528028508,0.5893429936109357,0
3583,0,1,0,0,1,1,1,30,284.67775440555675,1,4,2.348433207876445,2.3619793456394573,0
3584,0,1,1,0,1,1,1,30,136.3721970522347,1,2,2.4953429081040857,2.4788612133027472,0
3585,1,1,0,0,1,1,1,28,225.52894735720665,1,2,1.9213300560375115,1.998263923553875,0
3586,0,1,0,0,1,1,0,31,213.81615710456668,1,0,2.509591227230462,2.33847231858888,1
3587,1,1,1,1,1,1,1,29,159.36188577328522,1,1,1.145692396164442,1.190448255529794,0
3588,1,1,1,0,1,6,0,36,252.8564549039787,6,11,3.7322998794245095,3.848739130569772,0
3589,0,1,1,0,0,1,1,21,190.0740812821692,1,1,1.8074798748030527,0.7333866539184257,1
3590,0,1,1,1,1,1,0,23,122.76556262715756,1,1,0.0,0.0,1
3591,1,1,0,1,1,1,1,31,136.05228375480957,1,4,1.4856109926481058,1.654889683112862,0
3592,1,1,0,0,1,6,1,28,45.61541893896639,6,2,2.1915054364217745,2.1711176162150445,0
3593,1,1,1,1,1,12,1,25,203.3508544774926,12,4,1.2151713021490944,1.152487234397584,0
3594,0,1,1,1,1,12,1,26,230.243479115324,10,1,2.343401028958105,2.2776425258156507,0
3595,0,1,1,1,0,6,1,31,8.256842466747372,5,1,1.1544163099049327,1.0272083050244312,0
3596,1,1,1,1,1,12,0,24,126.40422568303823,10,1,1.5956728115208942,1.627901886857026,0
3597,0,1,1,1,0,1,1,26,103.81468566076916,1,0,2.3915084315247177,2.1069020343001217,1
3598,0,1,0,0,1,12,0,28,112.79570178125988,11,3,2.67232521578028,2.753441855174416,0
3599,1,1,0,0,1,1,1,30,181.09516988748263,1,1,0.0,0.0,0
3600,0,1,0,1,0,1,1,33,175.1347212433519,1,2,2.468283199089197,2.5301399405370475,0
3601,0,1,1,1,1,12,1,31,56.87989785434846,9,5,2.834753583941441,2.914802134756083,0
3602,1,1,1,1,1,12,0,31,170.01077527272795,11,2,0.1135925577652277,0.1369201995189266,0
3603,0,1,1,1,1,1,1,35,144.9097386520961,1,11,4.091156208338785,4.146970017142508,0
3604,0,1,0,1,1,1,0,35,100.99581135907572,1,0,2.1642537915412974,2.2682187291879488,0
3605,0,1,0,0,1,6,0,23,224.4396361703711,6,5,0.5107395441385305,0.3548362036858456,0
3606,1,1,0,0,1,6,0,25,155.13400658534218,6,3,1.0536781663559929,1.2273668353696006,0
3607,1,1,0,0,1,1,0,25,40.20066426097674,1,0,1.819385027195444,0.2579132632306358,1
3608,0,1,1,1,1,12,1,27,162.21924506461966,12,5,0.9959345375641266,0.9639098486729828,0
3609,0,1,0,0,0,1,1,28,96.07559943254248,1,1,0.7517248765974935,0.0,1
3610,1,1,0,0,1,1,1,25,56.104113757746106,1,2,2.1381470236410243,2.6644324976769163,1
3611,0,0,1,1,1,1,0,31,140.1850287450275,1,6,1.4580268558791445,1.3224997555522156,0
3612,0,0,0,0,1,6,1,33,75.1132070309704,6,6,2.0531053863468323,2.1177935106200168,0
3613,0,1,0,0,1,6,0,30,217.2522405284329,6,2,0.8844168480401784,0.8805690047689371,0
3614,0,1,1,1,0,1,0,30,44.31496208485044,1,5,1.027639682606033,0.9474704222021376,1
3615,1,1,1,1,1,1,1,33,162.01467220624193,1,3,2.4696761992144904,2.6326625378083848,0
3616,1,0,0,0,1,1,0,35,186.9368810421448,1,6,2.518738436842301,2.55857450230118,0
3617,0,0,1,0,1,6,0,30,24.620589027716235,5,2,0.0,0.0,0
3618,1,1,1,1,1,12,0,31,284.1227327396685,11,2,1.4730187372671086,1.5221577932381405,0
3619,0,1,1,1,1,6,1,26,158.35892321141986,6,9,0.8567992130461721,1.0145136944332007,0
3620,1,1,0,0,1,12,1,27,90.72630335169208,12,2,2.9253438672453544,2.6091608129353587,0
3621,1,1,0,1,1,12,1,33,97.53755182623276,12,0,4.034458165917387,4.005640883870135,0
3622,1,0,0,0,1,12,0,28,351.6337919164846,12,3,2.1765539279490667,2.17991264609627,0
3623,1,1,0,0,1,1,0,26,153.2601541945045,1,1,1.84884661817468,2.263137296019024,1
3624,1,1,0,0,1,6,1,31,61.49936612542719,6,2,3.0829967748481617,3.1598812463880668,0
3625,0,1,1,1,1,6,0,26,145.14610871452442,6,0,1.5328905173550424,0.6966266752975576,1
3626,1,0,1,0,1,1,0,27,127.67215166173555,1,1,1.6560102572254118,1.707497645437032,1
3627,1,1,1,1,1,1,0,27,234.83193616059845,1,3,2.2285156814325955,2.1923930097726747,0
3628,1,1,0,0,1,1,0,25,128.58725174340694,1,1,0.4084000719604137,0.4280222570492068,0
3629,1,1,1,1,1,12,1,33,42.635200625092565,12,2,4.56888321649385,4.831336242550881,0
3630,0,0,1,0,1,6,0,30,85.82188753498224,6,4,3.7977964399899418,3.8294855970433255,0
3631,1,1,0,0,1,1,1,32,184.7793438740406,1,2,2.5410211154611577,2.445104269504688,0
3632,0,1,0,0,1,1,1,31,145.1677921153934,1,5,1.7952993110881346,1.6982453703064568,0
3633,0,1,0,0,1,1,1,28,424.07081667113033,1,3,0.5620886348973031,0.3928964439180071,0
3634,1,1,1,0,1,1,0,31,74.74029824027613,1,3,1.1033979796218374,0.9508183634001384,0
3635,0,1,1,0,1,12,0,30,176.3363948758738,8,6,2.165110621946571,2.1920769944248844,0
3636,1,1,1,1,1,6,0,28,341.22706403445693,6,2,1.2620245295152812,1.0578198160002763,0
3637,0,1,0,0,1,12,1,23,209.1308658897616,10,1,2.2639830069722744,2.3672299948475097,0
3638,0,1,1,1,1,1,0,26,219.6261450449739,1,2,0.1148628903693342,0.0407645072312134,0
3639,0,1,1,1,1,6,0,32,247.0792367058776,6,8,2.136044877443442,2.118594717010017,0
3640,0,1,0,0,1,1,1,28,233.40441566106145,1,5,2.678078618363241,2.6303587059546043,0
3641,0,1,0,1,1,12,0,28,122.97172688617276,12,3,1.3139292622278569,1.4627390022202125,0
3642,0,1,0,0,1,1,0,30,136.2189635496585,1,0,1.42007162675207,1.3649099217878566,1
3643,0,1,0,0,1,1,0,27,223.39998201715144,1,11,0.0300240608683926,0.0,0
3644,0,1,0,0,1,12,0,29,204.7461386255205,12,6,2.379552667407128,2.3223068915218525,0
3645,1,0,1,0,1,1,0,26,198.364039690918,1,4,1.4537265557281356,1.5775924037750269,0
3646,1,1,0,0,0,1,0,25,91.18703201789624,1,0,1.3975582584614592,1.492952416192538,1
3647,1,1,1,0,1,6,1,27,72.34124939627056,6,0,0.2820929331256008,0.0,1
3648,1,1,0,0,1,1,1,26,148.43405221982957,1,2,2.955502722139616,2.8892113616592767,0
3649,1,1,1,0,1,1,0,32,149.969932310754,1,0,2.091131272381229,1.2989937624733368,1
3650,0,1,1,1,1,1,1,28,68.70262997431657,1,3,0.4557992501906467,0.3746152738083589,0
3651,1,1,1,0,1,1,0,30,60.77256775103721,1,1,0.9177184283402866,0.5556341503369084,1
3652,1,1,0,0,1,12,1,27,185.3798270617195,12,3,3.2721159557989634,3.2325545964109645,0
3653,1,1,0,1,1,1,0,26,116.97384774433056,1,2,0.5578895202905217,0.0731734155858108,1
3654,0,1,0,0,1,6,1,30,77.14634615889452,6,3,3.2111148698792635,3.0865796211824064,0
3655,1,1,1,0,1,1,0,28,32.675114308451576,1,1,2.924051488333835,2.5454658196105138,1
3656,0,1,0,0,1,1,0,29,106.77783154917796,1,1,1.7647017086630417,1.2866778869109954,1
3657,0,1,1,0,1,12,0,33,12.879439319078298,12,10,0.9136930918183208,0.9005059607979509,0
3658,1,1,0,0,1,1,1,37,400.07504388879096,1,1,0.2985447581254748,0.357076600931443,0
3659,1,0,0,0,1,1,0,24,2.0398125910880083,1,0,0.8204759826203519,1.589286651047758,1
3660,1,0,1,1,1,1,0,24,141.09978646362924,1,2,1.5879799703672717,1.0032553063533114,1
3661,0,0,1,0,1,6,1,31,83.38504665665523,6,8,2.4394038959307784,2.322534011583156,0
3662,1,1,0,0,1,1,0,28,69.5698502038769,1,2,1.2465550209155745,1.242550693563095,0
3663,0,1,0,0,1,1,0,29,365.711351420288,1,7,0.0,0.0,0
3664,1,1,0,0,1,12,1,27,334.4726562273314,7,0,3.6848758219547504,3.672932590812016,0
3665,1,1,0,0,1,12,0,29,117.22340439766724,10,1,0.6534722893351899,0.6655836882485573,0
3666,1,1,0,0,1,1,1,32,207.58317246058232,1,7,1.5553912062527764,1.527622515969998,0
3667,1,1,0,0,1,1,0,28,36.24329677378928,1,4,3.3474381427336546,3.347092160713467,0
3668,1,1,0,0,1,1,1,27,23.77663181020151,1,2,1.1297152676644142,0.3673196672401715,1
3669,1,1,0,0,1,1,0,32,135.7567220684424,1,2,2.579025242260892,2.4760556306138297,0
3670,0,1,0,0,1,1,0,26,47.199104046527474,1,1,2.691317632897715,2.1487666067726887,1
3671,1,1,1,1,1,12,0,30,124.22886572895828,11,11,2.8211008895730605,2.809569525621033,0
3672,0,1,1,1,1,12,1,27,242.85441083159645,11,2,0.5835302843440207,0.5677511538961516,0
3673,0,1,1,1,1,1,1,32,30.50465946099804,1,5,2.4426190106135484,2.3011395628263265,0
3674,1,1,0,1,1,1,0,28,173.53447937566432,1,2,2.503405614355957,2.5477677849211133,0
3675,1,1,1,1,1,12,1,28,99.83755018916386,12,5,3.519139127428866,3.477328148733241,0
3676,0,1,0,0,1,1,0,29,88.05093054549322,1,0,1.5727191169261816,0.6170368763301111,1
3677,0,1,1,1,1,1,1,32,216.5309919676316,1,1,2.3114353201718285,2.3333015379389934,0
3678,0,1,0,0,0,6,0,28,273.4658893686528,6,2,0.0,0.0,0
3679,0,0,1,0,1,1,0,27,11.317388628210525,1,5,2.3391744768263574,2.4292017946466413,0
3680,0,1,1,1,1,6,0,27,8.790507807167215,5,0,2.2933762847657166,1.8314005799133923,1
3681,0,1,0,1,0,12,1,29,148.15396249389312,11,2,1.5936486307484132,1.4306243317287026,0
3682,1,1,0,0,1,1,1,34,356.2089726515053,1,6,2.69444777853898,2.8233662068826826,0
3683,0,1,1,1,1,12,1,35,76.98991432893263,12,2,1.4277841850498394,1.2557653682321923,0
3684,0,1,1,1,1,1,0,25,112.66901705544944,1,9,1.2691977344836298,1.367309248451578,0
3685,0,0,0,0,1,6,1,30,159.7082480456553,6,5,2.7898975786191764,2.4168750468773523,1
3686,1,1,0,0,1,6,0,29,79.61444772391809,6,7,0.0,0.054889036929946,0
3687,1,1,0,0,1,1,0,23,326.2912089012649,1,6,0.0650750070018071,0.1438529185885907,0
3688,1,1,0,0,0,1,0,29,222.98092699790368,1,1,1.8404730040244992,1.0220867561332867,1
3689,0,1,1,0,1,6,1,27,35.42584524282299,6,2,2.120051302966866,2.128584016431049,0
3690,1,1,1,1,1,1,0,31,126.42352423881832,1,2,2.3312608077791346,2.34629255362042,0
3691,1,0,1,0,1,1,0,26,51.178821926604826,1,0,1.6361388911994277,0.619474633972755,1
3692,1,1,0,0,1,1,1,27,300.1783465739506,1,4,1.4660401335768738,1.4210056901513972,0
3693,0,1,0,0,0,1,0,28,108.79864840364036,1,0,2.1141872809275566,1.905909781340746,1
3694,0,0,1,0,1,12,0,27,274.07073587217343,11,3,3.2758686027839805,3.325798292954576,0
3695,0,1,0,0,0,1,0,30,118.20225892857636,1,0,1.7677465983848524,1.791925212793931,0
3696,1,1,1,0,0,12,1,29,214.71837327730384,12,1,1.798869084921764,1.6723680291701988,0
3697,0,1,0,0,1,1,1,30,142.63128769902087,1,0,0.9873424148996526,0.0,1
3698,0,1,0,1,1,6,0,31,91.2169229758522,5,11,1.6737452130554389,1.6619478167581454,0
3699,0,1,0,0,1,1,0,33,60.202736613653634,1,1,1.5591614722775913,1.520916645078994,0
3700,0,0,0,0,1,1,0,31,196.14607823495183,1,5,0.5860085132498474,0.5798014873988194,0
3701,0,1,0,0,1,1,0,30,175.8806056540907,1,3,0.6787978172084004,0.6002697188155882,0
3702,0,1,1,0,1,12,0,28,41.220505070255705,12,0,2.7061968858403094,2.9140410852987766,0
3703,0,1,1,0,1,12,1,30,181.1564569876561,12,3,3.4746595249777226,3.649549131981433,0
3704,0,1,1,0,1,1,0,35,236.6614742090576,1,4,4.387361089243203,4.514109860557057,0
3705,1,1,0,0,1,1,1,33,33.45913033372241,1,0,1.8376297278822469,1.4594531269475537,1
3706,0,1,0,0,1,1,0,29,60.88597746920245,1,5,0.0,0.0,1
3707,1,1,1,1,1,1,0,29,0.3621530981063579,1,3,2.994456932379359,2.8101339237488263,0
3708,1,1,0,0,1,12,1,33,127.24537784103764,12,8,1.5303669877365396,1.6335604627188716,0
3709,0,1,1,0,1,12,0,33,166.60490109080283,12,1,3.1243255266211896,3.1556042413482133,0
3710,1,1,0,0,1,1,0,28,218.9793210101596,1,1,1.3981459291021971,0.6555554825077692,1
3711,1,1,0,1,1,1,0,21,274.3483506713299,1,2,2.4154705788866284,1.9983183549974144,1
3712,1,0,1,0,1,12,0,34,120.18333187582388,11,2,1.6990915113684353,1.7609313381803708,0
3713,1,1,0,0,1,1,1,31,60.11956220815193,1,1,0.6131568700561877,0.0,1
3714,1,0,0,0,1,1,1,29,76.52833053094884,1,11,1.8929664230664576,1.971985664503624,0
3715,0,1,0,0,1,12,0,23,149.70677913223082,12,4,0.0,0.0,0
3716,0,1,1,0,1,12,1,31,136.7500381458801,12,6,3.814766281815794,3.723900148458199,0
3717,1,1,0,0,1,1,0,27,62.8018705614254,1,3,2.2436853981965545,0.8241910487843356,1
3718,1,0,1,0,1,1,0,33,134.4534177677098,1,1,1.9602161742422912,1.9832295707012269,0
3719,0,1,0,0,1,6,0,32,60.10700656781641,3,7,2.3361785390190906,2.429859983185689,0
3720,1,1,0,0,1,1,1,25,67.54339095080279,1,0,1.8504870591264488,1.0575989047127825,1
3721,0,1,0,0,1,1,0,24,97.0047886835096,1,1,1.2845671556335028,0.0,1
3722,1,1,0,0,1,1,0,28,162.3447885050194,1,0,1.0417493364854735,1.257552028707761,1
3723,0,0,1,0,1,6,0,25,60.71392668980903,6,1,1.7752052973725394,1.2166412357568936,1
3724,0,1,1,0,1,1,0,34,52.73343816803806,1,11,1.5931248794559376,1.5059001965542174,0
3725,0,1,1,0,1,1,0,36,336.7510851222013,1,6,2.815382105773825,2.9689805897025776,0
3726,1,1,1,0,1,6,0,32,18.50820802355298,6,1,1.4937862987516466,1.206262543215349,1
3727,0,1,1,0,1,6,0,34,242.93877264782373,6,5,3.915676188641672,3.8959595111659113,0
3728,1,1,1,1,1,6,0,25,30.05628296593905,6,4,1.3508005960501654,1.445442536231656,0
3729,1,1,1,0,1,1,0,24,82.89381613604027,1,1,1.4800854280868934,0.5663685891097185,1
3730,0,1,1,1,1,1,0,32,320.22660390645126,1,0,3.0292827945582634,3.1767274310860563,0
3731,1,1,0,0,1,12,1,26,129.4116502426639,12,3,3.640010400181312,3.8609181312702647,0
3732,1,1,0,0,1,1,0,29,81.78368532117129,1,0,1.9632416260490064,1.7212500104952215,1
3733,0,0,0,0,1,1,0,33,226.66119583138536,1,4,1.3113500553727455,1.4903948467347767,0
3734,0,1,1,1,1,6,0,29,273.50845086735444,6,4,2.1980122841628784,2.395981753504872,0
3735,0,0,1,0,1,6,0,31,293.85146551824766,6,4,2.392453905850388,2.4223453680749527,0
3736,1,1,0,0,1,1,0,37,247.9638293813684,1,3,0.2757694094442691,0.1085474130874055,0
3737,1,1,1,1,1,6,1,29,133.97552399615444,6,1,4.0364844490321286,3.96378221704448,0
3738,0,1,0,0,1,1,0,32,215.3953377061472,1,2,2.185458833898956,2.039348066593607,0
3739,0,1,1,1,1,12,1,30,256.57689864872896,9,7,3.5246299041432567,3.4527153787185703,0
3740,1,1,0,0,1,12,1,27,241.6118669553272,12,2,2.8612490552942624,2.747279427487225,0
3741,0,1,0,0,1,12,1,27,352.6913514133232,12,9,0.0,0.0553424400600378,0
3742,1,1,0,0,1,1,1,35,76.35621577434405,1,7,2.1881896121445155,2.128461929715672,0
3743,0,1,1,1,1,12,1,31,166.22082868938205,4,2,2.6548682332427216,2.623629632751136,0
3744,1,1,0,0,1,12,1,29,39.39745457621515,11,11,3.2933902120961385,3.133054777226778,0
3745,1,1,0,0,1,1,0,31,149.02020254276212,1,7,1.142254181808273,0.982939775281443,0
3746,0,1,0,0,1,1,0,28,26.769980661123647,1,1,1.6645288473942672,2.6098635080579973,1
3747,1,1,0,1,1,1,1,32,83.80809570721925,1,3,2.1767184512546773,2.2033105814409906,0
3748,1,1,1,1,1,12,1,31,143.42302668106737,9,10,1.8533939048007968,2.0463455048737464,0
3749,0,1,1,0,1,1,0,31,157.22464472363183,1,3,3.5295527472747104,3.3761840027549948,0
3750,0,1,1,1,1,6,1,32,230.4929193390112,6,9,1.653517720989722,1.5927440641898056,0
3751,1,1,0,0,1,1,0,29,51.12015301163513,1,2,1.750475741574992,1.0671623050894017,1
3752,1,1,0,0,1,6,1,32,115.7542429899104,6,10,0.0,0.2099717529747078,0
3753,1,1,1,1,1,12,0,30,234.65134152261248,10,4,2.7336223438413323,2.754166522443718,0
3754,0,1,0,1,0,1,0,30,101.58777941315051,1,4,2.382862174672084,2.3271665552793497,0
3755,0,1,0,0,1,1,0,31,26.519392036437512,1,6,1.4234940607491595,1.4466485541789644,0
3756,1,1,1,1,1,12,0,31,193.2639415762181,11,7,3.1844887246972458,3.2482784436317003,0
3757,1,1,0,0,1,1,0,34,215.7882885847871,1,1,2.363757058997204,2.156248176227869,0
3758,0,1,1,1,1,6,1,30,147.91791533105504,6,11,2.0517347039759355,2.0208166711079567,0
3759,0,0,1,0,1,6,1,29,90.87621999546288,6,2,1.5494314655467083,1.5732102829265395,0
3760,0,1,0,0,1,12,1,28,106.90594462868472,8,6,2.8571425133076263,2.6993585456285096,0
3761,1,1,0,0,1,1,0,29,50.38736954390106,1,0,1.0929730152367387,0.3037661134681306,1
3762,0,1,0,0,1,1,0,25,178.59872698371242,1,0,1.8379875375457468,1.883401888684808,1
3763,1,1,0,1,1,1,1,36,172.74230275005797,1,3,2.63548484344582,2.6270144241174664,0
3764,0,1,1,1,1,12,0,31,58.46242449426983,11,7,3.6456327755355966,3.707729219551648,0
3765,0,1,1,1,1,1,0,31,40.98716320990478,1,9,1.7911139338773914,1.8410285739420973,0
3766,1,1,0,0,1,6,1,28,156.90784222392753,5,2,4.56888321649385,4.831336242550881,0
3767,1,1,1,1,1,12,0,31,115.73552304187808,11,1,1.7048519540088949,1.7695725401707,0
3768,1,1,0,0,1,1,1,30,352.1114667800297,1,1,1.0977745665463556,1.2923345863658393,0
3769,0,1,0,0,1,12,1,35,178.79730690797925,9,11,2.5240028389071982,2.5255009643838875,0
3770,0,1,1,1,1,12,0,31,78.27333857851222,9,0,1.3921474748532452,1.5856672742380074,0
3771,0,1,1,0,1,1,0,29,275.6548794867922,1,6,2.7806712471827537,2.9974335408076387,0
3772,0,0,0,0,1,1,1,25,120.34990748211408,1,3,1.742737999021979,1.2144111697288529,1
3773,0,1,1,1,1,1,0,30,21.54385391049153,1,6,1.8646824963110744,1.885114790507629,0
3774,1,1,0,0,1,1,0,27,48.959142793110246,1,1,2.860397814928282,2.8436333508669334,0
3775,0,1,1,0,1,12,0,32,7.231454178084108,12,2,3.469823437383881,3.5052618897655163,0
3776,0,1,1,0,1,1,1,27,151.8482204175413,1,11,4.226185337552264,4.185463279471092,0
3777,1,1,0,0,1,1,0,27,308.87606242253537,1,0,1.864253920776328,1.8150926315786933,1
3778,1,1,1,0,1,12,1,30,4.774297407951039,12,2,2.0346186213206203,1.950272928651504,0
3779,1,1,1,0,1,1,1,29,143.80779542573657,1,3,0.7111804902842459,0.741214814842256,0
3780,0,1,1,0,1,6,0,25,9.992834824755963,5,1,3.1380023034833853,3.1213211192051205,1
3781,1,1,1,1,1,12,0,25,228.04075987821324,10,7,2.3849150968920485,2.4216546382688326,0
3782,1,1,1,1,1,12,1,37,37.3715913421149,9,9,1.9592987715692312,1.807746923105699,0
3783,1,0,1,0,1,1,0,30,119.8671636547936,1,0,2.8549268951265514,3.046368797355006,1
3784,1,1,1,1,1,12,1,35,43.53476353898952,12,6,2.7335111497151168,2.5942307582409003,0
3785,1,1,0,1,1,6,1,32,169.9852483119726,6,1,3.504664552284362,3.686428116450616,0
3786,0,1,0,0,1,1,1,26,334.4948731619128,1,8,0.1853763867987732,0.2786450193856619,0
3787,1,1,1,1,1,6,0,24,20.977590030783123,6,5,1.6974206190558183,1.6652490216914462,0
3788,1,1,1,1,1,12,1,28,184.95496123983705,12,1,3.41575825539614,3.654250717314641,0
3789,1,0,0,0,1,1,0,33,197.0895662900957,1,2,1.518531612399193,1.459388850631853,0
3790,1,1,0,0,1,1,1,29,48.34531006939388,1,3,0.7031422809622803,0.7687617020894789,0
3791,0,1,0,0,1,1,1,24,43.96998860256199,1,9,2.503552423084539,2.496937404740499,0
3792,1,1,1,1,1,1,1,34,71.54279786512949,1,2,4.248851062657368,4.36427770383163,0
3793,0,1,1,0,1,1,0,27,91.1787201935725,1,5,2.3480422317117338,2.3089472541217884,0
3794,0,1,0,0,1,1,1,30,169.01137084506274,1,9,2.537157021157041,2.4518853375074303,0
3795,0,1,0,0,1,1,1,33,336.2258693715655,1,2,0.6616601312509929,0.5168130531085584,0
3796,1,1,0,1,1,6,0,28,284.0466649083009,6,6,1.0055933643948818,0.9523102743323476,0
3797,0,1,1,0,1,12,0,21,170.05296906793228,12,0,2.2846703759371243,2.0834537196581406,1
3798,1,1,0,0,1,1,0,26,290.2489636475188,1,5,1.5199311880784991,1.661034614903157,0
3799,1,1,1,1,1,12,1,31,173.5511302976902,5,3,3.0001626013317138,3.111820360755127,0
3800,1,0,0,0,1,1,1,31,424.07081667113033,1,2,2.325127983689414,2.26724085798868,0
3801,1,1,1,0,1,1,0,26,92.67190306702032,1,2,0.7749876774809344,0.0,1
3802,1,1,1,0,0,6,0,31,141.16015316800176,6,3,1.7046360639506883,1.8013059352390686,0
3803,1,1,1,1,1,6,1,30,187.8320617699841,6,3,1.8748207910372243,1.822118189204959,0
3804,0,1,0,0,1,1,0,25,168.31359762674924,1,0,0.935406948294018,0.3622837103720716,1
3805,1,1,1,1,1,1,0,36,210.0790247156144,1,3,2.273008962805448,2.2658096950035285,0
3806,0,0,1,0,1,6,0,28,128.57894136495872,6,1,2.183966233285976,2.301610958666575,1
3807,0,1,0,0,1,12,0,26,41.4372718797149,6,1,1.6715906964320733,1.7027748326841106,1
3808,1,1,0,0,1,1,0,35,203.63778436292665,1,1,2.342536816464333,2.315428997813373,0
3809,0,1,1,1,0,12,0,27,260.6426671024405,12,3,0.7580531670061232,0.6326216596426009,0
3810,1,0,0,0,1,1,1,31,52.25241656649904,1,0,1.943065457994348,1.8124052408348508,1
3811,1,1,1,0,1,1,1,33,149.92265198249467,1,0,0.545473098928652,0.4835239749218715,0
3812,1,1,1,1,1,6,1,30,252.5022066742038,6,6,1.7473773429498396,1.752409449174224,0
3813,0,1,1,1,1,6,1,35,384.40920282059614,6,1,0.9792356164031222,0.9632919497773934,0
3814,0,1,1,1,1,1,0,29,216.6928323270664,1,3,3.1472797534265124,3.1247433202666413,0
3815,0,1,0,0,1,12,0,31,147.36510432589472,12,6,1.7147384548541813,1.6232025592947268,0
3816,0,1,1,1,1,1,1,29,37.958713834695104,1,8,2.770844775546217,2.6362822561857504,0
3817,0,1,1,1,1,1,0,29,311.1339598335244,1,6,0.6468085385552744,0.6186102058610936,0
3818,1,1,1,1,1,6,0,30,29.49392247232273,6,6,2.2853153237217683,2.389732362807542,0
3819,0,1,0,1,1,1,1,31,314.00229784570683,1,7,3.57981178530531,3.5917924430454664,0
3820,0,1,1,1,1,12,0,33,237.37653218894408,12,3,1.3535745489466648,1.4217934978408018,0
3821,1,1,1,0,1,1,0,31,176.67330033160272,1,11,3.4229193577038384,3.455214796746353,0
3822,0,1,0,0,1,1,1,27,89.73072961434883,1,1,1.6721762049911555,1.7777851100360729,1
3823,1,1,1,0,1,12,0,33,170.9885087875038,12,7,1.312776751985147,1.4500723677238332,0
3824,0,0,0,0,1,1,0,30,35.68910373061878,1,2,2.248898689755588,2.3113550078902434,0
3825,1,1,1,0,1,12,0,33,3.351133579333564,11,1,1.3167585652387226,1.2128605286106593,0
3826,1,1,0,0,1,1,0,28,32.029892399865886,1,11,3.731020336086362,3.809599535381705,0
3827,1,1,0,0,1,6,1,30,212.5601275351078,6,2,2.230868037977302,2.266767570506369,0
3828,0,0,0,0,1,1,0,25,194.2244204893001,1,0,1.2665659212187124,0.5527022987052969,1
3829,0,0,1,0,1,1,0,28,350.2309668405017,1,8,0.7730015144339717,0.8660779554989736,0
3830,1,1,0,0,1,1,0,25,88.34965489665136,1,0,1.8692527427455183,1.5678808635472592,1
3831,1,1,1,0,1,1,1,29,245.50258275904548,1,1,1.7660821348587306,1.4597377301362655,1
3832,0,1,1,1,1,12,1,30,41.404023304064296,10,5,1.528145565867719,1.3577805856415648,0
3833,0,1,0,0,1,1,1,22,64.20313115994179,1,0,1.3477081277794043,0.0554023718046605,1
3834,0,1,1,1,1,12,0,29,124.62951700988316,10,5,2.7466765358188123,2.719588028272077,0
3835,1,1,0,1,1,1,0,27,57.16470387904282,1,3,2.1711759005118,2.200318681692613,0
3836,1,1,1,0,1,12,1,34,177.3318866957959,2,11,1.5203591515755743,1.4536363674956148,0
3837,0,0,1,0,1,1,0,30,265.0723355455302,1,3,2.8721422885691528,2.8114392822897263,0
3838,0,1,1,0,1,6,0,26,81.82808294157567,6,2,0.0,0.0,1
3839,1,0,0,0,1,1,1,28,210.9343620958154,1,2,0.6878035760791017,0.0,1
3840,1,1,1,0,1,1,1,32,238.7294425929849,1,1,1.3466839476599932,1.3843916970473698,0
3841,0,1,1,1,0,12,1,29,139.46263197080054,12,3,3.7097246217996833,3.7016092594859695,0
3842,1,0,0,0,0,1,0,34,70.75214884028384,1,11,1.2281051768407254,1.3051988113546853,0
3843,1,0,1,0,1,1,0,27,38.079166621062974,1,1,1.6578641747322098,0.7712520849868091,1
3844,0,1,1,1,1,12,1,29,68.82402801918195,12,2,1.7228431586436743,1.7079531273239938,0
3845,0,0,0,0,1,6,0,33,145.26880126508846,6,3,0.8117554319162408,0.7578959384867778,0
3846,1,0,0,0,1,12,0,29,74.39221083118746,8,2,2.3868099615676965,2.310855489696817,0
3847,1,1,0,1,0,6,0,36,25.1822023282986,5,4,1.1807603401772786,1.1797808119700948,0
3848,0,1,1,1,1,12,1,29,108.07113961218984,12,10,2.5148108541176866,2.3937434150543737,0
3849,1,1,1,1,1,12,0,28,5.219340515827781,10,11,3.0750858195502384,3.1298279871210406,0
3850,0,1,0,0,1,6,1,30,206.4217911773812,6,10,3.1330608251953467,3.0151753064164084,0
3851,1,1,1,1,1,1,1,27,143.45398646710203,1,5,0.5372393110302593,0.4899528853596908,0
3852,1,1,0,0,1,12,1,27,256.6437292721175,9,6,0.7563793557614511,0.6560873929019129,0
3853,1,1,1,1,1,12,1,24,398.39514986912553,12,4,1.1804068124555358,1.3138990476535286,0
3854,1,0,1,1,1,6,0,31,305.4336349791938,6,2,2.481952671229573,2.342917413889661,0
3855,0,1,0,0,1,1,0,25,100.80647082971822,1,3,2.681434889165532,2.5320910129061303,1
3856,1,1,1,1,1,12,0,28,64.6429133059742,12,1,2.555142338625953,2.402152499054508,0
3857,1,1,1,1,1,6,0,31,104.26664820081716,4,11,1.7125960178211432,1.7306504877437778,0
3858,1,1,1,1,1,6,1,32,247.39626964490293,5,1,1.7176463350671636,1.7548952786641785,0
3859,1,1,0,0,0,12,1,36,172.28392993362868,10,4,2.7839757702408336,3.0332919952623683,0
3860,1,1,0,0,1,12,1,24,207.6111697092712,11,1,1.5860087121556157,1.4899994921147166,0
3861,1,1,0,0,1,1,0,26,67.91361202217685,1,3,1.9465260467324603,1.9969592918270207,0
3862,0,1,0,0,1,1,0,29,9.569326533618124,1,0,2.3118486331838897,2.2947499851563986,1
3863,1,1,0,0,1,6,0,28,143.34347847948953,6,1,2.4309729178337443,2.454390298790825,0
3864,1,1,1,0,0,1,1,27,157.1239211794612,1,11,1.3405941878141852,1.099388660613719,0
3865,1,1,1,1,1,1,0,29,126.02301396024868,1,1,2.2390405077907363,1.819948784353548,1
3866,1,1,1,0,1,6,0,29,41.18542875709708,6,1,1.9574357800933213,1.961646423680052,0
3867,0,1,0,0,1,1,0,34,8.739327193274526,1,0,2.093033808947472,2.0513868672375706,0
3868,1,0,0,0,1,1,1,25,297.17525410701745,1,7,1.998146404217724,1.968359844075091,0
3869,1,1,0,0,1,1,0,22,36.42945536862858,1,1,1.80948421598954,1.34011464522016,1
3870,0,1,1,1,1,12,1,30,424.07081667113033,12,3,2.4991153282872527,2.4004919258499737,0
3871,0,1,0,0,0,1,1,24,85.76724843702486,1,0,0.7861322994298774,0.0,1
3872,0,1,1,1,0,1,0,31,127.80173239259555,1,3,2.6329024959610856,2.7054218572901823,0
3873,1,1,1,1,0,12,1,33,103.22677898351152,11,5,1.5641311861109597,1.810101762979288,0
3874,0,0,0,0,1,1,0,30,102.34100476285651,1,0,0.3776502195900997,0.0,1
3875,1,1,1,0,1,1,0,29,2.3733692624797555,1,1,1.84499776722836,1.4770504338824757,1
3876,0,1,0,0,1,12,0,27,241.8388734114339,9,5,2.529121725981869,2.591788976696319,0
3877,0,1,0,0,1,1,1,27,142.8420796884096,1,0,2.05612182163883,1.4785684805532198,1
3878,1,1,0,0,1,12,1,33,203.25753965952987,12,1,3.3133608741558427,3.1949634984467186,0
3879,1,1,0,0,1,1,1,31,273.51656061524966,1,5,1.8759328367806576,1.837224131719688,0
3880,0,1,1,0,1,1,1,34,92.43200584140943,1,9,3.092172614433641,3.0186286325282827,0
3881,0,1,0,0,1,1,1,25,143.63329782701388,1,1,2.1587574823588995,0.575407252971269,1
3882,0,1,1,0,1,1,0,26,61.51816695249109,1,0,3.0750963077172027,2.4259530030718284,1
3883,1,1,0,0,1,1,0,26,0.682228209858522,1,3,1.5714531090768395,1.6379023914040558,1
3884,1,1,1,1,1,12,0,31,202.98928247042744,12,3,3.8740444107823886,3.864964778105651,0
3885,0,1,0,0,1,1,0,28,245.42345253470108,1,1,0.2999834888698625,0.0,1
3886,1,0,0,0,1,1,0,28,0.9722496017189286,1,1,1.1194012695683384,1.3289186798303427,1
3887,1,1,1,0,1,6,0,26,187.86367891444584,2,1,1.0243149075937428,0.3145820263228982,1
3888,1,0,1,0,1,1,0,23,80.80762571230339,1,1,2.008768853842281,1.8083236020471285,1
3889,0,1,0,0,1,1,0,31,142.16804942496768,1,3,2.6207307410437592,2.5642431988592973,0
3890,1,1,1,1,1,12,0,26,85.32573271538796,3,4,1.766439401394429,1.6757912260736731,0
3891,1,1,1,1,1,6,1,35,181.8877308210831,6,2,2.5568872608410245,2.5978481452969904,0
3892,0,1,1,1,1,12,0,26,165.87698135064218,11,10,3.2753136518619828,3.1220953657182053,0
3893,1,1,1,0,1,1,0,26,424.07081667113033,1,1,2.624927715131608,2.718264174199497,0
3894,0,1,0,0,1,1,0,25,76.8821994811172,1,0,1.6867926372849449,1.1377743448871185,1
3895,1,1,0,1,1,12,1,32,18.12477837943948,12,3,0.5041338973806966,0.4525413274206438,0
3896,1,1,0,0,1,1,1,30,21.152365712574166,1,6,0.0,0.0,0
3897,0,1,1,0,1,1,0,26,139.21145185770604,1,0,1.6593176791565731,1.473797785971382,1
3898,1,1,1,1,1,12,0,32,118.22178309048375,11,3,4.062009484418188,3.925523592081829,0
3899,1,1,1,0,1,12,0,30,114.2608200195456,12,10,1.2701346857531433,1.5312135307614327,0
3900,0,0,1,0,1,1,0,30,165.61685791308986,1,1,2.126841322981253,1.1212046625690797,1
3901,0,1,0,0,1,1,0,26,25.75320938632356,1,0,1.2148703990738197,0.7869952865156074,1
3902,0,0,0,0,1,1,1,32,169.59923291226568,1,2,2.166626974310389,2.1106325590577653,0
3903,0,0,1,0,1,12,1,32,150.83580617052198,10,11,2.730232367317971,2.844504057373562,0
3904,1,1,0,0,1,6,0,26,156.01458133679046,6,1,2.201649173707446,1.3554112315189506,1
3905,1,0,1,0,1,1,0,32,88.58310610323385,1,3,0.9864569853132372,0.8737505518480998,0
3906,1,1,1,1,1,12,1,32,144.75187869057746,12,4,1.4012327622946097,1.3610716922962371,0
3907,1,1,0,0,0,1,0,30,193.74897670785447,1,2,1.1593904495458058,1.1301102602301756,0
3908,1,1,1,1,1,12,0,29,103.04803191413698,11,2,2.6980532347014097,2.7084958678067346,0
3909,1,1,0,0,1,1,0,21,232.3065385844048,1,0,0.3226210407506422,0.7881732894287704,1
3910,1,1,1,0,1,6,0,34,138.62677849765936,5,7,2.0033745473559943,2.0816683583994564,0
3911,0,1,0,0,1,1,1,31,210.3011779284616,1,1,2.4071789082698003,1.1489517762582384,1
3912,0,1,0,0,1,6,1,24,134.76619298803806,6,0,2.4487576558587287,2.139387814610692,1
3913,1,1,1,1,1,12,1,29,194.3831646796184,8,1,4.545335192003546,4.525254665502667,0
3914,1,1,0,0,1,1,1,34,148.5793841010333,1,2,2.9727742187608985,3.0963530438813938,0
3915,0,1,1,0,0,1,0,30,122.23860731431296,1,3,0.0,0.3594509123748089,1
3916,1,1,1,0,1,1,1,30,74.89771991136227,1,11,0.8530215832591771,0.6997469933689497,0
3917,1,1,0,1,1,1,1,28,65.55278338485238,1,0,2.0805470636045293,2.2244512895206343,0
3918,1,1,1,0,0,12,0,33,205.4966105087761,12,2,0.5430049925141467,0.566155580042234,0
3919,0,0,0,0,1,1,1,23,124.32349034275556,1,1,2.0602269939203337,1.7177195488074075,1
3920,0,1,1,0,1,12,1,33,258.76669735336486,6,1,2.6517488491773418,2.6079459962702183,0
3921,1,1,1,0,1,12,1,27,83.58216533095649,11,2,2.653366631301532,2.5082878277569503,0
3922,0,1,0,1,1,1,0,25,162.84564999270182,1,2,1.0655272374528542,0.1364795431324175,1
3923,0,1,0,0,1,1,0,32,133.2654605764576,1,11,3.3261247350763163,3.3645396310178373,0
3924,1,1,1,0,1,1,0,32,131.40536342234532,1,10,1.7006818421533312,1.7628948146627148,0
3925,1,1,1,1,0,1,0,31,91.41000560129072,1,3,3.3789610929671983,3.300611856554689,0
3926,1,0,0,0,1,1,0,31,9.593523668029029,1,11,2.131718038863307,2.147013017120832,0
3927,0,1,0,0,1,1,0,33,97.3641210131068,1,2,1.7070460560183651,1.6307002081629935,0
3928,1,1,1,0,1,6,1,28,227.76714616824088,6,4,1.1302262473732894,1.125771290028106,0
3929,0,1,1,1,1,6,1,30,50.87450732311054,6,10,1.6930182133464324,1.7125722696248058,0
3930,0,1,0,0,1,12,1,27,15.558585818173215,12,6,0.8085820919371076,0.8979518006047,0
3931,1,1,1,1,1,12,1,27,1.024875778616746,10,2,0.6142957307805883,0.5930365318307258,0
3932,1,1,1,0,1,6,1,32,69.97022194936274,6,4,2.59406816595338,2.51994867778492,0
3933,1,1,0,0,1,1,0,34,40.585638724135926,1,1,1.4323087883460497,0.2347055065975077,1
3934,1,1,0,0,1,6,1,28,49.93936853811013,6,5,1.4104459383318666,1.3020230168345306,0
3935,0,1,1,0,1,6,0,32,192.3852789022296,6,7,1.965493201263719,1.9352551348259803,0
3936,0,1,1,1,1,6,0,33,287.4646513071305,6,11,2.27463006434162,2.2421927736551592,0
3937,1,1,1,1,0,6,0,33,25.72789776235608,5,3,1.8151847257205591,1.6045017617179214,0
3938,0,1,1,1,1,1,0,30,196.076021426716,1,1,3.252623448508342,3.3041275529714467,0
3939,0,1,0,0,1,6,0,29,112.15477486669327,6,3,2.1861841583490755,1.5508264624034864,1
3940,0,1,0,0,0,1,0,27,13.091703600934634,1,1,2.239540800362476,1.3999455963270482,1
3941,1,1,0,0,1,1,0,31,194.3900234308408,1,1,2.7636250143361125,2.8065746466653634,0
3942,0,0,1,1,1,1,1,27,381.7887330780626,1,0,1.3926343107856294,1.5400108663938936,0
3943,0,1,0,0,1,1,0,28,424.07081667113033,1,2,0.7639119255394844,0.6605455208657438,0
3944,0,0,0,0,1,6,0,28,51.63458871769427,6,5,3.230965582330017,3.3248972315889835,0
3945,1,1,0,0,1,6,1,37,140.82926998870218,6,9,1.9950934468755883,1.9467260726594824,0
3946,0,1,0,0,1,1,0,31,139.66526582851327,1,0,1.162559573400769,1.0014959153056522,1
3947,0,1,0,1,0,1,0,30,43.59149700347096,1,1,3.634475263452349,3.6418533268112654,0
3948,0,0,1,0,1,1,0,29,255.90537498026129,1,1,1.5729225005321277,1.2288185143178527,1
3949,0,1,1,1,0,6,1,29,272.62242724902745,6,8,3.1531046335658504,3.1306840620450007,0
3950,1,0,1,0,1,1,0,27,146.38370559564785,1,0,1.1510480719775211,0.8481427382846229,1
3951,0,1,0,0,1,1,1,25,128.86519647898524,1,0,1.70801016194025,0.7901576116468142,1
3952,1,1,0,0,1,1,1,30,207.6167954717956,1,2,2.308360974463754,1.7610975971735516,1
3953,0,1,1,0,1,12,1,29,79.70814219717711,6,3,2.1294027272452616,2.239949630014716,0
3954,0,0,1,0,1,1,1,33,412.60884842815534,1,7,0.8246827892592392,0.7744220607220229,0
3955,0,0,1,0,1,1,1,29,33.06134638921007,1,9,1.1874392332039698,1.2212253937478723,0
3956,1,1,0,0,1,6,0,28,115.77454029190906,6,2,1.1644171735608475,0.523379124769634,1
3957,0,1,0,0,1,1,1,34,400.00476021901534,1,5,1.2951591223768912,1.392137778933646,0
3958,1,0,1,0,1,1,0,27,8.000713840778246,1,0,0.104018576978931,0.0,1
3959,1,1,1,1,1,12,0,30,1.5001163814980532,12,2,2.766293463323667,2.7843061836500085,0
3960,0,1,0,0,1,6,0,26,81.23249556738341,6,11,2.2844645852393377,2.2701968475627075,0
3961,1,1,1,0,1,1,0,28,14.7382813514659,1,4,0.0405876625295573,0.0394822931461452,0
3962,1,1,0,1,1,1,1,32,5.927021444210683,1,1,2.5416126034048263,2.4314705568992774,0
3963,1,0,1,1,1,1,0,29,224.0996624281296,1,8,2.5395462259157062,2.653997361904248,0
3964,0,1,0,0,1,1,0,32,178.56761472566342,1,2,0.4787570785967441,0.694167687830635,0
3965,0,1,0,0,1,1,1,25,45.80926187268282,1,0,1.580621115007586,1.5891506324883498,1
3966,0,1,0,0,1,1,0,34,219.671414598562,1,7,2.549299065624948,2.6188911371004155,0
3967,1,1,0,0,1,1,0,30,86.98780289504877,1,0,0.2207064506000782,0.0,1
3968,1,1,0,0,1,12,1,27,161.2922812884629,12,9,3.8374797473732247,3.9500118502852097,0
3969,1,1,1,1,1,6,1,34,253.8153680221585,5,11,1.6219631356294348,1.6644469258582175,0
3970,0,1,0,0,1,6,0,30,147.1258836578668,6,3,1.4715114105435805,1.485912858150122,0
3971,0,1,1,1,1,1,1,30,64.45272484316074,1,6,1.8255013535392848,1.9644349099024097,0
3972,1,1,0,0,1,1,0,27,60.63624323322423,1,0,0.7551270745890979,0.0,1
3973,1,1,1,0,1,12,1,32,49.75736833690525,8,3,2.951439483302811,2.963552369596953,0
3974,1,1,0,0,1,1,1,30,136.73246787619814,1,11,2.093223125301269,2.0811314596000403,0
3975,0,0,0,0,1,1,0,28,123.86940960693754,1,2,0.4984460324909179,0.3718108877006612,1
3976,0,1,0,0,1,1,0,23,261.14304634061244,1,8,2.7460266382568284,2.768481199428075,0
3977,1,1,0,0,1,1,0,28,104.472327187594,1,0,1.3100440765955734,1.0551811638961874,1
3978,1,1,0,0,1,1,0,29,93.81709154986775,1,0,0.4448369627921744,0.0,1
3979,1,1,0,0,1,1,0,32,267.99236703718947,1,5,3.3662508766767347,3.466298732545136,0
3980,1,1,0,0,1,6,1,31,195.0763030622758,6,11,2.5207742413112744,2.6454309066367574,0
3981,1,1,0,0,0,1,1,28,68.13645554011535,1,3,2.2399669297681566,2.29973913170267,0
3982,1,1,0,0,1,12,1,31,105.64766231760348,12,4,0.5942881190641731,0.5450680770885687,0
3983,1,1,0,0,1,1,0,24,135.3957116214682,1,0,1.3902506063736928,0.7893214565878559,1
3984,1,1,0,1,1,1,1,31,44.68595140160929,1,1,0.0,0.0,0
3985,1,1,0,0,1,6,1,22,101.10754412192864,6,2,1.3778597107471455,0.3439152996098382,1
3986,0,1,1,1,1,12,1,29,13.328842846511977,9,2,2.1869400766269407,2.3513171469513283,0
3987,0,1,1,1,1,1,1,34,226.80484478207103,1,0,1.3995287124213105,0.304130231918988,1
3988,1,1,1,0,1,6,0,33,113.38342139903082,6,8,3.620360206759076,3.4348058700959,0
3989,0,1,0,0,1,12,1,25,33.11852870236497,12,2,0.7981690754506456,0.9555258294044652,0
3990,0,1,1,0,1,6,1,30,172.68329443707637,5,6,2.2250145107060897,2.267793727073591,0
3991,1,0,1,0,1,12,0,33,31.77114703343993,8,10,1.831577300867406,1.9245087682501727,0
3992,1,0,1,0,1,6,0,33,69.30126955123839,6,1,1.3672888170557456,1.4357205955881904,0
3993,0,1,1,1,1,12,0,31,223.1024484793248,8,4,3.8559158736511385,3.797062439609829,0
3994,0,1,1,0,1,1,0,33,231.7786277732758,1,3,1.4187910014963796,1.4504416522703951,0
3995,1,1,0,0,1,1,0,26,31.066720662788924,1,1,1.1574505234749584,0.2695965736483236,1
3996,1,1,1,0,1,12,0,33,2.406023033473062,12,8,2.28449743543651,2.3490699251786364,0
3997,0,1,0,0,1,1,1,29,68.88376396482825,1,1,1.277168289948302,0.2928588693759281,1
3998,1,1,1,1,1,12,0,28,78.25054157456312,11,2,2.7861463628542094,2.8314394988262594,0
3999,0,1,1,1,1,6,0,32,61.91265691299797,5,3,1.6301081448164971,1.5962366400421395,0
4000,1,0,1,0,0,12,1,30,178.86181361265054,12,1,1.1018322113871908,1.0352697564713114,0
